Class	Property	Count	Min. Ann.	Max. Ann.	Min	Max	Mean	0	1	2	3	4	5	6	7	8	9	10	11	12	13
dbo:Award	dbo:wikiPageWikiLink	47665	M0	ANY	0	3401	72.94941781	0.04626	0.00015	0.00315	0.00342	0.00453	0.00575	0.0082	0.00839	0.00938	0.01118	0.01198	0.01242	0.01362	0.01173
dbo:Award	rdf:type	47665	M1	ANY	1	49	10.02857443	0	0.06946	0.09919	0.10658	0.07781	0.06476	0.04175	0.02736	0.02008	0.01752	0.01886	0.02327	0.04057	0.03739
dbo:Award	owl:sameAs	47665	M0	ANY	0	123	9.01963705	0.04767	0.00657	0.03403	0.31105	0.13752	0.08065	0.05148	0.03793	0.0312	0.02375	0.02182	0.01647	0.01477	0.01372
dbo:Award	dc:subject	47665	M0	ANY	0	139	7.514276723	0.05115	0.09777	0.12781	0.11996	0.0826	0.06583	0.05071	0.04597	0.04085	0.03604	0.03262	0.02925	0.027	0.02429
dbo:Award	dbp:wikiPageUsesTemplate	47665	M0	ANY	0	150	7.225847058	0.06355	0.07643	0.09919	0.10276	0.09185	0.08398	0.07387	0.06441	0.05237	0.04393	0.03684	0.02973	0.02444	0.02138
dbo:Award	dbo:wikiPageWikiLinkText	47665	M0	ANY	0	331	4.373754327	0.02304	0.32118	0.19184	0.12177	0.08256	0.05671	0.0403	0.02914	0.02262	0.01769	0.01299	0.00992	0.00879	0.00743
dbo:Award	dbo:wikiPageExternalLink	47665	M0	ANY	0	533	2.214434071	0.35242	0.25232	0.143	0.0801	0.04737	0.03164	0.02194	0.01502	0.01104	0.0077	0.00673	0.00508	0.0043	0.00271
dbo:Award	dbo:wikiPageOutDegree	47665	M1	M1	0	1	0.953781601	0.04622	0.95378	0	0	0	0	0	0	0	0	0	0	0	0
dbo:Award	dbo:wikiPageRevisionID	47665	M1	M1	0	1	0.953781601	0.04622	0.95378	0	0	0	0	0	0	0	0	0	0	0	0
dbo:Award	rdfs:label	47665	M1	M1	0	1	0.953781601	0.04622	0.95378	0	0	0	0	0	0	0	0	0	0	0	0
dbo:Award	prov:wasDerivedFrom	47665	M1	M1	0	1	0.953781601	0.04622	0.95378	0	0	0	0	0	0	0	0	0	0	0	0
dbo:Award	foaf:isPrimaryTopicOf	47665	M1	M1	0	1	0.953781601	0.04622	0.95378	0	0	0	0	0	0	0	0	0	0	0	0
dbo:Award	dbo:wikiPageID	47665	M1	M1	0	1	0.953781601	0.04622	0.95378	0	0	0	0	0	0	0	0	0	0	0	0
dbo:Award	dbo:wikiPageLength	47665	M1	M1	0	1	0.953781601	0.04622	0.95378	0	0	0	0	0	0	0	0	0	0	0	0
dbo:Award	dbo:abstract	47665	M1	M1	0	1	0.931270324	0.06873	0.93127	0	0	0	0	0	0	0	0	0	0	0	0
dbo:Award	rdfs:comment	47665	M1	M1	0	1	0.931270324	0.06873	0.93127	0	0	0	0	0	0	0	0	0	0	0	0
dbo:Award	gold:hypernym	47665	M0	M1	0	1	0.721871394	0.27813	0.72187	0	0	0	0	0	0	0	0	0	0	0	0
dbo:Award	foaf:name	47665	M0	ANY	0	23	0.717696423	0.48379	0.34944	0.13687	0.02721	0.0017	0.00061	0.00021	0.00006	0	0.00002	0.00004	0	0.00002	0
dbo:Award	dbp:name	47665	M0	M1	0	49	0.690716459	0.44064	0.45436	0.0993	0.00399	0.00042	0.00008	0.00004	0.00008	0.00004	0.00004	0.00006	0	0.00008	0.00004
dbo:Award	dbp:title	47665	M0	M1	0	149	0.442987517	0.86449	0.07777	0.02291	0.009	0.00558	0.00348	0.00239	0.00149	0.0012	0.00073	0.00109	0.00082	0.00092	0.00082
dbo:Award	dbo:birthPlace	47665	M0	M1	0	6	0.381453897	0.78343	0.09439	0.0847	0.03306	0.00371	0.00065	0.00006	0	0	0	0	0	0	0
dbo:Award	dbp:birthPlace	47665	M0	M1	0	5	0.356278192	0.76459	0.14705	0.05912	0.0262	0.00283	0.00021	0	0	0	0	0	0	0	0
dbo:Award	dbo:thumbnail	47665	M0	M1	0	1	0.342368614	0.65763	0.34237	0	0	0	0	0	0	0	0	0	0	0	0
dbo:Award	foaf:depiction	47665	M0	M1	0	1	0.342368614	0.65763	0.34237	0	0	0	0	0	0	0	0	0	0	0	0
dbo:Award	dce:description	47665	M0	ANY	0	4	0.283163747	0.85813	0.00063	0.14119	0.00002	0.00002	0	0	0	0	0	0	0	0	0
dbo:Award	dbo:birthDate	47665	M0	M1	0	2	0.27435225	0.72968	0.2663	0.00403	0	0	0	0	0	0	0	0	0	0	0
dbo:Award	dbp:caption	47665	M0	M1	0	17	0.269610826	0.76175	0.21437	0.02058	0.00197	0.0004	0.00029	0.00021	0.00019	0	0.0001	0.00002	0.00004	0.00002	0
dbo:Award	foaf:homepage	47665	M0	M1	0	8	0.258344697	0.75177	0.23873	0.00919	0.00017	0.00006	0.00006	0	0	0.00002	0	0	0	0	0
dbo:Award	dbp:genre	47665	M0	ANY	0	13	0.255302633	0.88872	0.05155	0.02192	0.01529	0.01024	0.00606	0.0034	0.00132	0.00078	0.00044	0.00017	0.00002	0.00006	0.00002
dbo:Award	dbp:birthDate	47665	M0	M1	0	5	0.251358439	0.7498	0.24947	0.00048	0.0001	0.00013	0.00002	0	0	0	0	0	0	0	0
dbo:Award	dbo:award	47665	M0	ANY	0	34	0.242169307	0.92877	0.01882	0.01406	0.01133	0.00875	0.00686	0.00407	0.00266	0.00145	0.00107	0.0008	0.00048	0.00029	0.00006
dbo:Award	dbo:genre	47665	M0	ANY	0	15	0.22567922	0.91058	0.03136	0.02184	0.01559	0.00965	0.00552	0.00298	0.00115	0.00069	0.0004	0.0001	0.00004	0.00004	0.00002
dbo:Award	dbo:occupation	47665	M0	ANY	0	30	0.208643659	0.89105	0.05742	0.02734	0.01305	0.006	0.00245	0.00151	0.00042	0.00019	0.00021	0.00006	0.00002	0.00006	0
dbo:Award	dbp:awards	47665	M0	ANY	0	41	0.207804469	0.92907	0.03082	0.01047	0.00856	0.00621	0.00514	0.00313	0.00237	0.00138	0.00086	0.00065	0.00048	0.00031	0.00002
dbo:Award	dbp:occupation	47665	M0	ANY	0	16	0.188440155	0.86	0.11526	0.01156	0.00734	0.00315	0.00168	0.00059	0.00021	0.00008	0.00004	0.00002	0.00004	0	0
dbo:Award	dbp:length	47665	M0	M1	0	65	0.179292982	0.97642	0.00944	0.00252	0.00088	0.00057	0.00042	0.0004	0.00034	0.00038	0.00055	0.00065	0.00061	0.00082	0.00073
dbo:Award	dbo:birthYear	47665	M0	M1	0	2	0.17522291	0.82545	0.17388	0.00067	0	0	0	0	0	0	0	0	0	0	0
dbo:Award	dbp:years	47665	M0	M1	0	40	0.172600441	0.9272	0.03636	0.01372	0.0094	0.00497	0.0029	0.0017	0.00136	0.00076	0.00048	0.00027	0.00029	0.00015	0.00006
dbo:Award	dbp:label	47665	M0	ANY	0	63	0.167019826	0.93081	0.03548	0.01158	0.00713	0.00579	0.00304	0.00248	0.00149	0.00078	0.00052	0.00031	0.00015	0.00017	0.00006
dbo:Award	foaf:givenName	47665	M0	M1	0	2	0.16494283	0.83976	0.15554	0.0047	0	0	0	0	0	0	0	0	0	0	0
dbo:Person	dbo:wikiPageWikiLink	1767272	M0	ANY	0	3729	25.93144179	0.22098	0.00007	0.00031	0.00112	0.00222	0.00425	0.00705	0.01257	0.01571	0.01912	0.02165	0.02315	0.02329	0.02371
dbo:Person	rdf:type	1767272	M1	ANY	1	63	11.66141828	0	0.06028	0.01269	0.01036	0.01069	0.00963	0.00985	0.00735	0.00576	0.06502	0.05033	0.25452	0.08543	0.09195
dbo:Person	dc:subject	1767272	M0	ANY	0	241	6.139965438	0.22139	0.01061	0.02259	0.05742	0.08584	0.09668	0.09525	0.0807	0.0673	0.05459	0.04347	0.0335	0.02674	0.02086
dbo:Person	dbp:wikiPageUsesTemplate	1767272	M0	ANY	0	254	5.433079911	0.22341	0.01778	0.05125	0.08183	0.08917	0.09102	0.09204	0.07993	0.06362	0.04786	0.03729	0.02866	0.0223	0.01698
dbo:Person	owl:sameAs	1767272	M0	ANY	0	127	4.354713366	0.22581	0.00048	0.02463	0.32973	0.13981	0.07581	0.04658	0.03237	0.02332	0.01756	0.01344	0.01049	0.00831	0.00668
dbo:Person	dbo:wikiPageWikiLinkText	1767272	M0	ANY	0	511	1.569533156	0.20629	0.45115	0.19731	0.07245	0.02975	0.01451	0.00807	0.00504	0.00331	0.00234	0.0016	0.0013	0.00103	0.00078
dbo:Person	foaf:name	1767272	M1	ANY	0	1175	1.479583222	0.1646	0.34532	0.39787	0.08226	0.00806	0.00071	0.00037	0.00014	0.00007	0.00004	0.00003	0.00002	0.00005	0.00002
dbo:Person	dbo:wikiPageExternalLink	1767272	M0	ANY	0	707	1.162457166	0.58994	0.17632	0.09567	0.04999	0.02834	0.01719	0.01122	0.00749	0.00516	0.00376	0.00278	0.00212	0.00168	0.00127
dbo:Person	dbp:name	1767272	M0	ANY	0	1176	1.013392392	0.33548	0.3904	0.26486	0.00569	0.00096	0.0004	0.00037	0.00023	0.00023	0.00015	0.00013	0.00011	0.00012	0.00008
dbo:Person	dce:description	1767272	M0	ANY	0	15	0.973043199	0.50994	0.00741	0.48247	0.00002	0.00015	0	0	0	0	0	0	0	0	0
dbo:Person	dbo:wikiPageOutDegree	1767272	M1	M1	0	2	0.77904816	0.22095	0.77905	0	0	0	0	0	0	0	0	0	0	0	0
dbo:Person	dbo:wikiPageRevisionID	1767272	M1	M1	0	2	0.77904816	0.22095	0.77905	0	0	0	0	0	0	0	0	0	0	0	0
dbo:Person	prov:wasDerivedFrom	1767272	M1	M1	0	2	0.77904816	0.22095	0.77905	0	0	0	0	0	0	0	0	0	0	0	0
dbo:Person	dbo:wikiPageID	1767272	M1	M1	0	2	0.77904816	0.22095	0.77905	0	0	0	0	0	0	0	0	0	0	0	0
dbo:Person	dbo:wikiPageLength	1767272	M1	M1	0	2	0.77904816	0.22095	0.77905	0	0	0	0	0	0	0	0	0	0	0	0
dbo:Person	rdfs:label	1767272	M1	M1	0	1	0.779047028	0.22095	0.77905	0	0	0	0	0	0	0	0	0	0	0	0
dbo:Person	foaf:isPrimaryTopicOf	1767272	M1	M1	0	1	0.779047028	0.22095	0.77905	0	0	0	0	0	0	0	0	0	0	0	0
dbo:Person	rdfs:comment	1767272	M0	M1	0	1	0.76408159	0.23592	0.76408	0	0	0	0	0	0	0	0	0	0	0	0
dbo:Person	dbo:abstract	1767272	M0	M1	0	1	0.764073102	0.23593	0.76407	0	0	0	0	0	0	0	0	0	0	0	0
dbo:Person	gold:hypernym	1767272	M0	M1	0	1	0.725566297	0.27443	0.72557	0	0	0	0	0	0	0	0	0	0	0	0
dbo:Person	dbo:birthPlace	1767272	M0	ANY	0	33	0.643218475	0.62563	0.16292	0.16038	0.04589	0.00456	0.0005	0.00005	0.00001	0	0	0	0	0	0.00001
dbo:Person	dbp:birthPlace	1767272	M0	ANY	0	34	0.572460832	0.63304	0.20327	0.12523	0.03586	0.00242	0.00013	0.00001	0	0	0	0	0	0.00001	0
dbo:Person	dbo:birthDate	1767272	M0	M1	0	25	0.559096166	0.45503	0.53136	0.01355	0	0	0	0	0	0	0	0	0	0.00003	0
dbo:Person	dbo:team	1767272	M0	ANY	0	20	0.531064828	0.81069	0.11978	0.00873	0.00898	0.00921	0.00897	0.00797	0.00668	0.0055	0.00411	0.00314	0.00211	0.00155	0.0011
dbo:Person	dbp:years	1767272	M0	M1	0	40	0.526697645	0.82815	0.07049	0.02834	0.01902	0.01402	0.01081	0.00851	0.00659	0.0049	0.00338	0.00237	0.0015	0.00088	0.0005
dbo:Person	dbo:careerStation	1767272	M0	ANY	0	28	0.520818527	0.92745	0.00308	0.00547	0.00609	0.00679	0.00712	0.0069	0.00667	0.00608	0.00534	0.00443	0.0035	0.00285	0.00221
dbo:Person	dbp:shortDescription	1767272	M0	M1	0	8	0.491240171	0.5102	0.48875	0.0007	0.00033	0.00002	0	0	0	0	0	0	0	0	0
dbo:Person	foaf:givenName	1767272	M0	M1	0	5	0.474504208	0.53196	0.46161	0.00641	0.00002	0	0	0	0	0	0	0	0	0	0
dbo:Person	dbo:birthYear	1767272	M0	M1	0	4	0.459594788	0.54207	0.45628	0.00165	0	0	0	0	0	0	0	0	0	0	0
dbo:Person	foaf:surname	1767272	M0	M1	0	2	0.456922307	0.54309	0.4569	0.00001	0	0	0	0	0	0	0	0	0	0	0
dbo:Person	dbp:dateOfBirth	1767272	M0	M1	0	4	0.420163959	0.57995	0.41993	0.00011	0	0	0	0	0	0	0	0	0	0	0
dbo:Person	dbp:birthDate	1767272	M0	M1	0	29	0.40238854	0.59937	0.39976	0.00063	0.00013	0.00005	0.00001	0	0	0	0	0	0	0.00003	0
dbo:Person	dbp:clubs	1767272	M0	ANY	0	32	0.368366047	0.92452	0.01063	0.00997	0.01016	0.00935	0.00831	0.00693	0.0056	0.00427	0.00313	0.00226	0.00167	0.00112	0.00072
dbo:Person	dbp:placeOfBirth	1767272	M0	M1	0	5	0.367943361	0.72996	0.18885	0.06538	0.01495	0.00083	0.00004	0	0	0	0	0	0	0	0
dbo:Person	dbp:caps	1767272	M0	ANY	0	36	0.285295076	0.93616	0.00993	0.00964	0.00903	0.00804	0.00697	0.00577	0.00453	0.00336	0.00237	0.00166	0.00109	0.00067	0.00035
dbo:Person	foaf:depiction	1767272	M0	M1	0	3	0.239840839	0.76017	0.23982	0.00001	0	0	0	0	0	0	0	0	0	0	0
dbo:Person	dbo:thumbnail	1767272	M0	M1	0	1	0.239828957	0.76017	0.23983	0	0	0	0	0	0	0	0	0	0	0	0
dbo:Person	dbo:deathDate	1767272	M0	M1	0	4	0.237893205	0.76674	0.22864	0.00462	0	0	0	0	0	0	0	0	0	0	0
dbo:Person	dbo:deathYear	1767272	M0	M1	0	4	0.206846484	0.79359	0.20597	0.00043	0	0	0	0	0	0	0	0	0	0	0
dbo:Person	dbp:goals	1767272	M0	ANY	0	369	0.204372615	0.93343	0.01997	0.01372	0.011	0.00822	0.00558	0.00345	0.00204	0.00118	0.00066	0.00035	0.00017	0.00008	0.00003
dbo:Place	dbo:wikiPageWikiLink	925383	M0	ANY	0	5857	22.55306506	0.01187	0.00006	0.00122	0.00637	0.01838	0.02552	0.03762	0.04429	0.04968	0.05758	0.05289	0.05851	0.05696	0.10745
dbo:Place	rdf:type	925383	M1	ANY	1	53	10.15117849	0	0.00551	0.01165	0.01328	0.02301	0.01721	0.02188	0.03368	0.12921	0.09739	0.20276	0.15238	0.1124	0.07955
dbo:Place	owl:sameAs	925383	M0	ANY	0	128	9.077337708	0.02003	0.00215	0.00918	0.20884	0.16798	0.12221	0.09083	0.05335	0.04213	0.03027	0.02305	0.01694	0.0134	0.01384
dbo:Place	dbp:wikiPageUsesTemplate	925383	M0	ANY	0	194	6.447149991	0.01269	0.00638	0.02489	0.07982	0.13986	0.16604	0.18566	0.11875	0.08672	0.05785	0.03467	0.02107	0.01549	0.01219
dbo:Place	dc:subject	925383	M0	ANY	0	89	2.641016747	0.02048	0.38111	0.22025	0.13592	0.08374	0.05911	0.03745	0.02254	0.01399	0.00857	0.00544	0.00355	0.00229	0.00156
dbo:Place	dbo:wikiPageWikiLinkText	925383	M0	ANY	0	648	2.107974752	0.04935	0.47018	0.28363	0.08574	0.0411	0.02155	0.01292	0.00842	0.00561	0.00422	0.00295	0.00223	0.00176	0.0014
dbo:Place	dbp:subdivisionType	925383	M0	ANY	0	9	1.403788485	0.60263	0.00331	0.0449	0.16265	0.11292	0.07146	0.00124	0.00085	0.00004	0	0	0	0	0
dbo:Place	dbp:subdivisionName	925383	M0	ANY	0	44	1.128073457	0.60808	0.04661	0.09468	0.11907	0.1256	0.00423	0.00138	0.00018	0.00006	0.00003	0.00002	0.00002	0.00001	0.00001
dbo:Place	dbo:wikiPageExternalLink	925383	M0	ANY	0	887	1.096956611	0.54695	0.23091	0.09517	0.0473	0.02788	0.01783	0.01012	0.00632	0.00441	0.00298	0.00215	0.00155	0.00117	0.00089
dbo:Place	foaf:name	925383	M0	ANY	0	98	1.008639666	0.17275	0.65907	0.15787	0.00845	0.00131	0.00039	0.00009	0.00003	0.00001	0.00001	0.00001	0	0	0
dbo:Place	dbo:wikiPageOutDegree	925383	M1	M1	0	1	0.988142207	0.01186	0.98814	0	0	0	0	0	0	0	0	0	0	0	0
dbo:Place	dbo:wikiPageRevisionID	925383	M1	M1	0	1	0.988142207	0.01186	0.98814	0	0	0	0	0	0	0	0	0	0	0	0
dbo:Place	rdfs:label	925383	M1	M1	0	1	0.988142207	0.01186	0.98814	0	0	0	0	0	0	0	0	0	0	0	0
dbo:Place	prov:wasDerivedFrom	925383	M1	M1	0	1	0.988142207	0.01186	0.98814	0	0	0	0	0	0	0	0	0	0	0	0
dbo:Place	foaf:isPrimaryTopicOf	925383	M1	M1	0	1	0.988142207	0.01186	0.98814	0	0	0	0	0	0	0	0	0	0	0	0
dbo:Place	dbo:wikiPageID	925383	M1	M1	0	1	0.988142207	0.01186	0.98814	0	0	0	0	0	0	0	0	0	0	0	0
dbo:Place	dbo:wikiPageLength	925383	M1	M1	0	1	0.988142207	0.01186	0.98814	0	0	0	0	0	0	0	0	0	0	0	0
dbo:Place	dbo:isPartOf	925383	M0	ANY	0	43	0.969599614	0.60601	0.05993	0.16374	0.10128	0.06797	0.0007	0.00017	0.00007	0.00003	0.00003	0.00001	0.00002	0.00001	0.00001
dbo:Place	rdfs:comment	925383	M0	M1	0	1	0.969109007	0.03089	0.96911	0	0	0	0	0	0	0	0	0	0	0	0
dbo:Place	dbo:abstract	925383	M1	M1	0	1	0.969096039	0.0309	0.9691	0	0	0	0	0	0	0	0	0	0	0	0
dbo:Place	gold:hypernym	925383	M0	M1	0	1	0.892288923	0.10771	0.89229	0	0	0	0	0	0	0	0	0	0	0	0
dbo:Place	geo:lat	925383	M0	M1	0	9	0.819324539	0.20516	0.77042	0.02438	0.00003	0.00001	0.00001	0	0	0	0	0	0	0	0
dbo:Place	georss:point	925383	M0	M1	0	10	0.819021962	0.20885	0.76336	0.02776	0.00003	0.00001	0.00001	0	0	0	0	0	0	0	0
dbo:Place	geo:long	925383	M0	M1	0	9	0.818560531	0.20516	0.77118	0.02362	0.00003	0.00001	0.00001	0	0	0	0	0	0	0	0
dbo:Place	dbo:country	925383	M0	M1	0	20	0.600203375	0.42191	0.5583	0.01773	0.00197	0.00003	0.00002	0.00001	0.00001	0.00001	0	0	0	0	0
dbo:Place	dbp:name	925383	M0	M1	0	300	0.596046178	0.43721	0.54961	0.01061	0.00134	0.00043	0.00013	0.00003	0.00003	0.00002	0.00001	0	0.00001	0.00001	0.00001
dbo:Place	foaf:depiction	925383	M0	M1	0	7	0.495348412	0.50723	0.49041	0.00217	0.00016	0.00002	0.00001	0	0	0	0	0	0	0	0
dbo:Place	dbo:thumbnail	925383	M0	M1	0	1	0.492747327	0.50725	0.49275	0	0	0	0	0	0	0	0	0	0	0	0
dbo:Place	dbo:utcOffset	925383	M0	ANY	0	5	0.474206896	0.72046	0.08495	0.19454	0.00001	0.00003	0	0	0	0	0	0	0	0	0
dbo:Place	dbp:location	925383	M0	M1	0	152	0.378404401	0.78344	0.12859	0.05672	0.02187	0.0047	0.00135	0.00063	0.00044	0.00029	0.00026	0.00022	0.00017	0.00014	0.00012
dbo:Place	dbp:latns	925383	M0	M1	0	1	0.372044872	0.62796	0.37204	0	0	0	0	0	0	0	0	0	0	0	0
dbo:Place	dbp:longew	925383	M0	M1	0	1	0.372021098	0.62798	0.37202	0	0	0	0	0	0	0	0	0	0	0	0
dbo:Place	dbp:longd	925383	M0	M1	0	9	0.358289487	0.64176	0.35821	0.00003	0	0	0	0	0	0	0	0	0	0	0
dbo:Place	dbp:latd	925383	M0	M1	0	7	0.358273277	0.64176	0.35821	0.00003	0	0	0	0	0	0	0	0	0	0	0
dbo:Place	dbp:settlementType	925383	M0	M1	0	5	0.350475425	0.65033	0.3489	0.00075	0.00002	0	0	0	0	0	0	0	0	0	0
dbo:Place	dbo:populationTotal	925383	M0	M1	0	4	0.348689137	0.65309	0.34515	0.00176	0	0	0	0	0	0	0	0	0	0	0
dbo:Place	dbo:timeZone	925383	M0	M1	0	4	0.33198038	0.725	0.21805	0.05693	0.00002	0	0	0	0	0	0	0	0	0	0
dbo:Place	dbp:longm	925383	M0	M1	0	4	0.316326321	0.68369	0.31629	0.00001	0	0	0	0	0	0	0	0	0	0	0
dbo:Place	dbp:latm	925383	M0	M1	0	5	0.316326321	0.6837	0.31628	0.00002	0	0	0	0	0	0	0	0	0	0	0
dbo:Place	dbp:timezone	925383	M0	M1	0	6	0.295520882	0.70467	0.29519	0.00012	0.00002	0	0	0	0	0	0	0	0	0	0
dbo:Organization	dbo:wikiPageWikiLink	164068	M0	ANY	0	1946	40.10778458	0.01966	0.00018	0.00163	0.00395	0.00732	0.01149	0.01562	0.02147	0.02341	0.02573	0.02754	0.02781	0.02814	0.02818
dbo:Organization	rdf:type	164068	M1	ANY	2	63	11.20979106	0	0	0.01276	0.04651	0.08091	0.08816	0.07633	0.05644	0.03494	0.02732	0.0262	0.03486	0.04279	0.05301
dbo:Organization	owl:sameAs	164068	M0	ANY	0	127	5.643806227	0.01309	0.00718	0.00887	0.48225	0.1714	0.07969	0.04684	0.03201	0.02442	0.02163	0.01755	0.01324	0.00932	0.00791
dbo:Organization	dbp:wikiPageUsesTemplate	164068	M0	ANY	0	239	5.559944657	0.03764	0.07009	0.11203	0.13234	0.13342	0.12235	0.09792	0.07552	0.05556	0.03926	0.02815	0.02027	0.0152	0.01136
dbo:Organization	dc:subject	164068	M0	ANY	0	215	4.833349587	0.02292	0.05604	0.11328	0.16318	0.18578	0.15035	0.10345	0.06781	0.04483	0.02888	0.01888	0.01287	0.00865	0.00569
dbo:Organization	dbo:wikiPageWikiLinkText	164068	M0	ANY	0	282	3.681034693	0.03375	0.38227	0.20306	0.11451	0.06997	0.04462	0.03005	0.02136	0.01566	0.01223	0.00987	0.00778	0.00655	0.0055
dbo:Organization	dbo:wikiPageExternalLink	164068	M0	ANY	0	744	2.935380452	0.18409	0.27784	0.18914	0.11412	0.07043	0.04405	0.02954	0.02026	0.01438	0.01052	0.00775	0.00588	0.00452	0.0035
dbo:Organization	dbo:wikiPageOutDegree	164068	M1	M1	0	1	0.980367896	0.01963	0.98037	0	0	0	0	0	0	0	0	0	0	0	0
dbo:Organization	dbo:wikiPageRevisionID	164068	M1	M1	0	1	0.980367896	0.01963	0.98037	0	0	0	0	0	0	0	0	0	0	0	0
dbo:Organization	rdfs:label	164068	M1	M1	0	1	0.980367896	0.01963	0.98037	0	0	0	0	0	0	0	0	0	0	0	0
dbo:Organization	prov:wasDerivedFrom	164068	M1	M1	0	1	0.980367896	0.01963	0.98037	0	0	0	0	0	0	0	0	0	0	0	0
dbo:Organization	foaf:isPrimaryTopicOf	164068	M1	M1	0	1	0.980367896	0.01963	0.98037	0	0	0	0	0	0	0	0	0	0	0	0
dbo:Organization	dbo:wikiPageID	164068	M1	M1	0	1	0.980367896	0.01963	0.98037	0	0	0	0	0	0	0	0	0	0	0	0
dbo:Organization	dbo:wikiPageLength	164068	M1	M1	0	1	0.980367896	0.01963	0.98037	0	0	0	0	0	0	0	0	0	0	0	0
dbo:Organization	rdfs:comment	164068	M0	M1	0	1	0.958693956	0.04131	0.95869	0	0	0	0	0	0	0	0	0	0	0	0
dbo:Organization	dbo:abstract	164068	M1	M1	0	1	0.958669576	0.04133	0.95867	0	0	0	0	0	0	0	0	0	0	0	0
dbo:Organization	gold:hypernym	164068	M0	M1	0	1	0.81235829	0.18764	0.81236	0	0	0	0	0	0	0	0	0	0	0	0
dbo:Organization	foaf:name	164068	M0	ANY	0	33	0.628568642	0.49034	0.41732	0.0735	0.01573	0.00192	0.0004	0.00023	0.00015	0.00012	0.00007	0.00003	0.00005	0.00002	0.00002
dbo:Organization	dbp:name	164068	M0	ANY	0	465	0.61543994	0.51711	0.45084	0.02376	0.00283	0.00087	0.00046	0.00023	0.0002	0.00018	0.00015	0.00014	0.00017	0.00018	0.00012
dbo:Organization	foaf:homepage	164068	M0	M1	0	18	0.533626301	0.48903	0.48997	0.02006	0.00065	0.00012	0.0001	0.00001	0.00004	0	0.00001	0	0.00001	0	0
dbo:Organization	foaf:depiction	164068	M0	M1	0	2	0.349800083	0.65024	0.34973	0.00004	0	0	0	0	0	0	0	0	0	0	0
dbo:Organization	dbo:thumbnail	164068	M0	M1	0	1	0.349635517	0.65036	0.34964	0	0	0	0	0	0	0	0	0	0	0	0
dbo:Organization	dbp:type	164068	M0	ANY	0	20	0.294237755	0.74993	0.21608	0.02659	0.00529	0.00171	0.00027	0.0001	0.00001	0.00001	0.00001	0	0	0	0
dbo:Organization	dbp:pastMembers	164068	M0	ANY	0	94	0.264853597	0.94493	0.0135	0.00606	0.00591	0.0061	0.00553	0.00427	0.00357	0.00223	0.00185	0.00141	0.00106	0.00074	0.00059
dbo:Organization	dbp:currentMembers	164068	M0	ANY	0	51	0.245575005	0.93768	0.00813	0.00647	0.00911	0.01724	0.01349	0.00422	0.00132	0.00084	0.00034	0.00021	0.00021	0.00013	0.00012
dbo:Organization	dbp:website	164068	M0	ANY	0	31	0.23744423	0.7696	0.22586	0.00356	0.00057	0.00015	0.00013	0.00001	0.00004	0.00001	0.00001	0.00001	0.00001	0	0
dbo:Organization	dbp:genre	164068	M0	ANY	0	16	0.230489797	0.90601	0.03252	0.02325	0.01875	0.01014	0.0051	0.00224	0.00112	0.00048	0.00017	0.00007	0.00007	0.00005	0.00001
dbo:Organization	dbo:genre	164068	M0	ANY	0	16	0.223986396	0.90945	0.02842	0.02435	0.01938	0.01003	0.00478	0.00194	0.0009	0.00038	0.00016	0.00008	0.00005	0.00004	0.00001
dbo:Organization	dbp:location	164068	M0	ANY	0	465	0.217202623	0.8736	0.07162	0.03844	0.01317	0.00223	0.0004	0.00015	0.00012	0.00005	0.00002	0.00001	0.00002	0	0.00002
dbo:Organization	dbp:country	164068	M0	ANY	0	15	0.216763781	0.78677	0.21051	0.00235	0.00024	0.00004	0.00003	0.00001	0.00001	0.00002	0.00001	0	0	0	0.00001
dbo:Organization	dbo:type	164068	M0	ANY	0	8	0.214405003	0.82081	0.15309	0.01947	0.00461	0.00167	0.00024	0.00007	0.00002	0.00001	0	0	0	0	0
dbo:Organization	geo:lat	164068	M0	M1	0	6	0.20660336	0.79432	0.20478	0.00088	0.00001	0	0	0.00001	0	0	0	0	0	0	0
dbo:Organization	geo:long	164068	M0	M1	0	6	0.20659117	0.79432	0.20479	0.00087	0.00001	0	0	0.00001	0	0	0	0	0	0	0
dbo:Organization	georss:point	164068	M0	M1	0	6	0.205317307	0.7958	0.20312	0.00107	0.00001	0	0	0.00001	0	0	0	0	0	0	0
dbo:Organization	dbo:country	164068	M0	ANY	0	20	0.194163396	0.82526	0.15701	0.01687	0.00055	0.00015	0.00007	0	0.00002	0.00002	0.00001	0	0	0.00001	0.00001
dbo:Organization	dbo:location	164068	M0	ANY	0	31	0.182070849	0.89363	0.05139	0.03975	0.0122	0.00221	0.00041	0.00013	0.0001	0.00004	0.00002	0.00001	0.00002	0.00001	0.00001
dbo:Organization	dbp:label	164068	M0	ANY	0	55	0.165937294	0.91947	0.04582	0.01459	0.00837	0.00483	0.00285	0.00154	0.00091	0.00054	0.00036	0.00018	0.0002	0.00011	0.00006
dbo:Organization	dbp:city	164068	M0	ANY	0	68	0.163218909	0.85528	0.13204	0.01051	0.00143	0.00029	0.00015	0.00008	0.00004	0.00002	0.00002	0.00001	0.00004	0.00002	0
dbo:Organization	dbo:hometown	164068	M0	M1	0	9	0.155600117	0.91849	0.02614	0.03784	0.01666	0.00068	0.00013	0.00003	0.00002	0	0.00001	0	0	0	0
dbo:Organization	dbp:established	164068	M0	M1	0	16	0.1525526	0.85315	0.14312	0.00259	0.00072	0.00021	0.00012	0.00005	0.00001	0	0.00001	0	0.00001	0	0
dbo:MusicalWork	dbo:wikiPageWikiLink	203392	M0	ANY	0	2451	28.94424068	0.03974	0.00002	0.00026	0.00121	0.00328	0.00709	0.01155	0.0178	0.02303	0.02696	0.02968	0.03134	0.03133	0.03234
dbo:MusicalWork	rdf:type	203392	M1	ANY	1	24	9.422017582	0	0.00522	0.00249	0.00257	0.00277	0.00176	0.00124	0.01171	0.16212	0.33312	0.31983	0.10701	0.03584	0.00957
dbo:MusicalWork	dbp:wikiPageUsesTemplate	203392	M0	ANY	0	63	5.929456419	0.04009	0.01608	0.06036	0.10707	0.1603	0.15896	0.12703	0.09488	0.06606	0.04474	0.03207	0.02144	0.01518	0.01179
dbo:MusicalWork	owl:sameAs	203392	M0	ANY	0	121	4.486921806	0.05002	0.00099	0.03411	0.47275	0.17396	0.08167	0.04806	0.03182	0.02247	0.01579	0.01212	0.00919	0.0075	0.00652
dbo:MusicalWork	dc:subject	203392	M0	ANY	0	48	3.981941276	0.04019	0.04436	0.23444	0.21737	0.15687	0.0997	0.06701	0.04641	0.03104	0.02071	0.01316	0.00869	0.0056	0.00383
dbo:MusicalWork	dbp:length	203392	M0	M1	0	274	3.679195839	0.34026	0.38255	0.03202	0.01197	0.00952	0.0093	0.00824	0.00749	0.00794	0.01205	0.01908	0.02556	0.02451	0.022
dbo:MusicalWork	dbp:title	203392	M0	M1	0	722	3.454831065	0.66818	0.04948	0.02771	0.0156	0.01267	0.00952	0.00792	0.00674	0.00887	0.01059	0.02533	0.02406	0.02655	0.01839
dbo:MusicalWork	dbo:wikiPageWikiLinkText	203392	M0	ANY	0	90	1.827653005	0.05131	0.51258	0.2336	0.11485	0.04287	0.01853	0.00926	0.00505	0.00341	0.00202	0.00158	0.00091	0.00075	0.00058
dbo:MusicalWork	dbp:genre	203392	M0	ANY	0	34	1.462633732	0.15693	0.46976	0.21368	0.10355	0.03737	0.01229	0.00383	0.00139	0.00056	0.00032	0.00017	0.00004	0.00004	0.00003
dbo:MusicalWork	dbo:genre	203392	M0	ANY	0	33	1.458931521	0.1395	0.4832	0.22978	0.09931	0.03297	0.00986	0.00318	0.00114	0.00049	0.00027	0.00015	0.00005	0.00004	0.00003
dbo:MusicalWork	dbp:writer	203392	M0	ANY	0	144	1.153929358	0.70604	0.14202	0.04634	0.02534	0.01537	0.00915	0.00636	0.0052	0.00486	0.00484	0.00467	0.00433	0.00383	0.00336
dbo:MusicalWork	dbp:label	203392	M0	ANY	0	32	1.077628422	0.14891	0.68189	0.12992	0.02792	0.00766	0.00236	0.00071	0.0003	0.00017	0.00006	0.00002	0.00003	0.00001	0
dbo:MusicalWork	dbp:artist	203392	M0	ANY	0	40	0.996125708	0.08822	0.84595	0.05493	0.00724	0.00207	0.00077	0.00037	0.00019	0.00007	0.00006	0.00003	0.00001	0.00003	0
dbo:MusicalWork	foaf:name	203392	M1	ANY	0	51	0.972255546	0.04963	0.93571	0.01245	0.00125	0.00032	0.00015	0.00008	0.00005	0.00007	0.00005	0.00004	0.00001	0.00002	0.00003
dbo:MusicalWork	dbo:wikiPageOutDegree	203392	M1	M1	0	1	0.96026884	0.03973	0.96027	0	0	0	0	0	0	0	0	0	0	0	0
dbo:MusicalWork	dbo:wikiPageRevisionID	203392	M1	M1	0	1	0.96026884	0.03973	0.96027	0	0	0	0	0	0	0	0	0	0	0	0
dbo:MusicalWork	rdfs:label	203392	M1	M1	0	1	0.96026884	0.03973	0.96027	0	0	0	0	0	0	0	0	0	0	0	0
dbo:MusicalWork	prov:wasDerivedFrom	203392	M1	M1	0	1	0.96026884	0.03973	0.96027	0	0	0	0	0	0	0	0	0	0	0	0
dbo:MusicalWork	foaf:isPrimaryTopicOf	203392	M1	M1	0	1	0.96026884	0.03973	0.96027	0	0	0	0	0	0	0	0	0	0	0	0
dbo:MusicalWork	dbo:wikiPageID	203392	M1	M1	0	1	0.96026884	0.03973	0.96027	0	0	0	0	0	0	0	0	0	0	0	0
dbo:MusicalWork	dbo:wikiPageLength	203392	M1	M1	0	1	0.96026884	0.03973	0.96027	0	0	0	0	0	0	0	0	0	0	0	0
dbo:MusicalWork	dbp:rev	203392	M0	ANY	0	27	0.94065155	0.64273	0.17684	0.06826	0.03443	0.02026	0.01334	0.00922	0.00686	0.00532	0.00484	0.01425	0.00178	0.00096	0.00038
dbo:MusicalWork	dbp:name	203392	M0	ANY	0	81	0.931541064	0.09617	0.88695	0.01438	0.00126	0.00035	0.0002	0.00008	0.00007	0.00008	0.00006	0.00005	0.00003	0.00004	0.00004
dbo:MusicalWork	rdfs:comment	203392	M0	M1	0	1	0.92842393	0.07158	0.92842	0	0	0	0	0	0	0	0	0	0	0	0
dbo:MusicalWork	dbo:abstract	203392	M1	M1	0	1	0.92840918	0.07159	0.92841	0	0	0	0	0	0	0	0	0	0	0	0
dbo:MusicalWork	dbp:released	203392	M0	M1	0	44	0.926889947	0.14265	0.80716	0.04022	0.00677	0.00178	0.00062	0.00027	0.00009	0.00007	0.00006	0.00005	0.00003	0.00005	0.00003
dbo:MusicalWork	dbo:recordLabel	203392	M0	ANY	0	16	0.915409652	0.24345	0.62937	0.10312	0.01895	0.0036	0.001	0.00028	0.00013	0.00005	0.00002	0.00001	0.00001	0	0
dbo:MusicalWork	dbp:producer	203392	M0	ANY	0	41	0.859994493	0.35279	0.53472	0.07118	0.02254	0.00802	0.00358	0.0019	0.00135	0.00088	0.00071	0.00046	0.00049	0.00038	0.00028
dbo:MusicalWork	gold:hypernym	203392	M0	M1	0	1	0.832333622	0.16767	0.83233	0	0	0	0	0	0	0	0	0	0	0	0
dbo:MusicalWork	dbo:producer	203392	M0	ANY	0	30	0.803094517	0.46326	0.3894	0.09894	0.02415	0.00948	0.00494	0.00313	0.00206	0.00146	0.00089	0.00072	0.00053	0.00036	0.0002
dbo:MusicalWork	dbo:Work/runtime	203392	M0	M1	0	51	0.751116071	0.31422	0.63543	0.04082	0.00685	0.00168	0.00051	0.0002	0.00008	0.00008	0.00002	0.00003	0.00001	0	0
dbo:MusicalWork	dbo:runtime	203392	M0	M1	0	51	0.751116071	0.31422	0.63543	0.04082	0.00685	0.00168	0.00051	0.0002	0.00008	0.00008	0.00002	0.00003	0.00001	0	0
dbo:MusicalWork	dbp:cover	203392	M0	M1	0	26	0.745476715	0.26769	0.72153	0.00916	0.00119	0.00032	0.00005	0	0.00001	0	0	0	0	0	0
dbo:MusicalWork	dbo:artist	203392	M0	ANY	0	26	0.701315686	0.3223	0.66036	0.014	0.00215	0.00063	0.00025	0.00011	0.00005	0.00002	0.00003	0.00001	0.00001	0.00001	0
dbo:MusicalWork	dbp:type	203392	M0	ANY	0	7	0.694053847	0.33614	0.63514	0.02747	0.00107	0.00013	0.00003	0	0	0	0	0	0	0	0
dbo:MusicalWork	dbp:recorded	203392	M0	M1	0	37	0.6624646	0.45039	0.47652	0.05266	0.01171	0.00457	0.00188	0.00088	0.00055	0.00031	0.00012	0.00013	0.0001	0.00005	0.00001
dbo:MusicalWork	dbo:subsequentWork	203392	M0	M1	0	9	0.658501809	0.35202	0.63879	0.00822	0.0007	0.00023	0.00002	0.00001	0	0	0	0	0	0	0
dbo:MusicalWork	dbo:previousWork	203392	M0	M1	0	10	0.65341803	0.35644	0.63485	0.00783	0.00069	0.00017	0	0.00001	0	0	0	0	0	0	0
dbo:MusicalWork	dbo:releaseDate	203392	M0	M1	0	36	0.616843337	0.42604	0.54137	0.02708	0.00389	0.00085	0.00031	0.00014	0.00004	0.00005	0.00005	0.00003	0.00001	0.00002	0.00002
dbo:MusicalWork	dbp:note	203392	M0	ANY	0	192	0.61473411	0.86959	0.03596	0.02205	0.01535	0.01138	0.00872	0.00645	0.00536	0.00473	0.00377	0.00354	0.00257	0.00223	0.00162
dbo:Film	dbo:wikiPageWikiLink	146449	M0	ANY	0	4827	38.43248503	0.00983	0.00018	0.0021	0.00234	0.00333	0.005	0.0081	0.01215	0.01481	0.01637	0.01663	0.01732	0.01956	0.02139
dbo:Film	rdf:type	146449	M1	ANY	1	49	8.899036525	0	0.00848	0.01034	0.00854	0.03501	0.02696	0.01362	0.21862	0.023	0.3497	0.12494	0.06223	0.03584	0.0232
dbo:Film	dc:subject	146449	M0	ANY	0	98	7.246631933	0.02522	0.01883	0.03622	0.09943	0.10419	0.11429	0.11061	0.10462	0.09378	0.06996	0.05144	0.03808	0.02861	0.02203
dbo:Film	dbp:wikiPageUsesTemplate	146449	M0	ANY	0	73	6.911477716	0.01136	0.01478	0.02841	0.06707	0.11049	0.14108	0.15628	0.13708	0.09789	0.06995	0.046	0.03178	0.02191	0.01593
dbo:Film	owl:sameAs	146449	M0	ANY	0	120	5.909121947	0.0103	0.00618	0.05265	0.32409	0.20693	0.1112	0.06559	0.04266	0.03039	0.02354	0.01826	0.01397	0.01139	0.00905
dbo:Film	dbp:starring	146449	M0	ANY	0	71	2.571052039	0.34262	0.11008	0.09502	0.12554	0.12077	0.06809	0.05524	0.03019	0.0186	0.01132	0.00755	0.00523	0.00304	0.00175
dbo:Film	dbo:starring	146449	M0	ANY	0	65	2.289015289	0.37272	0.10602	0.11003	0.13223	0.11139	0.06248	0.04323	0.02293	0.014	0.00894	0.00552	0.00369	0.00216	0.00119
dbo:Film	dbo:wikiPageWikiLinkText	146449	M0	ANY	0	514	2.27567276	0.01877	0.53266	0.20245	0.10886	0.05395	0.02701	0.01467	0.00944	0.00616	0.00421	0.00344	0.00264	0.00205	0.0016
dbo:Film	dbo:wikiPageOutDegree	146449	M1	M1	0	1	0.990255994	0.00974	0.99026	0	0	0	0	0	0	0	0	0	0	0	0
dbo:Film	dbo:wikiPageRevisionID	146449	M1	M1	0	1	0.990255994	0.00974	0.99026	0	0	0	0	0	0	0	0	0	0	0	0
dbo:Film	rdfs:label	146449	M1	M1	0	1	0.990255994	0.00974	0.99026	0	0	0	0	0	0	0	0	0	0	0	0
dbo:Film	prov:wasDerivedFrom	146449	M1	M1	0	1	0.990255994	0.00974	0.99026	0	0	0	0	0	0	0	0	0	0	0	0
dbo:Film	foaf:isPrimaryTopicOf	146449	M1	M1	0	1	0.990255994	0.00974	0.99026	0	0	0	0	0	0	0	0	0	0	0	0
dbo:Film	dbo:wikiPageID	146449	M1	M1	0	1	0.990255994	0.00974	0.99026	0	0	0	0	0	0	0	0	0	0	0	0
dbo:Film	dbo:wikiPageLength	146449	M1	M1	0	1	0.990255994	0.00974	0.99026	0	0	0	0	0	0	0	0	0	0	0	0
dbo:Film	dbp:producer	146449	M0	ANY	0	33	0.982355632	0.41057	0.36723	0.1289	0.0526	0.02167	0.01043	0.00447	0.00198	0.001	0.00057	0.00026	0.00012	0.00008	0.00005
dbo:Film	rdfs:comment	146449	M0	M1	0	1	0.959405663	0.04059	0.95941	0	0	0	0	0	0	0	0	0	0	0	0
dbo:Film	dbo:abstract	146449	M1	M1	0	1	0.959385178	0.04061	0.95939	0	0	0	0	0	0	0	0	0	0	0	0
dbo:Film	dbp:writer	146449	M0	M1	0	66	0.95885257	0.46264	0.29674	0.15088	0.05474	0.0198	0.00713	0.00282	0.00143	0.00063	0.00049	0.00031	0.00038	0.00024	0.00023
dbo:Film	foaf:name	146449	M1	ANY	0	119	0.911368463	0.14527	0.80855	0.04097	0.00405	0.00042	0.00029	0.00014	0.00007	0.00004	0.00003	0.00003	0.00001	0.00002	0.00003
dbo:Film	dbo:wikiPageExternalLink	146449	M0	ANY	0	325	0.867981345	0.62028	0.20267	0.08573	0.03885	0.01952	0.01086	0.0061	0.004	0.00275	0.00191	0.00147	0.00105	0.00068	0.0007
dbo:Film	dbp:name	146449	M0	ANY	0	119	0.867080007	0.18178	0.77734	0.03804	0.00216	0.00028	0.00004	0.00005	0.00004	0.00002	0.00004	0.00002	0.00003	0.00002	0.00003
dbo:Film	gold:hypernym	146449	M0	M1	0	1	0.856209329	0.14379	0.85621	0	0	0	0	0	0	0	0	0	0	0	0
dbo:Film	dbp:director	146449	M0	ANY	0	26	0.832713095	0.24378	0.70514	0.03985	0.00612	0.0021	0.001	0.00072	0.0004	0.00028	0.0002	0.0001	0.00013	0.00006	0.00004
dbo:Film	dbp:language	146449	M0	M1	0	21	0.826724662	0.2539	0.67933	0.05767	0.00643	0.00165	0.00063	0.00018	0.00009	0.00004	0.00003	0.00002	0.00001	0	0
dbo:Film	dbp:country	146449	M0	ANY	0	21	0.776174641	0.27916	0.67838	0.03283	0.00738	0.00164	0.00044	0.00012	0.00003	0.00003	0	0	0	0	0
dbo:Film	dbo:writer	146449	M0	M1	0	15	0.727154163	0.53213	0.29035	0.12281	0.03721	0.0118	0.00359	0.00127	0.00044	0.00019	0.00006	0.00003	0.00004	0.00003	0.00001
dbo:Film	dbp:title	146449	M0	M1	0	608	0.691230394	0.73994	0.21151	0.00864	0.00355	0.00326	0.00595	0.00608	0.00326	0.00202	0.00117	0.00104	0.0009	0.00116	0.00101
dbo:Film	dbo:director	146449	M0	ANY	0	26	0.683541711	0.36519	0.59966	0.0294	0.00304	0.00104	0.00056	0.00038	0.00023	0.00013	0.00013	0.00008	0.00008	0.00001	0.00003
dbo:Film	dbp:runtime	146449	M0	M1	0	20	0.603042697	0.41205	0.57645	0.00953	0.00117	0.00053	0.00011	0.00007	0.00005	0	0.00001	0.00002	0	0.00001	0
dbo:Film	dbp:music	146449	M0	ANY	0	30	0.599860702	0.51747	0.41322	0.04634	0.01229	0.00588	0.00203	0.00091	0.00054	0.0004	0.00025	0.00016	0.00013	0.0001	0.00005
dbo:Film	dbo:Work/runtime	146449	M0	M1	0	11	0.582789913	0.43106	0.5574	0.01003	0.00109	0.00025	0.00009	0.00004	0.00003	0	0.00001	0.00001	0.00001	0	0
dbo:Film	dbo:runtime	146449	M0	M1	0	11	0.582789913	0.43106	0.5574	0.01003	0.00109	0.00025	0.00009	0.00004	0.00003	0	0.00001	0.00001	0.00001	0	0
dbo:Film	dbp:cinematography	146449	M0	ANY	0	17	0.579710343	0.47501	0.48426	0.0319	0.00627	0.00146	0.00051	0.00029	0.00011	0.00006	0.00005	0.00005	0.00001	0.00001	0.00002
dbo:Film	dbo:producer	146449	M0	ANY	0	21	0.545575593	0.61082	0.28228	0.07509	0.02135	0.00649	0.00237	0.00087	0.00034	0.00018	0.00008	0.00005	0.00002	0.00003	0
dbo:Film	dbp:distributor	146449	M0	ANY	0	26	0.527091342	0.54713	0.39907	0.0407	0.00907	0.00252	0.0009	0.00028	0.00012	0.00006	0.00003	0.00004	0.00004	0.00001	0.00001
dbo:Film	dbp:editing	146449	M0	ANY	0	13	0.490054558	0.57212	0.37863	0.03995	0.00708	0.00149	0.00042	0.00014	0.00008	0.00002	0.00001	0.00002	0.00001	0	0.00001
dbo:Film	dbp:studio	146449	M0	ANY	0	22	0.421887483	0.69544	0.23766	0.03864	0.01642	0.00681	0.00268	0.00117	0.00055	0.00022	0.00017	0.0001	0.00003	0.00005	0.00003
dbo:Film	dbo:musicComposer	146449	M0	ANY	0	21	0.418507467	0.63881	0.3197	0.03181	0.00658	0.00188	0.00057	0.00024	0.00017	0.00009	0.00004	0.00002	0.00001	0.00001	0.00001
dbo:Film	dbo:distributor	146449	M0	ANY	0	13	0.383901563	0.65901	0.30622	0.02912	0.00417	0.00096	0.00032	0.0001	0.00005	0.00003	0.00002	0	0	0.00001	0.00001
dbo:Sport	dbo:wikiPageWikiLink	1958	M0	ANY	0	1654	56.06639428	0.01532	0.00051	0.0046	0.00664	0.0097	0.01839	0.02145	0.01941	0.02043	0.02758	0.02707	0.02707	0.03115	0.02349
dbo:Sport	owl:sameAs	1958	M0	ANY	0	119	10.91879469	0.02503	0.00715	0.07967	0.26864	0.12921	0.06793	0.05158	0.02962	0.03269	0.02247	0.02094	0.01226	0.01021	0.0143
dbo:Sport	dbo:wikiPageWikiLinkText	1958	M0	ANY	0	255	9.750766088	0.04597	0.18999	0.17314	0.11236	0.06844	0.0475	0.03575	0.03473	0.02349	0.02094	0.01583	0.01481	0.01736	0.00919
dbo:Sport	dbp:wikiPageUsesTemplate	1958	M0	ANY	0	141	6.57814096	0.03473	0.07201	0.11083	0.12308	0.12411	0.09602	0.08631	0.06282	0.05056	0.04392	0.03166	0.02707	0.01634	0.0189
dbo:Sport	rdf:type	1958	M1	ANY	1	21	3.979060266	0	0.28601	0.17109	0.12615	0.07967	0.05312	0.06691	0.06537	0.05056	0.03575	0.01788	0.01073	0.00766	0.00613
dbo:Sport	dbo:wikiPageExternalLink	1958	M0	ANY	0	176	3.864657814	0.28141	0.16956	0.11696	0.08427	0.07201	0.05669	0.05056	0.03473	0.02145	0.02503	0.0143	0.01021	0.00664	0.00868
dbo:Sport	dc:subject	1958	M0	ANY	0	17	2.748212462	0.01685	0.28345	0.25332	0.17722	0.11032	0.07354	0.04086	0.01788	0.01175	0.00715	0.00306	0.00153	0.00153	0.00051
dbo:Sport	dbo:wikiPageOutDegree	1958	M1	M1	0	1	0.985188968	0.01481	0.98519	0	0	0	0	0	0	0	0	0	0	0	0
dbo:Sport	dbo:wikiPageRevisionID	1958	M1	M1	0	1	0.985188968	0.01481	0.98519	0	0	0	0	0	0	0	0	0	0	0	0
dbo:Sport	rdfs:label	1958	M1	M1	0	1	0.985188968	0.01481	0.98519	0	0	0	0	0	0	0	0	0	0	0	0
dbo:Sport	prov:wasDerivedFrom	1958	M1	M1	0	1	0.985188968	0.01481	0.98519	0	0	0	0	0	0	0	0	0	0	0	0
dbo:Sport	foaf:isPrimaryTopicOf	1958	M1	M1	0	1	0.985188968	0.01481	0.98519	0	0	0	0	0	0	0	0	0	0	0	0
dbo:Sport	dbo:wikiPageID	1958	M1	M1	0	1	0.985188968	0.01481	0.98519	0	0	0	0	0	0	0	0	0	0	0	0
dbo:Sport	dbo:wikiPageLength	1958	M1	M1	0	1	0.985188968	0.01481	0.98519	0	0	0	0	0	0	0	0	0	0	0	0
dbo:Sport	dbo:abstract	1958	M1	M1	0	1	0.981103166	0.0189	0.9811	0	0	0	0	0	0	0	0	0	0	0	0
dbo:Sport	rdfs:comment	1958	M1	M1	0	1	0.981103166	0.0189	0.9811	0	0	0	0	0	0	0	0	0	0	0	0
dbo:Sport	gold:hypernym	1958	M0	M1	0	1	0.954545455	0.04545	0.95455	0	0	0	0	0	0	0	0	0	0	0	0
dbo:Sport	dbo:thumbnail	1958	M0	M1	0	1	0.516343207	0.48366	0.51634	0	0	0	0	0	0	0	0	0	0	0	0
dbo:Sport	foaf:depiction	1958	M0	M1	0	1	0.516343207	0.48366	0.51634	0	0	0	0	0	0	0	0	0	0	0	0
dbo:Sport	dbp:first	1958	M0	ANY	0	200	0.229826353	0.87487	0.12155	0.00306	0	0	0	0	0	0	0	0	0	0	0
dbo:Sport	rdfs:seeAlso	1958	M0	ANY	0	9	0.203268641	0.90858	0.03728	0.02809	0.01226	0.00358	0.00562	0.00255	0.00153	0	0.00051	0	0	0	0
dbo:Sport	dbp:caption	1958	M0	ANY	0	8	0.181818182	0.84883	0.1379	0.00664	0.00204	0.00153	0.00153	0.00051	0.00051	0.00051	0	0	0	0	0
dbo:Sport	dbp:union	1958	M0	ANY	0	4	0.164453524	0.84883	0.14249	0.00511	0.00255	0.00102	0	0	0	0	0	0	0	0	0
dbo:Sport	dbp:nationalList	1958	M0	ANY	0	6	0.159856997	0.95301	0.00409	0.0046	0.01124	0.02298	0.00358	0.00051	0	0	0	0	0	0	0
dbo:Sport	dbp:name	1958	M0	M1	0	11	0.15628192	0.85904	0.13381	0.00511	0.00051	0	0.00102	0	0	0	0	0	0.00051	0	0
dbo:Sport	dbp:imagesize	1958	M0	M1	0	1	0.150153218	0.84985	0.15015	0	0	0	0	0	0	0	0	0	0	0	0
dbo:Sport	dbo:equipment	1958	M0	ANY	0	9	0.13278856	0.93922	0.02809	0.01175	0.01073	0.00664	0.00153	0.00102	0	0.00051	0.00051	0	0	0	0
dbo:Sport	foaf:name	1958	M0	ANY	0	5	0.13278856	0.88151	0.10827	0.00868	0	0.00051	0.00102	0	0	0	0	0	0	0	0
dbo:Sport	dbp:picknum	1958	M0	ANY	0	257	0.131256384	0.99949	0	0	0	0	0	0	0	0	0	0	0	0	0
dbo:Sport	foaf:homepage	1958	M0	M1	0	2	0.129724208	0.8713	0.12768	0.00102	0	0	0	0	0	0	0	0	0	0	0
dbo:Sport	dbp:last	1958	M0	ANY	0	234	0.119509704	0.99949	0	0	0	0	0	0	0	0	0	0	0	0	0
dbo:Sport	dbp:team	1958	M0	ANY	0	32	0.114913177	0.91062	0.0858	0.00204	0	0	0	0	0.00051	0	0	0.00051	0	0	0
dbo:Sport	dbp:category	1958	M0	ANY	0	5	0.102655771	0.91216	0.07661	0.00868	0.00204	0	0.00051	0	0	0	0	0	0	0	0
dbo:Sport	dbp:olympic	1958	M0	ANY	0	3	0.091419816	0.91879	0.07303	0.00613	0.00204	0	0	0	0	0	0	0	0	0	0
dbo:Sport	dbp:country	1958	M0	ANY	0	2	0.08784474	0.91318	0.0858	0.00102	0	0	0	0	0	0	0	0	0	0	0
dbo:Sport	dbp:equipment	1958	M0	ANY	0	4	0.084780388	0.9428	0.04443	0.00255	0.00562	0.0046	0	0	0	0	0	0	0	0	0
dbo:Sport	dbo:sportGoverningBody	1958	M0	ANY	0	3	0.084269663	0.92441	0.06946	0.00358	0.00255	0	0	0	0	0	0	0	0	0	0
dbo:Sport	dbp:sport	1958	M0	M1	0	1	0.082226762	0.91777	0.08223	0	0	0	0	0	0	0	0	0	0	0	0
dbo:Sport	dbp:contact	1958	M0	M1	0	1	0.077630235	0.92237	0.07763	0	0	0	0	0	0	0	0	0	0	0	0
dbo:Sport	dbp:mgender	1958	M0	M1	0	1	0.076098059	0.9239	0.0761	0	0	0	0	0	0	0	0	0	0	0	0
dbo:MeanOfTransportation	dbo:wikiPageWikiLink	57779	M0	ANY	0	887	34.81176552	0.06224	0.00009	0.00024	0.00111	0.00253	0.00467	0.00763	0.01021	0.0139	0.01572	0.01895	0.02058	0.02243	0.02489
dbo:MeanOfTransportation	dbp:wikiPageUsesTemplate	57779	M0	ANY	0	114	8.824572942	0.06354	0.00526	0.01111	0.02406	0.04545	0.07395	0.09612	0.10461	0.0991	0.09746	0.08505	0.06523	0.05139	0.0388
dbo:MeanOfTransportation	rdf:type	57779	M1	ANY	1	23	8.065612074	0	0.00877	0.00656	0.00621	0.00379	0.08384	0.17989	0.15049	0.13533	0.15549	0.11937	0.07733	0.04085	0.01829
dbo:MeanOfTransportation	owl:sameAs	57779	M0	ANY	0	110	5.915834473	0.07127	0.00157	0.01783	0.2012	0.25013	0.11997	0.07946	0.05585	0.03936	0.02897	0.02309	0.01781	0.01312	0.01102
dbo:MeanOfTransportation	dc:subject	57779	M0	ANY	0	32	4.346665744	0.06262	0.06435	0.13167	0.15099	0.17195	0.1374	0.09533	0.06646	0.04249	0.02866	0.01964	0.01201	0.00654	0.00343
dbo:MeanOfTransportation	dbo:wikiPageWikiLinkText	57779	M0	ANY	0	306	3.702002458	0.09047	0.23261	0.223	0.15213	0.09808	0.05852	0.03595	0.0233	0.01523	0.01083	0.00862	0.00711	0.00573	0.00421
dbo:MeanOfTransportation	dbo:wikiPageExternalLink	57779	M0	ANY	0	196	1.528081137	0.42489	0.22529	0.15161	0.08597	0.04152	0.02426	0.01347	0.00919	0.00587	0.00403	0.00292	0.00182	0.00147	0.00106
dbo:MeanOfTransportation	dbo:wikiPageOutDegree	57779	M1	M1	0	2	0.937780162	0.06224	0.93775	0.00002	0	0	0	0	0	0	0	0	0	0	0
dbo:MeanOfTransportation	dbo:wikiPageRevisionID	57779	M1	M1	0	2	0.937780162	0.06224	0.93775	0.00002	0	0	0	0	0	0	0	0	0	0	0
dbo:MeanOfTransportation	prov:wasDerivedFrom	57779	M1	M1	0	2	0.937780162	0.06224	0.93775	0.00002	0	0	0	0	0	0	0	0	0	0	0
dbo:MeanOfTransportation	dbo:wikiPageID	57779	M1	M1	0	2	0.937780162	0.06224	0.93775	0.00002	0	0	0	0	0	0	0	0	0	0	0
dbo:MeanOfTransportation	dbo:wikiPageLength	57779	M1	M1	0	2	0.937780162	0.06224	0.93775	0.00002	0	0	0	0	0	0	0	0	0	0	0
dbo:MeanOfTransportation	rdfs:label	57779	M1	M1	0	1	0.937762855	0.06224	0.93776	0	0	0	0	0	0	0	0	0	0	0	0
dbo:MeanOfTransportation	foaf:isPrimaryTopicOf	57779	M1	M1	0	1	0.937762855	0.06224	0.93776	0	0	0	0	0	0	0	0	0	0	0	0
dbo:MeanOfTransportation	foaf:name	57779	M0	ANY	0	20	0.925751571	0.33393	0.5197	0.09503	0.02523	0.01132	0.00635	0.00346	0.00218	0.00107	0.00066	0.0004	0.00021	0.00014	0.0001
dbo:MeanOfTransportation	rdfs:comment	57779	M0	M1	0	1	0.922411257	0.07759	0.92241	0	0	0	0	0	0	0	0	0	0	0	0
dbo:MeanOfTransportation	dbo:abstract	57779	M1	M1	0	1	0.922359335	0.07764	0.92236	0	0	0	0	0	0	0	0	0	0	0	0
dbo:MeanOfTransportation	gold:hypernym	57779	M0	M1	0	1	0.812752038	0.18725	0.81275	0	0	0	0	0	0	0	0	0	0	0	0
dbo:MeanOfTransportation	dbo:builder	57779	M0	ANY	0	13	0.642257568	0.61264	0.18725	0.15333	0.04166	0.00334	0.001	0.00066	0.00005	0.00002	0.00002	0.00002	0	0	0.00002
dbo:MeanOfTransportation	dbo:thumbnail	57779	M0	M1	0	1	0.611415912	0.38858	0.61142	0	0	0	0	0	0	0	0	0	0	0	0
dbo:MeanOfTransportation	foaf:depiction	57779	M0	M1	0	1	0.611415912	0.38858	0.61142	0	0	0	0	0	0	0	0	0	0	0	0
dbo:MeanOfTransportation	dbo:length	57779	M0	M1	0	6	0.591027882	0.41666	0.57711	0.00509	0.00092	0.00016	0.00005	0.00002	0	0	0	0	0	0	0
dbo:MeanOfTransportation	dbo:MeanOfTransportation/length	57779	M0	M1	0	6	0.588656778	0.41898	0.57485	0.00504	0.00092	0.00016	0.00005	0.00002	0	0	0	0	0	0	0
dbo:MeanOfTransportation	dbp:shipBuilder	57779	M0	ANY	0	5	0.561380432	0.61687	0.2405	0.1084	0.03292	0.00125	0.00007	0	0	0	0	0	0	0	0
dbo:MeanOfTransportation	dbo:status	57779	M0	M1	0	11	0.491406913	0.59563	0.34023	0.04933	0.00995	0.00298	0.00114	0.00043	0.00017	0.00007	0.00002	0.00003	0.00002	0	0
dbo:MeanOfTransportation	dbo:shipBeam	57779	M0	M1	0	5	0.479897541	0.54968	0.42218	0.027	0.00092	0.00016	0.00007	0	0	0	0	0	0	0	0
dbo:MeanOfTransportation	dbp:shipName	57779	M0	M1	0	10	0.453469254	0.60596	0.34414	0.04259	0.0058	0.00112	0.00021	0.0001	0.00002	0.00002	0.00002	0.00002	0	0	0
dbo:MeanOfTransportation	dbp:shipFate	57779	M0	M1	0	8	0.407085619	0.63932	0.3251	0.02795	0.0054	0.00152	0.00055	0.0001	0.00002	0.00003	0	0	0	0	0
dbo:MeanOfTransportation	dbo:engine	57779	M0	ANY	0	119	0.387822565	0.88984	0.05184	0.01573	0.0099	0.00858	0.00467	0.00493	0.00284	0.00272	0.00112	0.00138	0.00059	0.00106	0.00043
dbo:MeanOfTransportation	dbp:shipPropulsion	57779	M0	M1	0	9	0.379791966	0.62374	0.37353	0.00228	0.00031	0.00005	0.00003	0.00002	0.00002	0	0.00002	0	0	0	0
dbo:MeanOfTransportation	dbp:shipLaunched	57779	M0	M1	0	3	0.377767009	0.6228	0.37664	0.00054	0.00002	0	0	0	0	0	0	0	0	0	0
dbo:MeanOfTransportation	dbp:shipCountry	57779	M0	ANY	0	7	0.37594974	0.67933	0.27237	0.04251	0.00483	0.0008	0.00016	0	0.00002	0	0	0	0	0	0
dbo:MeanOfTransportation	dbp:shipArmament	57779	M0	M1	0	23	0.369701795	0.6456	0.34606	0.00587	0.00138	0.00036	0.0001	0.00017	0.00012	0.00005	0.00005	0.00009	0.00002	0	0.00003
dbo:MeanOfTransportation	dbp:manufacturer	57779	M0	M1	0	12	0.344121567	0.69089	0.28398	0.019	0.004	0.0013	0.00048	0.00019	0.00009	0	0	0	0.00005	0.00002	0
dbo:MeanOfTransportation	dbp:shipComplement	57779	M0	M1	0	5	0.336835182	0.66716	0.32958	0.00268	0.00043	0.0001	0.00003	0	0	0	0	0	0	0	0
dbo:MeanOfTransportation	dbp:name	57779	M0	M1	0	37	0.326312328	0.75379	0.2133	0.01603	0.00651	0.00422	0.00218	0.00133	0.00076	0.00045	0.00043	0.00031	0.00022	0.00009	0.0001
dbo:MeanOfTransportation	dbo:manufacturer	57779	M0	M1	0	12	0.314422195	0.72069	0.25386	0.01911	0.00447	0.00099	0.00059	0.00017	0.00007	0.00002	0	0	0.00002	0.00002	0
dbo:MeanOfTransportation	dbo:shipLaunch	57779	M0	M1	0	2	0.301476315	0.6988	0.30092	0.00028	0	0	0	0	0	0	0	0	0	0	0
dbo:MeanOfTransportation	dbo:topSpeed	57779	M0	M1	0	4	0.287059312	0.71649	0.28026	0.00299	0.00022	0.00003	0	0	0	0	0	0	0	0	0
dbo:MeanOfTransportation	dbp:engine	57779	M0	ANY	0	62	0.278959484	0.89744	0.0598	0.0144	0.00876	0.00462	0.00358	0.00222	0.00197	0.00144	0.00114	0.00092	0.00048	0.00042	0.00035
dbo:Event	dbo:wikiPageWikiLink	101271	M0	ANY	0	3234	48.75764039	0.1941	0.00009	0.00064	0.00101	0.00202	0.00321	0.00674	0.00908	0.01026	0.01223	0.01239	0.01327	0.01403	0.01456
dbo:Event	rdf:type	101271	M1	ANY	1	40	8.064134846	0	0.00547	0.03013	0.04886	0.04868	0.2304	0.03095	0.05193	0.14917	0.08405	0.05461	0.0712	0.06203	0.04424
dbo:Event	dbp:wikiPageUsesTemplate	101271	M0	ANY	0	288	7.1730999	0.19755	0.01474	0.02952	0.04771	0.06897	0.07815	0.08208	0.08046	0.06897	0.05942	0.05047	0.03971	0.03286	0.02589
dbo:Event	owl:sameAs	101271	M0	ANY	0	127	5.495867524	0.20409	0.00239	0.02167	0.27689	0.1278	0.08038	0.05778	0.03887	0.02954	0.0214	0.01763	0.0135	0.01145	0.01005
dbo:Event	dbo:wikiPageWikiLinkText	101271	M0	ANY	0	364	5.391365741	0.21309	0.16218	0.13003	0.09455	0.07114	0.0542	0.04147	0.03457	0.02866	0.02294	0.01941	0.01581	0.01233	0.01007
dbo:Event	dc:subject	101271	M0	ANY	0	207	3.401477224	0.19601	0.0957	0.12889	0.18686	0.12298	0.08496	0.05716	0.04118	0.0277	0.01806	0.01187	0.00729	0.0045	0.00446
dbo:Event	dbo:wikiPageExternalLink	101271	M0	ANY	0	634	2.775108373	0.45775	0.21132	0.12078	0.06199	0.03418	0.02247	0.01434	0.01054	0.00786	0.006	0.0052	0.00345	0.00326	0.00258
dbo:Event	dbp:goals	101271	M0	ANY	0	541	2.705048829	0.8828	0.01942	0.01145	0.01095	0.00806	0.00563	0.00408	0.00268	0.00238	0.00197	0.00214	0.00199	0.00206	0.00183
dbo:Event	dbp:stadium	101271	M0	ANY	0	307	1.183507618	0.86917	0.0233	0.04346	0.00645	0.01133	0.0031	0.00483	0.00226	0.00409	0.00179	0.00301	0.00129	0.00253	0.00087
dbo:Event	dbp:date	101271	M0	M1	0	207	1.101075333	0.64384	0.25368	0.02299	0.01278	0.0084	0.00802	0.00734	0.00425	0.00513	0.00422	0.00392	0.00286	0.00319	0.0027
dbo:Event	dbp:team	101271	M0	ANY	0	405	0.9550118	0.89628	0.00347	0.04505	0.00254	0.01779	0.00211	0.00257	0.00159	0.00638	0.00147	0.00156	0.001	0.00146	0.00072
dbo:Event	dbp:report	101271	M0	ANY	0	304	0.947131953	0.92828	0.02659	0.00553	0.00358	0.00285	0.00206	0.00404	0.00189	0.00146	0.0008	0.00085	0.00072	0.00144	0.00075
dbo:Event	dbp:percentage	101271	M0	ANY	0	432	0.871750057	0.92643	0.00209	0.02217	0.01223	0.00642	0.00442	0.00489	0.00268	0.00223	0.00197	0.00122	0.00115	0.00086	0.00094
dbo:Event	dbp:candidate	101271	M0	ANY	0	494	0.833130906	0.96487	0.00071	0.00552	0.00389	0.00366	0.00289	0.00254	0.00172	0.00131	0.00113	0.00088	0.00084	0.00064	0.00056
dbo:Event	dbo:wikiPageOutDegree	101271	M1	M1	0	1	0.805897049	0.1941	0.8059	0	0	0	0	0	0	0	0	0	0	0	0
dbo:Event	dbo:wikiPageRevisionID	101271	M1	M1	0	1	0.805897049	0.1941	0.8059	0	0	0	0	0	0	0	0	0	0	0	0
dbo:Event	rdfs:label	101271	M1	M1	0	1	0.805897049	0.1941	0.8059	0	0	0	0	0	0	0	0	0	0	0	0
dbo:Event	prov:wasDerivedFrom	101271	M1	M1	0	1	0.805897049	0.1941	0.8059	0	0	0	0	0	0	0	0	0	0	0	0
dbo:Event	foaf:isPrimaryTopicOf	101271	M1	M1	0	1	0.805897049	0.1941	0.8059	0	0	0	0	0	0	0	0	0	0	0	0
dbo:Event	dbo:wikiPageID	101271	M1	M1	0	1	0.805897049	0.1941	0.8059	0	0	0	0	0	0	0	0	0	0	0	0
dbo:Event	dbo:wikiPageLength	101271	M1	M1	0	1	0.805897049	0.1941	0.8059	0	0	0	0	0	0	0	0	0	0	0	0
dbo:Event	dbp:votes	101271	M0	ANY	0	588	0.800999299	0.97067	0.00018	0.00195	0.00244	0.00246	0.00229	0.00204	0.00212	0.00144	0.00137	0.00121	0.00102	0.00101	0.00085
dbo:Event	rdfs:comment	101271	M0	M1	0	1	0.787560111	0.21244	0.78756	0	0	0	0	0	0	0	0	0	0	0	0
dbo:Event	dbo:abstract	101271	M0	M1	0	1	0.787550236	0.21245	0.78755	0	0	0	0	0	0	0	0	0	0	0	0
dbo:Event	dbp:referee	101271	M0	ANY	0	220	0.738414749	0.90758	0.03644	0.01299	0.00437	0.00396	0.00292	0.00492	0.00209	0.00194	0.00146	0.00166	0.00136	0.00172	0.00094
dbo:Event	dbp:attendance	101271	M0	ANY	0	250	0.667742987	0.89234	0.06129	0.00969	0.00449	0.00293	0.00344	0.00318	0.00199	0.00172	0.00136	0.00118	0.00127	0.00115	0.00091
dbo:Event	dbp:count	101271	M0	M1	0	1035	0.636914813	0.97304	0.02457	0.00006	0	0.00001	0.00002	0.00001	0.00001	0	0.00002	0	0	0.00001	0
dbo:Event	dbp:commander	101271	M0	ANY	0	110	0.500281423	0.87733	0.00814	0.04914	0.02223	0.01362	0.00755	0.00551	0.00334	0.00262	0.00206	0.00136	0.00106	0.00119	0.00083
dbo:Event	dbp:score	101271	M0	ANY	0	99	0.496766103	0.86462	0.04864	0.01464	0.01316	0.01397	0.01374	0.01148	0.00766	0.00432	0.00292	0.00135	0.00103	0.00058	0.00031
dbo:Event	gold:hypernym	101271	M0	M1	0	1	0.460329216	0.53967	0.46033	0	0	0	0	0	0	0	0	0	0	0	0
dbo:Event	dbo:commander	101271	M0	ANY	0	103	0.454838996	0.88298	0.01899	0.03969	0.01975	0.01182	0.00665	0.00507	0.00311	0.0022	0.00189	0.00117	0.00113	0.00095	0.00069
dbo:Event	dbp:caption	101271	M0	ANY	0	198	0.379664465	0.84266	0.14104	0.00837	0.00197	0.0007	0.00034	0.00016	0.00009	0.00005	0.00003	0.00005	0.00006	0.00004	0.00001
dbo:Event	foaf:name	101271	M0	M1	0	79	0.365929042	0.65807	0.328	0.01076	0.00197	0.00047	0.00016	0.0001	0.00006	0.00008	0.00006	0.00003	0.00004	0.00004	0.00003
dbo:Event	foaf:depiction	101271	M0	M1	0	2	0.364971216	0.63505	0.36493	0.00002	0	0	0	0	0	0	0	0	0	0	0
dbo:Event	dbo:thumbnail	101271	M0	M1	0	1	0.364951467	0.63505	0.36495	0	0	0	0	0	0	0	0	0	0	0	0
dbo:Event	dbp:time	101271	M0	M1	0	233	0.352865085	0.92454	0.02666	0.00937	0.00637	0.00581	0.00431	0.00397	0.00357	0.0037	0.00293	0.00195	0.00112	0.0011	0.00075
dbo:Event	dbo:time	101271	M0	M1	0	68	0.351225919	0.83558	0.13111	0.00888	0.00506	0.00433	0.00242	0.002	0.00144	0.00141	0.00086	0.00103	0.00079	0.00085	0.00049
dbo:Event	dbo:combatant	101271	M0	ANY	0	58	0.348737546	0.88457	0.01879	0.05729	0.01568	0.00891	0.00413	0.00229	0.00183	0.0014	0.00089	0.00075	0.00066	0.0004	0.00043
dbo:Event	dbp:penalties	101271	M0	ANY	0	154	0.343513938	0.98119	0.00022	0.00014	0.00002	0.00008	0.00016	0.0004	0.00111	0.00169	0.00248	0.00274	0.00017	0.00128	0.00014
dbo:Event	dbo:strength	101271	M0	ANY	0	57	0.332582872	0.8979	0.00973	0.05262	0.01242	0.00927	0.00508	0.00387	0.00233	0.00186	0.0011	0.00095	0.0006	0.00053	0.00032
dbo:Food	dbo:wikiPageWikiLink	14889	M0	ANY	0	950	36.91685137	0.00571	0.00054	0.00249	0.00651	0.01122	0.01531	0.02143	0.02613	0.02633	0.03076	0.03123	0.03184	0.03298	0.03264
dbo:Food	owl:sameAs	14889	M0	ANY	0	117	9.268856203	0.01424	0.00672	0.01169	0.2888	0.14111	0.09369	0.0675	0.05165	0.03996	0.02935	0.02546	0.02122	0.0182	0.01612
dbo:Food	dbp:wikiPageUsesTemplate	14889	M0	ANY	0	129	5.513466317	0.01478	0.0499	0.10968	0.14669	0.1579	0.13728	0.10619	0.07845	0.05239	0.03694	0.02566	0.01827	0.01417	0.01135
dbo:Food	rdf:type	14889	M1	ANY	1	24	5.05715629	0	0.11781	0.0812	0.09658	0.15582	0.17986	0.11733	0.08288	0.0634	0.03479	0.02136	0.01377	0.01014	0.00786
dbo:Food	dbo:wikiPageWikiLinkText	14889	M0	ANY	0	173	4.648801128	0.0309	0.27551	0.25401	0.1258	0.07247	0.04359	0.03049	0.02505	0.01659	0.01417	0.01303	0.01088	0.00725	0.00846
dbo:Food	dc:subject	14889	M0	ANY	0	52	3.485727718	0.00927	0.16059	0.24273	0.20848	0.1436	0.08886	0.0536	0.03069	0.01941	0.01323	0.00853	0.00484	0.00437	0.00309
dbo:Food	dbo:wikiPageExternalLink	14889	M0	ANY	0	140	1.404526832	0.51306	0.19827	0.11653	0.06233	0.03721	0.02196	0.01464	0.0092	0.00598	0.00369	0.00343	0.00255	0.00175	0.00128
dbo:Food	dbo:wikiPageOutDegree	14889	M1	M1	0	1	0.994425415	0.00557	0.99443	0	0	0	0	0	0	0	0	0	0	0	0
dbo:Food	dbo:wikiPageRevisionID	14889	M1	M1	0	1	0.994425415	0.00557	0.99443	0	0	0	0	0	0	0	0	0	0	0	0
dbo:Food	rdfs:label	14889	M1	M1	0	1	0.994425415	0.00557	0.99443	0	0	0	0	0	0	0	0	0	0	0	0
dbo:Food	prov:wasDerivedFrom	14889	M1	M1	0	1	0.994425415	0.00557	0.99443	0	0	0	0	0	0	0	0	0	0	0	0
dbo:Food	foaf:isPrimaryTopicOf	14889	M1	M1	0	1	0.994425415	0.00557	0.99443	0	0	0	0	0	0	0	0	0	0	0	0
dbo:Food	dbo:wikiPageID	14889	M1	M1	0	1	0.994425415	0.00557	0.99443	0	0	0	0	0	0	0	0	0	0	0	0
dbo:Food	dbo:wikiPageLength	14889	M1	M1	0	1	0.994425415	0.00557	0.99443	0	0	0	0	0	0	0	0	0	0	0	0
dbo:Food	dbo:abstract	14889	M1	M1	0	1	0.98173148	0.01827	0.98173	0	0	0	0	0	0	0	0	0	0	0	0
dbo:Food	rdfs:comment	14889	M1	M1	0	1	0.98173148	0.01827	0.98173	0	0	0	0	0	0	0	0	0	0	0	0
dbo:Food	gold:hypernym	14889	M0	M1	0	1	0.902612667	0.09739	0.90261	0	0	0	0	0	0	0	0	0	0	0	0
dbo:Food	dbo:ingredient	14889	M0	ANY	0	17	0.836792263	0.74955	0.05279	0.05353	0.04849	0.03499	0.02418	0.01464	0.0086	0.00578	0.00329	0.00161	0.00128	0.00067	0.00034
dbo:Food	dbo:thumbnail	14889	M0	M1	0	1	0.635099738	0.3649	0.6351	0	0	0	0	0	0	0	0	0	0	0	0
dbo:Food	foaf:depiction	14889	M0	M1	0	1	0.635099738	0.3649	0.6351	0	0	0	0	0	0	0	0	0	0	0	0
dbo:Food	dbp:name	14889	M0	M1	0	152	0.482503862	0.54382	0.44254	0.01155	0.00168	0.0002	0	0.00013	0	0	0	0	0	0	0
dbo:Food	foaf:name	14889	M0	M1	0	14	0.416952112	0.59185	0.40157	0.00578	0.00047	0.00007	0	0.0002	0	0	0	0	0	0	0
dbo:Food	dbp:mainIngredient	14889	M0	M1	0	13	0.383235946	0.73517	0.21298	0.02048	0.0137	0.00819	0.00557	0.00175	0.00121	0.00047	0.0002	0.00013	0	0.00007	0.00007
dbo:Food	dbp:type	14889	M0	ANY	0	5	0.295251528	0.71442	0.27685	0.00806	0.00047	0.00013	0.00007	0	0	0	0	0	0	0	0
dbo:Food	dbo:type	14889	M0	ANY	0	5	0.279065082	0.7564	0.21412	0.02458	0.0041	0.00054	0.00027	0	0	0	0	0	0	0	0
dbo:Food	dbo:ingredientName	14889	M0	M1	0	13	0.276983008	0.73511	0.25992	0.00269	0.0006	0.00047	0.0004	0.00027	0.00027	0.0002	0	0	0	0	0.00007
dbo:Food	dbp:country	14889	M0	ANY	0	14	0.271072604	0.74787	0.23917	0.01007	0.00148	0.00081	0.0002	0.00027	0	0.00007	0	0	0	0	0
dbo:Food	dbo:country	14889	M0	ANY	0	20	0.263415945	0.77238	0.20384	0.018	0.00363	0.00121	0.00027	0.00027	0	0.00013	0.00007	0	0	0	0
dbo:Food	dbp:caption	14889	M0	M1	0	34	0.222849083	0.80281	0.18692	0.00591	0.00175	0.00101	0.0006	0.00027	0	0.0004	0	0.00007	0	0	0
dbo:Food	dbo:region	14889	M0	ANY	0	10	0.152192894	0.89623	0.07798	0.01545	0.00484	0.00208	0.00175	0.00081	0.00034	0.00034	0.00013	0.00007	0	0	0
dbo:Food	dbp:region	14889	M0	ANY	0	10	0.143327289	0.88078	0.10478	0.00981	0.00249	0.00081	0.00054	0.00047	0.00013	0.00007	0.00007	0.00007	0	0	0
dbo:Food	dbo:synonym	14889	M0	ANY	0	42	0.093357512	0.97851	0.00557	0.00376	0.00322	0.00269	0.00154	0.00107	0.00081	0.00054	0.00027	0.0006	0.00013	0.00013	0.00007
dbo:Food	foaf:homepage	14889	M0	M1	0	6	0.090469474	0.91262	0.08469	0.00249	0.00013	0	0	0.00007	0	0	0	0	0	0	0
dbo:Food	dbo:alias	14889	M0	ANY	0	18	0.088857546	0.91732	0.08053	0.00114	0.00034	0.00027	0.00007	0	0	0.00007	0.00013	0.00007	0	0	0
dbo:Food	dbp:alternateName	14889	M0	ANY	0	10	0.085768017	0.91786	0.08033	0.00114	0.00034	0.00013	0.00007	0	0	0	0.00007	0.00007	0	0	0
dbo:Food	dbp:course	14889	M0	ANY	0	4	0.085700853	0.91806	0.07892	0.00242	0.00047	0.00013	0	0	0	0	0	0	0	0	0
dbo:Food	dce:type	14889	M0	ANY	0	2	0.08180536	0.91826	0.08167	0.00007	0	0	0	0	0	0	0	0	0	0	0
dbo:Food	rdfs:seeAlso	14889	M0	ANY	0	26	0.067700987	0.96642	0.01887	0.00786	0.00269	0.00148	0.00128	0.0004	0.00027	0.0002	0.00013	0.0002	0.00007	0	0
dbo:Food	dbp:origin	14889	M0	M1	0	3	0.066492041	0.94096	0.05252	0.00557	0.00094	0	0	0	0	0	0	0	0	0	0
dbo:Food	dbo:origin	14889	M0	M1	0	4	0.060044328	0.94781	0.04507	0.00645	0.0006	0.00007	0	0	0	0	0	0	0	0	0
