"AntMin","DataMin","DataMax","Mean","Mode","Quad..Mean","Kurtosis","Std..Deviation","Skewness","Variance","X98P","X2P","X75P","X25P","Dist..Card.","Dist..Mean.","Dist..Quad..Mean.","Dist..Kur.","Dist..Std..Devi.","Dist..Skew.","Dist..Vari.","P..Min.","P..Max.","P..Mode.","P..0","P.1","P..Mean","P..Quad..Mean.","P..Kurtosis.","P..Std..Dev.","P..Skew.","P..Vari."
"M0",0,33,1.45893,1,1.82835,10.347,1.10199,1.66666,1.21438,4,0,2,1,20,11.15,14.11205,0.62082,8.87501,1.01604,78.76579,0,0.4832,0.4832,0.1395,0.4832,0.05,0.12586,9.80355,0.1185,3.02811,0.01404
"M0",0,432,0.87175,0,9.16794,654.47778,9.12644,22.94299,83.29192,7,0,0,0,212,131.4434,163.27006,-0.28124,97.07832,0.72053,9424.20057,1e-05,0.92643,0.92643,0.92643,0.00209,0.00472,0.06366,211.63388,0.06363,14.54168,0.00405
"M0",0,1,0.34237,0,0.58512,-1.5586,0.47451,0.66443,0.22516,1,0,1,0,2,0.5,0.70711,0,0.70711,0,0.5,0.34237,0.65763,0.65763,0.65763,0.34237,0.5,0.52426,0,0.22292,0,0.0497
"M0",0,5,0.35048,0,0.59342,-1.48719,0.47886,0.65192,0.22931,1,0,1,0,6,2.5,3.02765,-1.2,1.87083,0,3.5,0,0.65033,0.65033,0.65033,0.3489,0.16667,0.30129,0.96389,0.27495,1.45396,0.0756
"M0",0,129,5.51347,4,6.94421,85.70132,4.22196,5.08537,17.82493,17,1,7,3,48,27.60417,36.73185,7.12161,24.48946,2.27115,599.7336,7e-05,0.1579,0.1579,0.01478,0.0499,0.02083,0.04634,4.07413,0.04183,2.26212,0.00175
"M0",0,1,0.37204,0,0.60995,-1.71968,0.48335,0.52945,0.23363,1,0,1,0,2,0.5,0.70711,0,0.70711,0,0.5,0.37204,0.62796,0.62796,0.62796,0.37204,0.5,0.51611,0,0.18096,0,0.03275
"M0",0,4,0.45959,0,0.68039,-1.85159,0.5017,0.2022,0.2517,1,0,1,0,5,2,2.44949,-1.2,1.58114,0,2.5,0,0.54207,0.54207,0.54207,0.45628,0.2,0.31687,-3.01158,0.27479,0.66379,0.07551
"M0",0,3,0.23984,0,0.48976,-0.51223,0.42701,1.21904,0.18234,1,0,0,0,4,1.5,1.87083,-1.2,1.29099,0,1.66667,0,0.76017,0.76017,0.76017,0.23982,0.25,0.39855,1.76224,0.35841,1.47022,0.12846
"M0",0,5,0.36794,0,0.77397,3.44402,0.68092,1.93629,0.46365,2,0,1,0,6,2.5,3.02765,-1.2,1.87083,0,3.5,4e-05,0.72996,0.72996,0.72996,0.18885,0.16667,0.30903,4.65008,0.28507,2.13693,0.08127
"M0",0,13,0.49005,0,0.8086,8.80902,0.64319,1.71982,0.41369,2,0,1,0,13,6.07692,7.20577,-0.98902,4.03033,0.12337,16.24359,1e-05,0.57212,0.57212,0.57212,0.37863,0.07692,0.19061,4.80405,0.18152,2.37839,0.03295
"M0",0,1,0.51634,1,0.71857,-1.99776,0.49986,-0.06546,0.24986,1,0,1,0,2,0.5,0.70711,0,0.70711,0,0.5,0.48366,0.51634,0.51634,0.48366,0.51634,0.5,0.50027,0,0.02311,0,0.00053
"M0",0,369,0.20437,0,1.19093,8892.58838,1.17327,51.52504,1.37656,4,0,0,0,101,65.92079,86.08883,7.48499,55.64525,1.95987,3096.39366,0,0.93343,0.93343,0.93343,0.01997,0.0099,0.09292,100.81171,0.09286,10.0361,0.00862
"M0",0,21,0.82672,1,1.01816,26.83741,0.59429,1.64118,0.35318,2,0,1,0,15,8,10.01332,0.11494,6.23355,0.84521,38.85714,1e-05,0.67933,0.67933,0.2539,0.67933,0.06667,0.18785,10.55428,0.18179,3.19772,0.03305
"M0",0,13,0.38324,0,0.94428,25.10621,0.86304,4.09652,0.74485,3,0,1,0,13,6.15385,7.3275,-1.0079,4.14017,0.17072,17.14103,7e-05,0.73517,0.73517,0.73517,0.21298,0.07692,0.21241,10.4751,0.20608,3.19014,0.04247
"M0",0,1,0.90261,1,0.95006,5.37838,0.29649,-2.71618,0.08791,1,0,1,1,2,0.5,0.70711,0,0.70711,0,0.5,0.09739,0.90261,0.90261,0.09739,0.90261,0.5,0.64195,0,0.56938,0,0.32419
"M0",0,1,0.61142,1,0.78193,-1.79106,0.48743,-0.45717,0.23759,1,0,1,0,2,0.5,0.70711,0,0.70711,0,0.5,0.38858,0.61142,0.61142,0.38858,0.61142,0.5,0.51226,0,0.15757,0,0.02483
"M0",0,152,0.4825,0,1.43655,10560.91354,1.35314,94.35544,1.83098,1,0,1,0,7,24,57.5326,6.97265,56.47713,2.639,3189.66667,7e-05,0.54382,0.54382,0.54382,0.44254,0.14286,0.26504,-0.45093,0.24113,1.29112,0.05814
"M0",0,1,0.34964,0,0.5913,-1.60229,0.47686,0.63066,0.22739,1,0,1,0,2,0.5,0.70711,0,0.70711,0,0.5,0.34964,0.65036,0.65036,0.65036,0.34964,0.5,0.52212,0,0.21265,0,0.04522
"M0",0,196,1.52808,0,3.14729,552.42107,2.75146,12.8706,7.57055,8,0,2,0,55,33.09091,45.63013,12.32605,31.70774,2.87846,1005.38047,2e-05,0.42489,0.42489,0.42489,0.22529,0.01818,0.06932,26.2573,0.06751,4.90833,0.00456
"M0",0,27,0.94065,0,2.18908,11.4787,1.97668,3.1866,3.90727,9,0,1,0,24,11.91667,14.14803,-0.7658,7.79028,0.30207,60.68841,0,0.64273,0.64273,0.64273,0.17684,0.04167,0.13711,19.87854,0.13344,4.36168,0.01781
"M0",0,4,0.33198,0,0.66783,1.38396,0.57947,1.55813,0.33578,2,0,1,0,5,2,2.44949,-1.2,1.58114,0,2.5,0,0.725,0.725,0.725,0.21805,0.2,0.33953,3.23446,0.30676,1.81556,0.0941
"M0",0,5,0.10266,0,0.37748,31.54497,0.36335,4.66314,0.13202,1,0,0,0,5,2.2,2.79285,-0.02191,1.92354,0.59013,3.7,0.00051,0.91216,0.91216,0.91216,0.07661,0.2,0.40938,4.86972,0.39937,2.20186,0.15949
"M0",0,123,9.01964,3,15.38252,13.63086,12.46079,3.3042,155.27118,52,0,9,3,118,58.91525,68.38463,-1.14023,34.86766,0.05477,1215.75344,2e-05,0.31105,0.31105,0.04767,0.00657,0.00847,0.03361,65.61072,0.03267,7.5785,0.00107
"M0",0,110,0.50028,0,2.13653,308.03255,2.07714,12.05475,4.3145,6,0,0,0,57,32.42105,40.64351,1.16912,24.72849,1.11358,611.49812,1e-05,0.87733,0.87733,0.87733,0.00814,0.01754,0.11645,56.52219,0.11615,7.5045,0.01349
"M0",0,1,0.76408,1,0.87412,-0.45248,0.42457,-1.24399,0.18026,1,0,1,1,2,0.5,0.70711,0,0.70711,0,0.5,0.23592,0.76408,0.76408,0.23592,0.76408,0.5,0.56545,0,0.37347,0,0.13948
"M0",0,30,0.80309,0,1.41761,35.06026,1.16819,4.23766,1.36467,4,0,1,0,25,12.44,14.78242,-0.61225,8.15005,0.34624,66.42333,0,0.46326,0.46326,0.46326,0.3894,0.04,0.12276,9.3791,0.11845,3.20022,0.01403
"M0",0,233,0.35287,0,2.14054,1802.55843,2.11127,25.2594,4.45744,6,0,0,0,58,37.36207,52.67712,12.29209,37.45861,2.86671,1403.14731,1e-05,0.92454,0.92454,0.92454,0.02666,0.01724,0.12147,57.87605,0.12129,7.60395,0.01471
"M0",0,196,1.52808,0,3.14729,552.42107,2.75146,12.8706,7.57055,8,0,2,0,55,33.09091,45.63013,12.32605,31.70774,2.87846,1005.38047,2e-05,0.42489,0.42489,0.42489,0.22529,0.01818,0.06932,26.2573,0.06751,4.90833,0.00456
"M0",0,110,5.91583,4,8.1278,27.95941,5.57356,3.97109,31.06462,23,0,7,3,83,42.20482,49.51828,-0.77602,26.05752,0.24382,678.99412,2e-05,0.25013,0.25013,0.07127,0.00157,0.01205,0.0405,23.63537,0.0389,4.6803,0.00151
"M0",0,9,1.40379,0,2.30849,-1.05353,1.83263,0.74501,3.35853,5,0,3,0,10,4.5,5.33854,-1.2,3.02765,0,9.16667,0,0.60263,0.60263,0.60263,0.00331,0.1,0.20236,7.53283,0.18544,2.66136,0.03439
"M0",0,1,0.0761,0,0.27586,8.24741,0.26522,3.19984,0.07034,1,0,0,0,2,0.5,0.70711,0,0.70711,0,0.5,0.0761,0.9239,0.9239,0.9239,0.0761,0.5,0.65551,0,0.59949,0,0.35939
"M0",0,4,0.28706,0,0.54297,-0.3,0.46088,1.08204,0.21241,1,0,1,0,5,2,2.44949,-1.2,1.58114,0,2.5,3e-05,0.71649,0.71649,0.71649,0.28026,0.2,0.34407,1.88336,0.31301,1.55809,0.09798
"M0",0,541,2.70505,0,16.37736,193.71719,16.1525,11.56718,260.90315,39,0,0,0,285,157.26667,192.19687,1.01097,110.67889,0.95657,12249.81596,1e-05,0.8828,0.8828,0.8828,0.01942,0.00351,0.05232,284.44199,0.05229,16.85748,0.00273
"M0",0,21,0.77617,1,0.96102,16.56555,0.56667,1.07814,0.32111,2,0,1,0,10,5.7,8.03119,5.42991,5.96378,2.11587,35.56667,1e-05,0.67838,0.67838,0.27916,0.67838,0.1,0.23222,6.0709,0.22092,2.47572,0.04881
"M0",0,1,0.78755,1,0.88744,-0.02319,0.40904,-1.40599,0.16732,1,0,1,1,2,0.5,0.70711,0,0.70711,0,0.5,0.21245,0.78755,0.78755,0.21245,0.78755,0.5,0.57679,0,0.40666,0,0.16537
"M0",0,511,1.56953,1,3.11403,2149.57678,2.68956,25.95761,7.23375,7,0,2,1,166,95.13253,122.84386,6.34419,77.95527,2.00118,6077.02475,0,0.45115,0.45115,0.20629,0.45115,0.00602,0.0419,85.61302,0.04159,8.82342,0.00173
"M0",0,6,0.38145,0,0.89927,4.18893,0.81437,2.1902,0.66319,3,0,0,0,7,3,3.60555,-1.2,2.16025,0,4.66667,6e-05,0.78343,0.78343,0.78343,0.09439,0.14286,0.30023,6.56942,0.28522,2.54161,0.08135
"M0",0,541,2.70505,0,16.37736,193.71719,16.1525,11.56718,260.90315,39,0,0,0,285,157.26667,192.19687,1.01097,110.67889,0.95657,12249.81596,1e-05,0.8828,0.8828,0.8828,0.01942,0.00351,0.05232,284.44199,0.05229,16.85748,0.00273
"M0",0,15,0.97304,0,1.39288,-1.95624,0.99664,0.05952,0.9933,2,0,2,0,8,4.5,6.2849,4.14215,4.69042,1.86066,22,0,0.50994,0.50994,0.50994,0.00741,0.125,0.24821,0.028,0.22924,1.44407,0.05255
"M0",0,1654,56.06639,12,101.54941,94.58075,84.69064,6.93109,7172.50453,310.46,2,67,13,254,166.4252,238.61106,29.07778,171.3285,4.18688,29353.45486,0.00051,0.03115,0.03115,0.01532,0.00051,0.00394,0.00711,5.9399,0.00594,2.50229,4e-05
"M0",0,176,3.86466,0,8.39996,180.61272,7.46003,10.08007,55.65209,21,0,5,0,43,28.65116,42.52277,11.25978,31.79314,2.97906,1010.80399,0.00051,0.28141,0.28141,0.28141,0.16956,0.02326,0.05757,13.81746,0.05329,3.50678,0.00284
"M0",0,79,0.36593,0,0.76844,2277.11886,0.67572,26.31352,0.4566,1,0,1,0,25,17.6,24.63981,5.09961,17.59972,1.96931,309.75,1e-05,0.65807,0.65807,0.65807,0.328,0.04,0.14707,15.37939,0.14445,3.88566,0.02086
"M0",0,8,0.40709,0,0.72837,6.25361,0.60399,1.78968,0.36481,2,0,1,0,9,4,4.76095,-1.2,2.73861,0,7.5,2e-05,0.63932,0.63932,0.63932,0.3251,0.11111,0.23926,3.91658,0.22475,2.10402,0.05051
"M0",0,176,3.86466,0,8.39996,180.61272,7.46003,10.08007,55.65209,21,0,5,0,43,28.65116,42.52277,11.25978,31.79314,2.97906,1010.80399,0.00051,0.28141,0.28141,0.28141,0.16956,0.02326,0.05757,13.81746,0.05329,3.50678,0.00284
"M0",0,494,0.83313,0,10.63296,568.24706,10.60032,21.61626,112.36677,5,0,0,0,246,145.15041,177.05315,0.0565,101.59297,0.68614,10321.13239,1e-05,0.96487,0.96487,0.96487,0.00071,0.00407,0.06152,245.95782,0.06151,15.68238,0.00378
"M0",0,110,0.50028,0,2.13653,308.03255,2.07714,12.05475,4.3145,6,0,0,0,57,32.42105,40.64351,1.16912,24.72849,1.11358,611.49812,1e-05,0.87733,0.87733,0.87733,0.00814,0.01754,0.11645,56.52219,0.11615,7.5045,0.01349
"M0",0,514,2.27567,1,4.57777,2970.4626,3.97208,33.12453,15.77741,10,1,2,1,99,63.82828,97.11198,18.15673,73.56186,3.78648,5411.34776,1e-05,0.53266,0.53266,0.01877,0.53266,0.0101,0.05869,69.27885,0.0581,8.00519,0.00338
"M0",0,588,0.801,0,11.67115,727.40792,11.64368,24.89246,135.5754,6,0,0,0,235,165.99574,207.51155,-0.19638,124.79071,0.69829,15572.7222,1e-05,0.97067,0.97067,0.97067,0.00018,0.00426,0.06332,234.98139,0.06331,15.3288,0.00401
"M0",0,192,0.61473,0,2.68814,516.77659,2.61691,14.11969,6.84821,9,0,0,0,81,47.67901,61.32025,2.68061,38.8004,1.49231,1505.47068,0,0.86959,0.86959,0.86959,0.03596,0.01235,0.09677,80.51707,0.09658,8.96098,0.00933
"M0",0,1,0.07763,0,0.27862,7.98919,0.26766,3.15928,0.07164,1,0,0,0,2,0.5,0.70711,0,0.70711,0,0.5,0.07763,0.92237,0.92237,0.92237,0.07763,0.5,0.65452,0,0.59732,0,0.35679
"M0",0,33,0.98236,0,1.55482,12.11436,1.20518,2.31091,1.45246,4,0,1,0,20,10.3,12.78671,2.50856,7.77378,1.21869,60.43158,1e-05,0.41057,0.41057,0.41057,0.36723,0.05,0.12716,5.93425,0.11996,2.62617,0.01439
"M0",0,1,0.23983,0,0.48972,-0.51487,0.42698,1.21866,0.18231,1,0,0,0,2,0.5,0.70711,0,0.70711,0,0.5,0.23983,0.76017,0.76017,0.76017,0.23983,0.5,0.56364,0,0.36794,0,0.13538
"M0",0,1,0.34237,0,0.58512,-1.5586,0.47451,0.66443,0.22516,1,0,1,0,2,0.5,0.70711,0,0.70711,0,0.5,0.34237,0.65763,0.65763,0.65763,0.34237,0.5,0.52426,0,0.22292,0,0.0497
"M0",0,1,0.61142,1,0.78193,-1.79106,0.48743,-0.45717,0.23759,1,0,1,0,2,0.5,0.70711,0,0.70711,0,0.5,0.38858,0.61142,0.61142,0.38858,0.61142,0.5,0.51226,0,0.15757,0,0.02483
"M0",0,3234,48.75764,0,95.13496,162.35884,81.691,8.72958,6673.41953,260,0,58,10,811,493.82737,652.97909,6.86881,427.4828,2.09951,182741.5455,1e-05,0.1941,0.1941,0.1941,9e-05,0.00123,0.0074,602.30184,0.0073,22.96428,5e-05
"M0",0,36,0.2853,0,1.34807,36.39372,1.31754,5.66014,1.73591,6,0,0,0,25,12.48,14.99333,0.84366,8.48096,0.7133,71.92667,0,0.93616,0.93616,0.93616,0.00993,0.04,0.18728,24.98028,0.18673,4.99716,0.03487
"M0",0,2,0.45692,0,0.67598,-1.96909,0.49817,0.17328,0.24817,1,0,1,0,3,1,1.29099,0,1,0,1,1e-05,0.54309,0.54309,0.54309,0.4569,0.33333,0.40976,0,0.29186,-1.56365,0.08518
"M0",0,26,0.52709,0,0.86676,34.67064,0.68808,2.69996,0.47346,2,0,1,0,17,9,11.24853,0.86697,6.95521,0.98147,48.375,1e-05,0.54713,0.54713,0.54713,0.39907,0.05882,0.16456,6.52527,0.15842,2.72759,0.0251
"M0",0,1,0.89229,1,0.94461,4.40484,0.31002,-2.53078,0.09611,1,0,1,1,2,0.5,0.70711,0,0.70711,0,0.5,0.10771,0.89229,0.89229,0.10771,0.89229,0.5,0.63552,0,0.55478,0,0.30778
"M0",0,1,0.95869,1,0.97913,19.25324,0.199,-4.6101,0.0396,1,0,1,1,2,0.5,0.70711,0,0.70711,0,0.5,0.04131,0.95869,0.95869,0.04131,0.95869,0.5,0.67853,0,0.64869,0,0.4208
"M0",0,119,0.86708,1,1.10418,11429.15681,0.68365,72.51856,0.46738,2,0,1,1,23,22.65217,39.0312,4.78584,32.4998,2.32965,1056.23715,1e-05,0.77734,0.77734,0.18178,0.77734,0.04348,0.16665,20.24486,0.16449,4.43201,0.02706
"M0",0,44,0.92689,1,1.09848,621.33169,0.58953,13.08709,0.34754,2,0,1,1,29,16.68966,20.81114,-0.34638,12.65223,0.74606,160.07882,0,0.80716,0.80716,0.14265,0.80716,0.03448,0.1524,26.95269,0.15107,5.13491,0.02282
"M0",0,20,0.60304,1,0.80602,25.04917,0.5348,1.03369,0.28601,1,0,1,0,13,7.46154,9.56355,0.09383,6.22649,0.92145,38.76923,1e-05,0.57645,0.57645,0.41205,0.57645,0.07692,0.19654,4.33402,0.18825,2.3246,0.03544
"M0",0,9,0.81932,1,0.93195,0.82106,0.44411,-0.76089,0.19723,2,0,1,1,7,3.42857,4.40779,1.27816,2.99205,1.03999,8.95238,0,0.77042,0.77042,0.20516,0.77042,0.14286,0.30148,5.43447,0.28675,2.31629,0.08223
"M0",0,2,0.30148,0,0.54957,-1.21177,0.45951,0.8738,0.21115,1,0,1,0,3,1,1.29099,0,1,0,1,0.00028,0.6988,0.6988,0.6988,0.30092,0.33333,0.43927,0,0.35039,0.41269,0.12277
"M0",0,274,3.6792,1,8.10758,133.4709,7.22472,6.78702,52.1966,22,0,2,0,151,87.95364,109.8022,0.51433,65.95062,0.98573,4349.4845,0,0.38255,0.38255,0.34026,0.38255,0.00662,0.04202,71.67785,0.04163,8.45047,0.00173
"M0",0,16,0.23049,0,0.89052,28.72095,0.86018,4.81596,0.7399,3,0,0,0,16,7.5625,8.91277,-1.06286,4.87126,0.08273,23.72917,1e-05,0.90601,0.90601,0.90601,0.03252,0.0625,0.22679,15.92344,0.22516,3.98667,0.0507
"M0",0,120,5.90912,3,8.4675,30.69556,6.06475,4.44652,36.78116,26,2,6,3,94,48.34043,57.11355,-0.58304,30.57955,0.37847,935.10867,1e-05,0.32409,0.32409,0.0103,0.00618,0.01064,0.04275,39.89724,0.04163,6.02934,0.00173
"M0",0,32,4.34667,4,5.1525,2.72467,2.76674,1.04663,7.65486,11,0,6,2,30,14.7,17.23852,-0.98421,9.15819,0.13866,83.87241,2e-05,0.17195,0.17195,0.06262,0.06435,0.03333,0.06147,1.17214,0.05253,1.5469,0.00276
"M0",0,94,0.26485,0,1.5273,245.716,1.50416,10.56487,2.2625,5,0,0,0,41,22.97561,29.92674,5.07662,19.41454,1.93161,376.92439,1e-05,0.94493,0.94493,0.94493,0.0135,0.02439,0.1476,40.97053,0.14738,6.39977,0.02172
"M0",0,16,0.22399,0,0.87025,28.2062,0.84094,4.77238,0.70717,3,0,0,0,16,7.5625,8.91277,-1.06286,4.87126,0.08273,23.72917,1e-05,0.90945,0.90945,0.90945,0.02842,0.0625,0.22762,15.93108,0.22605,3.98798,0.0511
"M0",0,8,0.40709,0,0.72837,6.25361,0.60399,1.78968,0.36481,2,0,1,0,9,4,4.76095,-1.2,2.73861,0,7.5,2e-05,0.63932,0.63932,0.63932,0.3251,0.11111,0.23926,3.91658,0.22475,2.10402,0.05051
"M0",0,588,0.801,0,11.67115,727.40792,11.64368,24.89246,135.5754,6,0,0,0,235,165.99574,207.51155,-0.19638,124.79071,0.69829,15572.7222,1e-05,0.97067,0.97067,0.97067,0.00018,0.00426,0.06332,234.98139,0.06331,15.3288,0.00401
"M0",0,20,0.19416,0,0.49271,46.10824,0.45284,3.43756,0.20507,1,0,0,0,13,7.61538,9.55551,-0.25848,6.00747,0.66931,36.08974,1e-05,0.82526,0.82526,0.82526,0.15701,0.07692,0.23304,11.82738,0.22896,3.40384,0.05242
"M0",0,3,0.06649,0,0.28859,27.14963,0.28083,4.8086,0.07887,1,0,0,0,4,1.5,1.87083,-1.2,1.29099,0,1.66667,0.00094,0.94096,0.94096,0.94096,0.05252,0.25,0.47122,3.94731,0.46123,1.98488,0.21273
"M0",0,588,0.801,0,11.67115,727.40792,11.64368,24.89246,135.5754,6,0,0,0,235,165.99574,207.51155,-0.19638,124.79071,0.69829,15572.7222,1e-05,0.97067,0.97067,0.97067,0.00018,0.00426,0.06332,234.98139,0.06331,15.3288,0.00401
"M0",0,1,0.85621,1,0.92532,2.12261,0.35088,-2.03041,0.12312,1,0,1,1,2,0.5,0.70711,0,0.70711,0,0.5,0.14379,0.85621,0.85621,0.14379,0.85621,0.5,0.61391,0,0.50376,0,0.25377
"M0",0,34,0.22285,0,0.68292,828.5932,0.64556,19.53781,0.41675,1,0,0,0,13,10.23077,14.50994,1.03833,10.70945,1.37429,114.69231,7e-05,0.80281,0.80281,0.80281,0.18692,0.07692,0.22862,11.28314,0.22408,3.31707,0.05021
"M0",0,282,3.68103,1,7.62499,153.29358,6.67763,9.02685,44.59072,21,0,4,1,149,80.8255,97.91659,0.70868,55.45752,0.81956,3075.53691,1e-05,0.38227,0.38227,0.03375,0.38227,0.00671,0.03759,76.79585,0.03711,8.3193,0.00138
"M0",0,20,0.6002,1,0.80695,5.25545,0.53937,0.36873,0.29092,1,0,1,0,17,8.64706,10.4572,-0.77031,6.06157,0.42338,36.74265,0,0.5583,0.5583,0.42191,0.5583,0.05882,0.16978,6.34737,0.16417,2.71495,0.02695
"M0",0,2,0.12972,0,0.363,3.52074,0.33911,2.28415,0.115,1,0,0,0,3,1,1.29099,0,1,0,1,0.00102,0.8713,0.8713,0.8713,0.12768,0.33333,0.50842,0,0.47018,1.59172,0.22106
"M0",0,16,0.15255,0,0.41446,36.12785,0.38536,3.39325,0.1485,1,0,0,0,11,5.81818,7.37317,0.71075,4.75012,0.95235,22.56364,1e-05,0.85315,0.85315,0.85315,0.14312,0.09091,0.26083,10.17754,0.25641,3.16364,0.06574
"M0",0,722,3.45483,0,9.11617,1043.01508,8.43618,18.21642,71.16906,22,0,3,0,163,114.5092,170.61903,8.19357,126.87494,2.6749,16097.25146,0,0.66818,0.66818,0.66818,0.04948,0.00613,0.05274,158.36091,0.05255,12.50269,0.00276
"M0",0,2,0.27435,0,0.53142,-0.35021,0.45513,1.13909,0.20714,1,0,1,0,3,1,1.29099,0,1,0,1,0.00403,0.72968,0.72968,0.72968,0.2663,0.33333,0.44846,0,0.36744,0.79367,0.13501
"M0",0,94,0.26485,0,1.5273,245.716,1.50416,10.56487,2.2625,5,0,0,0,41,22.97561,29.92674,5.07662,19.41454,1.93161,376.92439,1e-05,0.94493,0.94493,0.94493,0.0135,0.02439,0.1476,40.97053,0.14738,6.39977,0.02172
"M0",0,1,0.76407,1,0.87411,-0.45262,0.42458,-1.24394,0.18027,1,0,1,1,2,0.5,0.70711,0,0.70711,0,0.5,0.23593,0.76407,0.76407,0.23593,0.76407,0.5,0.56545,0,0.37346,0,0.13947
"M0",0,31,0.18207,0,0.6393,103.51841,0.61283,5.88128,0.37556,2,0,0,0,20,11.05,13.77498,0.08463,8.43848,0.8072,71.20789,1e-05,0.89363,0.89363,0.89363,0.05139,0.05,0.20037,19.76549,0.19907,4.43576,0.03963
"M0",0,4,0.0857,0,0.30817,16.94771,0.29602,3.71664,0.08763,1,0,0,0,5,2,2.44949,-1.2,1.58114,0,2.5,0.00013,0.91806,0.91806,0.91806,0.07892,0.2,0.41208,4.85451,0.40282,2.19806,0.16227
"M0",0,8,0.49124,0,0.70355,-1.66083,0.50365,0.1021,0.25367,1,0,1,0,8,3.625,4.4017,-0.65152,2.66927,0.29576,7.125,0,0.5102,0.5102,0.5102,0.48875,0.125,0.24979,0.01721,0.2312,1.44282,0.05345
"M0",0,9,0.1556,0,0.5869,15.4354,0.5659,3.89035,0.32024,2,0,0,0,9,4.11111,4.95536,-0.76046,2.93447,0.24184,8.61111,1e-05,0.91849,0.91849,0.91849,0.02614,0.11111,0.3066,8.94513,0.30309,2.98782,0.09186
"M0",0,234,0.11951,0,5.28822,1958,5.28822,44.24929,27.96527,0,0,0,0,2,117,165.46299,0,165.46299,0,27378,0.00051,0.99949,0.99949,0.99949,0,0.5,0.70675,0,0.70638,0,0.49898
"M0",0,1,0.51634,1,0.71857,-1.99776,0.49986,-0.06546,0.24986,1,0,1,0,2,0.5,0.70711,0,0.70711,0,0.5,0.48366,0.51634,0.51634,0.48366,0.51634,0.5,0.50027,0,0.02311,0,0.00053
"M0",0,9,0.20327,0,0.81608,32.93323,0.79056,5.23808,0.62499,3,0,0,0,9,4.11111,4.95536,-0.76046,2.93447,0.24184,8.61111,0.00051,0.90858,0.90858,0.90858,0.03728,0.11111,0.3033,8.95182,0.29933,2.98932,0.0896
"M0",0,1,0.92241,1,0.96042,7.97338,0.26753,-3.15802,0.07157,1,0,1,1,2,0.5,0.70711,0,0.70711,0,0.5,0.07759,0.92241,0.92241,0.07759,0.92241,0.5,0.65455,0,0.59738,0,0.35686
"M0",0,26,0.0677,0,0.52399,587.3753,0.51962,18.07131,0.27,1,0,0,0,14,7.78571,10.25044,2.84013,6.91908,1.54464,47.87363,7e-05,0.96642,0.96642,0.96642,0.01887,0.07143,0.25835,13.98608,0.25765,3.73908,0.06638
"M0",0,4,0.33198,0,0.66783,1.38396,0.57947,1.55813,0.33578,2,0,1,0,5,2,2.44949,-1.2,1.58114,0,2.5,0,0.725,0.725,0.725,0.21805,0.2,0.33953,3.23446,0.30676,1.81556,0.0941
"M0",0,5,0.47421,0,0.9294,-0.29668,0.79932,1.23035,0.63891,2,0,1,0,6,2.5,3.02765,-1.2,1.87083,0,3.5,0,0.72046,0.72046,0.72046,0.08495,0.16667,0.30663,4.43081,0.28194,2.08056,0.07949
"M0",0,13,0.27698,0,0.58377,50.60658,0.51389,3.96816,0.26409,1,0,1,0,10,4.9,6.10737,0.97575,3.84274,0.88819,14.76667,7e-05,0.73511,0.73511,0.73511,0.25992,0.1,0.24657,6.90688,0.23757,2.61464,0.05644
"M0",0,13,0.27698,0,0.58377,50.60658,0.51389,3.96816,0.26409,1,0,1,0,10,4.9,6.10737,0.97575,3.84274,0.88819,14.76667,7e-05,0.73511,0.73511,0.73511,0.25992,0.1,0.24657,6.90688,0.23757,2.61464,0.05644
"M0",0,13,0.27698,0,0.58377,50.60658,0.51389,3.96816,0.26409,1,0,1,0,10,4.9,6.10737,0.97575,3.84274,0.88819,14.76667,7e-05,0.73511,0.73511,0.73511,0.25992,0.1,0.24657,6.90688,0.23757,2.61464,0.05644
"M0",0,150,7.22585,3,10.16103,15.95541,7.14386,2.721,51.03478,28,0,9,3,78,41.94872,51.46943,1.76204,30.01597,1.10593,900.95837,2e-05,0.10276,0.10276,0.06355,0.07643,0.01282,0.02877,4.17999,0.02592,2.28916,0.00067
"M0",0,1,0.46033,0,0.67848,-1.9747,0.49843,0.15919,0.24843,1,0,1,0,2,0.5,0.70711,0,0.70711,0,0.5,0.46033,0.53967,0.53967,0.53967,0.46033,0.5,0.50157,0,0.0561,0,0.00315
"M0",0,20,0.53106,0,1.79309,23.88587,1.71264,4.6083,2.93315,7,0,0,0,21,10,11.69045,-1.2,6.20484,0,38.5,0,0.81069,0.81069,0.81069,0.11978,0.04762,0.17889,19.99021,0.1767,4.43806,0.03122
"M0",0,10,0.81902,1,0.93542,0.82874,0.45189,-0.67955,0.20421,2,0,1,1,7,3.57143,4.70562,2.08777,3.30944,1.30063,10.95238,0,0.76336,0.76336,0.20885,0.76336,0.14286,0.29931,5.35383,0.28409,2.30002,0.08071
"M0",0,1,0.61142,1,0.78193,-1.79106,0.48743,-0.45717,0.23759,1,0,1,0,2,0.5,0.70711,0,0.70711,0,0.5,0.38858,0.61142,0.61142,0.38858,0.61142,0.5,0.51226,0,0.15757,0,0.02483
"M0",0,5,0.10266,0,0.37748,31.54497,0.36335,4.66314,0.13202,1,0,0,0,5,2.2,2.79285,-0.02191,1.92354,0.59013,3.7,0.00051,0.91216,0.91216,0.91216,0.07661,0.2,0.40938,4.86972,0.39937,2.20186,0.15949
"M0",0,3,0.08427,0,0.32671,25.43229,0.31574,4.49338,0.09969,1,0,0,0,4,1.5,1.87083,-1.2,1.29099,0,1.66667,0.00255,0.92441,0.92441,0.92441,0.06946,0.25,0.46351,3.89922,0.4507,1.97159,0.20313
"M0",0,6,0.29552,0,0.54407,-1.0818,0.45682,0.90956,0.20868,1,0,1,0,7,3,3.60555,-1.2,2.16025,0,4.66667,0,0.70467,0.70467,0.70467,0.29519,0.14286,0.28876,3.4387,0.27106,1.94832,0.07347
"M0",0,307,1.18351,0,7.21156,336.83115,7.11382,14.42119,50.60645,16,0,0,0,153,84.13725,103.48828,2.19047,60.45356,1.17188,3654.63235,1e-05,0.86917,0.86917,0.86917,0.0233,0.00654,0.07039,151.93126,0.07032,12.30658,0.00494
"M0",0,2,0.17522,0,0.4202,1.16858,0.38192,1.7448,0.14587,1,0,0,0,3,1,1.29099,0,1,0,1,0.00067,0.82545,0.82545,0.82545,0.17388,0.33333,0.48703,0,0.43489,1.42812,0.18913
"M0",0,1,0.81275,1,0.90153,0.57105,0.39011,-1.60344,0.15219,1,0,1,1,2,0.5,0.70711,0,0.70711,0,0.5,0.18725,0.81275,0.81275,0.18725,0.81275,0.5,0.58976,0,0.4423,0,0.19563
"M0",0,57,0.33258,0,1.39367,146.15424,1.35341,8.68105,1.83171,4,0,0,0,38,20.13158,24.41473,0.17376,13.9984,0.7065,195.95519,1e-05,0.8979,0.8979,0.8979,0.00973,0.02632,0.14594,37.69789,0.14548,6.12977,0.02116
"M0",0,1,0.95869,1,0.97913,19.25324,0.199,-4.6101,0.0396,1,0,1,1,2,0.5,0.70711,0,0.70711,0,0.5,0.04131,0.95869,0.95869,0.04131,0.95869,0.5,0.67853,0,0.64869,0,0.4208
"M0",0,22,0.42189,0,0.9212,25.68009,0.81892,3.60932,0.67063,3,0,1,0,17,8.52941,10.33839,-0.03571,6.02202,0.59061,36.26471,1e-05,0.69544,0.69544,0.69544,0.23766,0.05882,0.17855,12.86728,0.17377,3.52508,0.03019
"M0",0,49,0.69072,1,1.22703,637.8368,1.01417,17.72359,1.02854,2,0,1,0,33,19.42424,24.00316,-0.59057,14.32007,0.64204,205.06439,2e-05,0.45436,0.45436,0.44064,0.45436,0.0303,0.11153,12.91935,0.109,3.72115,0.01188
"M0",0,307,1.18351,0,7.21156,336.83115,7.11382,14.42119,50.60645,16,0,0,0,153,84.13725,103.48828,2.19047,60.45356,1.17188,3654.63235,1e-05,0.86917,0.86917,0.86917,0.0233,0.00654,0.07039,151.93126,0.07032,12.30658,0.00494
"M0",0,17,0.57971,1,0.86042,16.93348,0.63582,1.88851,0.40426,2,0,1,0,15,7.2,8.59457,-0.51278,4.85798,0.3297,23.6,1e-05,0.48426,0.48426,0.47501,0.48426,0.06667,0.17535,4.31751,0.16787,2.3941,0.02818
"M0",0,3,0.37777,0,0.61558,-1.67983,0.48605,0.52052,0.23624,1,0,1,0,4,1.5,1.87083,-1.2,1.29099,0,1.66667,2e-05,0.6228,0.6228,0.6228,0.37664,0.25,0.36392,-3.01475,0.30537,0.53142,0.09325
"M0",0,81,0.93154,1,1.08738,3885.73608,0.56091,41.60395,0.31462,1,0,1,1,35,20.51429,26.67583,3.32694,17.30075,1.58762,299.31597,0,0.88695,0.88695,0.09617,0.88695,0.02857,0.15082,34.10134,0.15025,5.81243,0.02258
"M0",0,55,0.16594,0,0.7896,245.48378,0.77197,9.79152,0.59594,3,0,0,0,23,12.6087,16.81614,8.40836,11.37677,2.40823,129.43083,1e-05,0.91947,0.91947,0.91947,0.04582,0.04348,0.192,22.86103,0.19121,4.77559,0.03656
"M0",0,2,0.08181,0,0.28625,7.42307,0.27432,3.06183,0.07525,1,0,0,0,3,1,1.29099,0,1,0,1,7e-05,0.91826,0.91826,0.91826,0.08167,0.33333,0.53225,0,0.5082,1.68194,0.25827
"M0",0,9,0.13279,0,0.65343,54.15578,0.63996,6.56175,0.40954,3,0,0,0,9,4.22222,5.12076,-1.00588,3.07318,0.26319,9.44444,0.00051,0.93922,0.93922,0.93922,0.02809,0.11111,0.31327,8.979,0.31067,2.99533,0.09652
"M0",0,9,0.81932,1,0.93195,0.82106,0.44411,-0.76089,0.19723,2,0,1,1,7,3.42857,4.40779,1.27816,2.99205,1.03999,8.95238,0,0.77042,0.77042,0.20516,0.77042,0.14286,0.30148,5.43447,0.28675,2.31629,0.08223
"M0",0,48,3.98194,2,4.85015,10.98116,2.76913,2.25175,7.6681,12,0,5,2,42,21.07143,24.76797,-0.95529,13.17498,0.1981,173.58014,0,0.23444,0.23444,0.04019,0.04436,0.02381,0.0595,8.12396,0.05519,2.91219,0.00305
"M0",0,304,0.94713,0,7.39614,331.34926,7.33528,15.01958,53.80639,12,0,0,0,153,88.43791,110.96779,1.23289,67.24688,1.15869,4522.1425,1e-05,0.92828,0.92828,0.92828,0.02659,0.00654,0.07508,152.7204,0.07504,12.35275,0.00563
"M0",0,8,0.40709,0,0.72837,6.25361,0.60399,1.78968,0.36481,2,0,1,0,9,4,4.76095,-1.2,2.73861,0,7.5,2e-05,0.63932,0.63932,0.63932,0.3251,0.11111,0.23926,3.91658,0.22475,2.10402,0.05051
"M0",0,5,0.35048,0,0.59342,-1.48719,0.47886,0.65192,0.22931,1,0,1,0,6,2.5,3.02765,-1.2,1.87083,0,3.5,0,0.65033,0.65033,0.65033,0.3489,0.16667,0.30129,0.96389,0.27495,1.45396,0.0756
"M0",0,514,2.27567,1,4.57777,2970.4626,3.97208,33.12453,15.77741,10,1,2,1,99,63.82828,97.11198,18.15673,73.56186,3.78648,5411.34776,1e-05,0.53266,0.53266,0.01877,0.53266,0.0101,0.05869,69.27885,0.0581,8.00519,0.00338
"M0",0,722,3.45483,0,9.11617,1043.01508,8.43618,18.21642,71.16906,22,0,3,0,163,114.5092,170.61903,8.19357,126.87494,2.6749,16097.25146,0,0.66818,0.66818,0.66818,0.04948,0.00613,0.05274,158.36091,0.05255,12.50269,0.00276
"M0",0,325,0.86798,0,2.99374,3262.8901,2.86516,40.58868,8.20912,6,0,1,0,82,62.84146,90.18403,5.14589,65.08275,2.08815,4235.76468,1e-05,0.62028,0.62028,0.62028,0.20267,0.0122,0.07286,64.18078,0.07227,7.77944,0.00522
"M0",0,2,0.3498,0,0.5915,-1.59915,0.47698,0.63091,0.22751,1,0,1,0,3,1,1.29099,0,1,0,1,4e-05,0.65024,0.65024,0.65024,0.34973,0.33333,0.42627,0,0.32541,-0.22613,0.10589
"M0",0,8,0.49124,0,0.70355,-1.66083,0.50365,0.1021,0.25367,1,0,1,0,8,3.625,4.4017,-0.65152,2.66927,0.29576,7.125,0,0.5102,0.5102,0.5102,0.48875,0.125,0.24979,0.01721,0.2312,1.44282,0.05345
"M0",0,119,10.91879,3,18.92387,10.64956,15.46011,2.99965,239.01486,64,0,12,3,91,47.40659,56.17927,-0.67138,30.31207,0.37825,918.82173,0.00051,0.26864,0.26864,0.02503,0.00715,0.01099,0.03449,44.09081,0.03287,6.1734,0.00108
"M0",0,9,0.13279,0,0.65343,54.15578,0.63996,6.56175,0.40954,3,0,0,0,9,4.22222,5.12076,-1.00588,3.07318,0.26319,9.44444,0.00051,0.93922,0.93922,0.93922,0.02809,0.11111,0.31327,8.979,0.31067,2.99533,0.09652
"M0",0,152,0.3784,0,1.28597,895.61865,1.22904,19.55323,1.51053,3,0,0,0,74,39.45946,48.07595,2.3926,27.65105,1.08833,764.58053,0,0.78344,0.78344,0.78344,0.12859,0.01351,0.09256,69.23867,0.0922,8.22507,0.0085
"M0",0,5,0.13279,0,0.42037,30.84957,0.39895,4.2964,0.15916,1,0,0,0,5,2.4,3.03315,-1.96322,2.07364,0.23551,4.3,0.00051,0.88151,0.88151,0.88151,0.10827,0.2,0.39721,4.70525,0.38369,2.16093,0.14722
"M0",0,8,0.40709,0,0.72837,6.25361,0.60399,1.78968,0.36481,2,0,1,0,9,4,4.76095,-1.2,2.73861,0,7.5,2e-05,0.63932,0.63932,0.63932,0.3251,0.11111,0.23926,3.91658,0.22475,2.10402,0.05051
"M0",0,17,0.83679,0,1.99655,8.16636,1.8128,2.6712,3.28623,7,0,1,0,18,8.5,9.95825,-1.2,5.33854,0,28.5,7e-05,0.74955,0.74955,0.74955,0.05279,0.05556,0.17826,17.46706,0.17429,4.15508,0.03038
"M0",0,17,0.57971,1,0.86042,16.93348,0.63582,1.88851,0.40426,2,0,1,0,15,7.2,8.59457,-0.51278,4.85798,0.3297,23.6,1e-05,0.48426,0.48426,0.47501,0.48426,0.06667,0.17535,4.31751,0.16787,2.3941,0.02818
"M0",0,1,0.85621,1,0.92532,2.12261,0.35088,-2.03041,0.12312,1,0,1,1,2,0.5,0.70711,0,0.70711,0,0.5,0.14379,0.85621,0.85621,0.14379,0.85621,0.5,0.61391,0,0.50376,0,0.25377
"M0",0,1,0.78756,1,0.88745,-0.02298,0.40904,-1.40606,0.16731,1,0,1,1,2,0.5,0.70711,0,0.70711,0,0.5,0.21244,0.78756,0.78756,0.21244,0.78756,0.5,0.57679,0,0.40667,0,0.16538
"M0",0,288,7.1731,0,10.04703,68.36549,7.0349,4.37105,49.48985,24,0,10,3,117,64.88889,80.45936,3.27654,47.7771,1.32494,2282.65134,1e-05,0.19755,0.19755,0.19755,0.01474,0.00855,0.02648,28.50587,0.02517,4.71562,0.00063
"M0",0,26,0.83271,1,1.05834,70.12024,0.65321,4.38659,0.42668,2,0,1,1,20,9.85,11.80042,0.15996,6.66708,0.54209,44.45,1e-05,0.70514,0.70514,0.24378,0.70514,0.05,0.16708,15.20888,0.16356,3.82808,0.02675
"M0",0,1,0.96911,1,0.98443,27.40393,0.17302,-5.42253,0.02994,1,0,1,1,2,0.5,0.70711,0,0.70711,0,0.5,0.03089,0.96911,0.96911,0.03089,0.96911,0.5,0.68561,0,0.66342,0,0.44013
"M0",0,15,0.21676,0,0.47796,19.29116,0.42598,2.16748,0.18146,1,0,0,0,12,6.08333,7.52219,-0.19053,4.62126,0.67236,21.35606,1e-05,0.78677,0.78677,0.78677,0.21051,0.08333,0.23511,9.8865,0.22962,3.10319,0.05273
"M0",0,5,0.35048,0,0.59342,-1.48719,0.47886,0.65192,0.22931,1,0,1,0,6,2.5,3.02765,-1.2,1.87083,0,3.5,0,0.65033,0.65033,0.65033,0.3489,0.16667,0.30129,0.96389,0.27495,1.45396,0.0756
"M0",0,8,0.21441,0,0.55625,13.79128,0.51327,3.09502,0.26345,2,0,0,0,9,4,4.76095,-1.2,2.73861,0,7.5,1e-05,0.82081,0.82081,0.82081,0.15309,0.11111,0.2784,8.12074,0.27075,2.82404,0.07331
"M0",0,8,0.40709,0,0.72837,6.25361,0.60399,1.78968,0.36481,2,0,1,0,9,4,4.76095,-1.2,2.73861,0,7.5,2e-05,0.63932,0.63932,0.63932,0.3251,0.11111,0.23926,3.91658,0.22475,2.10402,0.05051
"M0",0,1,0.37204,0,0.60995,-1.71968,0.48335,0.52945,0.23363,1,0,1,0,2,0.5,0.70711,0,0.70711,0,0.5,0.37204,0.62796,0.62796,0.62796,0.37204,0.5,0.51611,0,0.18096,0,0.03275
"M0",0,3401,72.94942,0,118.29491,82.5214,93.12492,5.39602,8672.25111,341,0,90,21,705,402.2922,517.1188,16.00558,325.15043,2.65682,105722.8037,2e-05,0.04626,0.04626,0.04626,0.00015,0.00142,0.0036,50.76977,0.00331,5.29376,1e-05
"M0",0,9,0.13279,0,0.65343,54.15578,0.63996,6.56175,0.40954,3,0,0,0,9,4.22222,5.12076,-1.00588,3.07318,0.26319,9.44444,0.00051,0.93922,0.93922,0.93922,0.02809,0.11111,0.31327,8.979,0.31067,2.99533,0.09652
"M0",0,48,3.98194,2,4.85015,10.98116,2.76913,2.25175,7.6681,12,0,5,2,42,21.07143,24.76797,-0.95529,13.17498,0.1981,173.58014,0,0.23444,0.23444,0.04019,0.04436,0.02381,0.0595,8.12396,0.05519,2.91219,0.00305
"M0",0,34,0.22285,0,0.68292,828.5932,0.64556,19.53781,0.41675,1,0,0,0,13,10.23077,14.50994,1.03833,10.70945,1.37429,114.69231,7e-05,0.80281,0.80281,0.80281,0.18692,0.07692,0.22862,11.28314,0.22408,3.31707,0.05021
"M0",0,250,0.66774,0,5.03567,526.65817,4.99122,18.37183,24.91232,8,0,0,0,123,72.45528,91.79714,1.18269,56.59494,1.18442,3202.98774,1e-05,0.89234,0.89234,0.89234,0.06129,0.00813,0.08066,121.78664,0.08057,11.01248,0.00649
"M0",0,58,0.34874,0,1.49161,206.66524,1.45027,10.68047,2.10329,4,0,0,0,41,21.70732,26.24556,-0.00883,14.93527,0.65689,223.0622,1e-05,0.88457,0.88457,0.88457,0.01879,0.02439,0.1385,40.57673,0.13803,6.35639,0.01905
"M0",0,36,0.2853,0,1.34807,36.39372,1.31754,5.66014,1.73591,6,0,0,0,25,12.48,14.99333,0.84366,8.48096,0.7133,71.92667,0,0.93616,0.93616,0.93616,0.00993,0.04,0.18728,24.98028,0.18673,4.99716,0.03487
"M0",0,8,0.21441,0,0.55625,13.79128,0.51327,3.09502,0.26345,2,0,0,0,9,4,4.76095,-1.2,2.73861,0,7.5,1e-05,0.82081,0.82081,0.82081,0.15309,0.11111,0.2784,8.12074,0.27075,2.82404,0.07331
"M0",0,274,3.6792,1,8.10758,133.4709,7.22472,6.78702,52.1966,22,0,2,0,151,87.95364,109.8022,0.51433,65.95062,0.98573,4349.4845,0,0.38255,0.38255,0.34026,0.38255,0.00662,0.04202,71.67785,0.04163,8.45047,0.00173
"M0",0,20,0.29424,0,0.64175,17.32665,0.57033,2.62248,0.32527,2,0,1,0,11,5.90909,7.89131,4.26731,5.48552,1.79269,30.09091,1e-05,0.74993,0.74993,0.74993,0.21608,0.09091,0.23545,8.72952,0.2278,2.91661,0.05189
"M0",0,254,5.43308,0,7.30588,10.93885,4.88442,1.70458,23.85752,18,0,8,2,87,46.58621,58.82714,11.61962,36.12979,2.39772,1305.36167,0,0.22341,0.22341,0.22341,0.01778,0.01149,0.03397,22.51659,0.03215,4.24788,0.00103
"M0",0,20,0.6002,1,0.80695,5.25545,0.53937,0.36873,0.29092,1,0,1,0,17,8.64706,10.4572,-0.77031,6.06157,0.42338,36.74265,0,0.5583,0.5583,0.42191,0.5583,0.05882,0.16978,6.34737,0.16417,2.71495,0.02695
"M0",0,1,0.23983,0,0.48972,-0.51487,0.42698,1.21866,0.18231,1,0,0,0,2,0.5,0.70711,0,0.70711,0,0.5,0.23983,0.76017,0.76017,0.76017,0.23983,0.5,0.56364,0,0.36794,0,0.13538
"M0",0,3,0.08427,0,0.32671,25.43229,0.31574,4.49338,0.09969,1,0,0,0,4,1.5,1.87083,-1.2,1.29099,0,1.66667,0.00255,0.92441,0.92441,0.92441,0.06946,0.25,0.46351,3.89922,0.4507,1.97159,0.20313
"M0",0,744,2.93538,1,7.33042,2031.08921,6.71705,30.57646,45.1188,15,0,3,1,165,110.87273,155.1549,9.37455,108.8674,2.52691,11852.11175,1e-05,0.27784,0.27784,0.18409,0.27784,0.00606,0.03196,46.81681,0.03148,6.61516,0.00099
"M0",0,41,0.85999,1,1.39086,80.66569,1.09311,6.06538,1.1949,3,0,1,0,30,15.26667,18.33758,0.0995,10.33218,0.61286,106.75402,0,0.53472,0.53472,0.35279,0.53472,0.03333,0.11776,14.5995,0.11488,3.8453,0.0132
"M0",0,15,0.72715,0,1.22403,6.12203,0.98463,1.85529,0.9695,3,0,1,0,16,7.5,8.80341,-1.2,4.76095,0,22.66667,1e-05,0.53213,0.53213,0.53213,0.29035,0.0625,0.15494,7.45929,0.14642,2.7392,0.02144
"M0",0,98,7.24663,5,8.64423,9.24492,4.71266,2.03888,22.2092,20,0,9,4,62,32.06452,38.33974,0.34713,21.19068,0.64861,449.04495,1e-05,0.11429,0.11429,0.02522,0.01883,0.01613,0.03572,3.4892,0.03213,2.18046,0.00103
"M0",0,34,1.46263,1,1.86577,9.10119,1.15837,1.62744,1.34182,4,0,2,1,19,10.63158,13.68057,1.56296,8.84566,1.27161,78.24561,0,0.46976,0.46976,0.15693,0.46976,0.05263,0.12633,8.9069,0.118,2.87649,0.01392
"M0",0,1,0.08223,0,0.28675,7.27271,0.27478,3.04389,0.0755,1,0,0,0,2,0.5,0.70711,0,0.70711,0,0.5,0.08223,0.91777,0.91777,0.91777,0.08223,0.5,0.65156,0,0.59082,0,0.34907
"M0",0,26,0.70132,1,0.88458,77.81482,0.53912,2.42406,0.29065,1,0,1,0,19,10.05263,12.3395,-0.28375,7.35205,0.64832,54.05263,0,0.66036,0.66036,0.3223,0.66036,0.05263,0.16861,11.43125,0.16457,3.36688,0.02708
"M0",0,608,0.69123,0,3.89678,5246.41025,3.83499,45.41956,14.70718,7,0,1,0,101,66.62376,101.87757,25.17876,77.45784,4.27129,5999.71703,1e-05,0.73994,0.73994,0.73994,0.21151,0.0099,0.07659,86.30167,0.07632,9.11359,0.00583
"M0",0,13,0.3839,0,0.70367,9.09858,0.58972,1.90607,0.34777,2,0,1,0,12,5.83333,7.05927,-0.74492,4.1524,0.37922,17.24242,1e-05,0.65901,0.65901,0.65901,0.30622,0.08333,0.20995,6.79151,0.20127,2.63057,0.04051
"M0",0,94,0.26485,0,1.5273,245.716,1.50416,10.56487,2.2625,5,0,0,0,41,22.97561,29.92674,5.07662,19.41454,1.93161,376.92439,1e-05,0.94493,0.94493,0.94493,0.0135,0.02439,0.1476,40.97053,0.14738,6.39977,0.02172
"M0",0,3,0.06649,0,0.28859,27.14963,0.28083,4.8086,0.07887,1,0,0,0,4,1.5,1.87083,-1.2,1.29099,0,1.66667,0.00094,0.94096,0.94096,0.94096,0.05252,0.25,0.47122,3.94731,0.46123,1.98488,0.21273
"M0",0,10,0.65342,1,0.82234,0.11606,0.4993,-0.25614,0.2493,1,0,1,0,8,3.875,4.88621,0.90645,3.18198,0.89625,10.125,0,0.63485,0.63485,0.35644,0.63485,0.125,0.25743,2.4532,0.24058,1.82755,0.05788
"M0",0,1,0.95455,1,0.97701,17.0943,0.20835,-4.3677,0.04341,1,0,1,1,2,0.5,0.70711,0,0.70711,0,0.5,0.04545,0.95455,0.95455,0.04545,0.95455,0.5,0.67573,0,0.64282,0,0.41322
"M0",0,127,5.64381,3,8.8984,60.78757,6.87963,6.26643,47.3293,26,1,5,3,124,62.1129,72.13003,-1.16031,36.81931,0.05499,1355.66195,1e-05,0.48225,0.48225,0.01309,0.00718,0.00806,0.04698,90.80663,0.04647,9.16944,0.00216
"M0",0,1,0.85621,1,0.92532,2.12261,0.35088,-2.03041,0.12312,1,0,1,1,2,0.5,0.70711,0,0.70711,0,0.5,0.14379,0.85621,0.85621,0.14379,0.85621,0.5,0.61391,0,0.50376,0,0.25377
"M0",0,6,0.59103,1,0.78111,-0.45096,0.51071,-0.04601,0.26083,1,0,1,0,7,3,3.60555,-1.2,2.16025,0,4.66667,2e-05,0.57711,0.57711,0.41666,0.57711,0.14286,0.26904,0.08199,0.24625,1.37838,0.06064
"M0",0,1,0.34237,0,0.58512,-1.5586,0.47451,0.66443,0.22516,1,0,1,0,2,0.5,0.70711,0,0.70711,0,0.5,0.34237,0.65763,0.65763,0.65763,0.34237,0.5,0.52426,0,0.22292,0,0.0497
"M0",0,1,0.76407,1,0.87411,-0.45262,0.42458,-1.24394,0.18027,1,0,1,1,2,0.5,0.70711,0,0.70711,0,0.5,0.23593,0.76407,0.76407,0.23593,0.76407,0.5,0.56545,0,0.37346,0,0.13947
"M0",0,10,0.14333,0,0.48234,63.01674,0.46057,5.86667,0.21213,1,0,0,0,11,5,5.91608,-1.2,3.31662,0,11,7e-05,0.88078,0.88078,0.88078,0.10478,0.09091,0.26746,10.58896,0.26381,3.23782,0.0696
"M0",0,10,0.08577,0,0.32234,130.01191,0.31073,6.8735,0.09655,1,0,0,0,8,4.25,5.43139,-0.74948,3.61544,0.69828,13.07143,7e-05,0.91786,0.91786,0.91786,0.08033,0.125,0.32575,7.81478,0.32159,2.78742,0.10342
"M0",0,36,0.61684,1,0.87653,143.92904,0.62274,4.53342,0.38781,2,0,1,0,25,13.32,16.16292,-0.19592,9.34398,0.57388,87.31,0,0.54137,0.54137,0.42604,0.54137,0.04,0.13789,10.48561,0.13468,3.37724,0.01814
"M0",0,8,0.18182,0,0.56724,57.2908,0.53744,5.93063,0.28885,1,0,0,0,9,4,4.76095,-1.2,2.73861,0,7.5,0.00051,0.84883,0.84883,0.84883,0.1379,0.11111,0.28666,8.32706,0.28028,2.86397,0.07856
"M0",0,20,0.53106,0,1.79309,23.88587,1.71264,4.6083,2.93315,7,0,0,0,21,10,11.69045,-1.2,6.20484,0,38.5,0,0.81069,0.81069,0.81069,0.11978,0.04762,0.17889,19.99021,0.1767,4.43806,0.03122
"M0",0,3401,72.94942,0,118.29491,82.5214,93.12492,5.39602,8672.25111,341,0,90,21,705,402.2922,517.1188,16.00558,325.15043,2.65682,105722.8037,2e-05,0.04626,0.04626,0.04626,0.00015,0.00142,0.0036,50.76977,0.00331,5.29376,1e-05
"M0",0,44,1.12807,0,1.92201,0.53805,1.55615,0.9856,2.42159,4,0,3,0,27,14.37037,17.56259,1.00145,10.28871,0.84754,105.85755,0,0.60808,0.60808,0.60808,0.04661,0.03704,0.12336,21.58348,0.11991,4.49468,0.01438
"M1",1,49,10.02857,3,12.47574,-0.66912,7.42112,0.55422,55.07295,26,1,16,3,46,23.56522,27.10527,-1.14457,13.54113,0.03346,183.36232,2e-05,0.10658,0.10658,0,0.06946,0.02174,0.03452,2.0305,0.02712,1.52054,0.00074
"M1",0,1,0.95378,1,0.97662,16.68674,0.20996,-4.32274,0.04408,1,0,1,1,2,0.5,0.70711,0,0.70711,0,0.5,0.04622,0.95378,0.95378,0.04622,0.95378,0.5,0.67522,0,0.64174,0,0.41184
"M1",0,1,0.95378,1,0.97662,16.68674,0.20996,-4.32274,0.04408,1,0,1,1,2,0.5,0.70711,0,0.70711,0,0.5,0.04622,0.95378,0.95378,0.04622,0.95378,0.5,0.67522,0,0.64174,0,0.41184
"M1",0,1,0.95378,1,0.97662,16.68674,0.20996,-4.32274,0.04408,1,0,1,1,2,0.5,0.70711,0,0.70711,0,0.5,0.04622,0.95378,0.95378,0.04622,0.95378,0.5,0.67522,0,0.64174,0,0.41184
"M1",0,1,0.95378,1,0.97662,16.68674,0.20996,-4.32274,0.04408,1,0,1,1,2,0.5,0.70711,0,0.70711,0,0.5,0.04622,0.95378,0.95378,0.04622,0.95378,0.5,0.67522,0,0.64174,0,0.41184
"M1",0,1,0.95378,1,0.97662,16.68674,0.20996,-4.32274,0.04408,1,0,1,1,2,0.5,0.70711,0,0.70711,0,0.5,0.04622,0.95378,0.95378,0.04622,0.95378,0.5,0.67522,0,0.64174,0,0.41184
"M1",0,1,0.95378,1,0.97662,16.68674,0.20996,-4.32274,0.04408,1,0,1,1,2,0.5,0.70711,0,0.70711,0,0.5,0.04622,0.95378,0.95378,0.04622,0.95378,0.5,0.67522,0,0.64174,0,0.41184
"M1",0,1,0.95378,1,0.97662,16.68674,0.20996,-4.32274,0.04408,1,0,1,1,2,0.5,0.70711,0,0.70711,0,0.5,0.04622,0.95378,0.95378,0.04622,0.95378,0.5,0.67522,0,0.64174,0,0.41184
"M1",0,1,0.93127,1,0.96502,9.62469,0.253,-3.40944,0.06401,1,0,1,1,2,0.5,0.70711,0,0.70711,0,0.5,0.06873,0.93127,0.93127,0.06873,0.93127,0.5,0.6603,0,0.60991,0,0.37199
"M1",0,1,0.93127,1,0.96502,9.62469,0.253,-3.40944,0.06401,1,0,1,1,2,0.5,0.70711,0,0.70711,0,0.5,0.06873,0.93127,0.93127,0.06873,0.93127,0.5,0.6603,0,0.60991,0,0.37199
"M1",1,63,11.66142,11,12.43993,1.29582,4.33166,-0.62161,18.76325,20,1,14,11,49,25.34694,29.37374,-0.69555,14.99799,0.22129,224.93963,0,0.25452,0.25452,0,0.06028,0.02041,0.04795,16.68739,0.04384,3.64269,0.00192
"M1",0,1175,1.47958,2,4.37668,18384.81474,4.119,117.32545,16.96616,3,0,2,1,280,222.74286,296.29749,2.65135,195.7413,1.48243,38314.65765,0,0.39787,0.39787,0.1646,0.34532,0.00357,0.03335,112.80146,0.03322,10.4245,0.0011
"M1",0,2,0.77905,1,0.88264,-0.19048,0.41489,-1.34513,0.17213,1,0,1,1,3,1,1.29099,0,1,0,1,0,0.77905,0.77905,0.22095,0.77905,0.33333,0.46752,0,0.4015,1.16088,0.1612
"M1",0,2,0.77905,1,0.88264,-0.19048,0.41489,-1.34513,0.17213,1,0,1,1,3,1,1.29099,0,1,0,1,0,0.77905,0.77905,0.22095,0.77905,0.33333,0.46752,0,0.4015,1.16088,0.1612
"M1",0,2,0.77905,1,0.88264,-0.19048,0.41489,-1.34513,0.17213,1,0,1,1,3,1,1.29099,0,1,0,1,0,0.77905,0.77905,0.22095,0.77905,0.33333,0.46752,0,0.4015,1.16088,0.1612
"M1",0,2,0.77905,1,0.88264,-0.19048,0.41489,-1.34513,0.17213,1,0,1,1,3,1,1.29099,0,1,0,1,0,0.77905,0.77905,0.22095,0.77905,0.33333,0.46752,0,0.4015,1.16088,0.1612
"M1",0,2,0.77905,1,0.88264,-0.19048,0.41489,-1.34513,0.17213,1,0,1,1,3,1,1.29099,0,1,0,1,0,0.77905,0.77905,0.22095,0.77905,0.33333,0.46752,0,0.4015,1.16088,0.1612
"M1",0,1,0.77905,1,0.88264,-0.19053,0.41489,-1.34517,0.17213,1,0,1,1,2,0.5,0.70711,0,0.70711,0,0.5,0.22095,0.77905,0.77905,0.22095,0.77905,0.5,0.5726,0,0.39463,0,0.15573
"M1",0,1,0.77905,1,0.88264,-0.19053,0.41489,-1.34517,0.17213,1,0,1,1,2,0.5,0.70711,0,0.70711,0,0.5,0.22095,0.77905,0.77905,0.22095,0.77905,0.5,0.5726,0,0.39463,0,0.15573
"M1",1,53,10.15118,10,10.58107,1.55118,2.98539,-0.12923,8.91254,16,3,12,8,37,19.56757,22.87451,0.0422,12.01051,0.47895,144.25225,0,0.20276,0.20276,0,0.00551,0.02703,0.05573,4.4703,0.04941,2.23568,0.00244
"M1",0,1,0.98814,1,0.99405,79.34516,0.10825,-9.01915,0.01172,1,1,1,1,2,0.5,0.70711,0,0.70711,0,0.5,0.01186,0.98814,0.98814,0.01186,0.98814,0.5,0.69877,0,0.69034,0,0.47657
"M1",0,1,0.98814,1,0.99405,79.34516,0.10825,-9.01915,0.01172,1,1,1,1,2,0.5,0.70711,0,0.70711,0,0.5,0.01186,0.98814,0.98814,0.01186,0.98814,0.5,0.69877,0,0.69034,0,0.47657
"M1",0,1,0.98814,1,0.99405,79.34516,0.10825,-9.01915,0.01172,1,1,1,1,2,0.5,0.70711,0,0.70711,0,0.5,0.01186,0.98814,0.98814,0.01186,0.98814,0.5,0.69877,0,0.69034,0,0.47657
"M1",0,1,0.98814,1,0.99405,79.34516,0.10825,-9.01915,0.01172,1,1,1,1,2,0.5,0.70711,0,0.70711,0,0.5,0.01186,0.98814,0.98814,0.01186,0.98814,0.5,0.69877,0,0.69034,0,0.47657
"M1",0,1,0.98814,1,0.99405,79.34516,0.10825,-9.01915,0.01172,1,1,1,1,2,0.5,0.70711,0,0.70711,0,0.5,0.01186,0.98814,0.98814,0.01186,0.98814,0.5,0.69877,0,0.69034,0,0.47657
"M1",0,1,0.98814,1,0.99405,79.34516,0.10825,-9.01915,0.01172,1,1,1,1,2,0.5,0.70711,0,0.70711,0,0.5,0.01186,0.98814,0.98814,0.01186,0.98814,0.5,0.69877,0,0.69034,0,0.47657
"M1",0,1,0.98814,1,0.99405,79.34516,0.10825,-9.01915,0.01172,1,1,1,1,2,0.5,0.70711,0,0.70711,0,0.5,0.01186,0.98814,0.98814,0.01186,0.98814,0.5,0.69877,0,0.69034,0,0.47657
"M1",0,1,0.9691,1,0.98443,27.39036,0.17306,-5.42128,0.02995,1,0,1,1,2,0.5,0.70711,0,0.70711,0,0.5,0.0309,0.9691,0.9691,0.0309,0.9691,0.5,0.6856,0,0.6634,0,0.4401
"M1",2,63,11.20979,5,12.52323,-1.01532,5.5832,0.11069,31.17208,21,3,16,6,44,24.40909,28.34287,-0.23542,14.5719,0.47091,212.34038,1e-05,0.08816,0.08816,0,0,0.02273,0.03663,-0.52319,0.02905,0.95995,0.00084
"M1",0,1,0.98037,1,0.99014,45.95844,0.13873,-6.92516,0.01925,1,1,1,1,2,0.5,0.70711,0,0.70711,0,0.5,0.01963,0.98037,0.98037,0.01963,0.98037,0.5,0.69336,0,0.67934,0,0.46151
"M1",0,1,0.98037,1,0.99014,45.95844,0.13873,-6.92516,0.01925,1,1,1,1,2,0.5,0.70711,0,0.70711,0,0.5,0.01963,0.98037,0.98037,0.01963,0.98037,0.5,0.69336,0,0.67934,0,0.46151
"M1",0,1,0.98037,1,0.99014,45.95844,0.13873,-6.92516,0.01925,1,1,1,1,2,0.5,0.70711,0,0.70711,0,0.5,0.01963,0.98037,0.98037,0.01963,0.98037,0.5,0.69336,0,0.67934,0,0.46151
"M1",0,1,0.98037,1,0.99014,45.95844,0.13873,-6.92516,0.01925,1,1,1,1,2,0.5,0.70711,0,0.70711,0,0.5,0.01963,0.98037,0.98037,0.01963,0.98037,0.5,0.69336,0,0.67934,0,0.46151
"M1",0,1,0.98037,1,0.99014,45.95844,0.13873,-6.92516,0.01925,1,1,1,1,2,0.5,0.70711,0,0.70711,0,0.5,0.01963,0.98037,0.98037,0.01963,0.98037,0.5,0.69336,0,0.67934,0,0.46151
"M1",0,1,0.98037,1,0.99014,45.95844,0.13873,-6.92516,0.01925,1,1,1,1,2,0.5,0.70711,0,0.70711,0,0.5,0.01963,0.98037,0.98037,0.01963,0.98037,0.5,0.69336,0,0.67934,0,0.46151
"M1",0,1,0.98037,1,0.99014,45.95844,0.13873,-6.92516,0.01925,1,1,1,1,2,0.5,0.70711,0,0.70711,0,0.5,0.01963,0.98037,0.98037,0.01963,0.98037,0.5,0.69336,0,0.67934,0,0.46151
"M1",0,1,0.95867,1,0.97912,19.23899,0.19905,-4.60855,0.03962,1,0,1,1,2,0.5,0.70711,0,0.70711,0,0.5,0.04133,0.95867,0.95867,0.04133,0.95867,0.5,0.67851,0,0.64866,0,0.42076
"M1",1,24,9.42202,9,9.53152,9.20534,1.44068,-1.23853,2.07554,12,7,10,9,24,12.5,14.28869,-1.2,7.07107,0,50,0,0.33312,0.33312,0,0.00522,0.04167,0.10259,5.61665,0.09576,2.54516,0.00917
"M1",0,51,0.97226,1,1.05015,2620.91124,0.39691,32.49182,0.15754,1,0,1,1,29,15.7931,19.72046,1.37742,12.01897,1.10286,144.45567,0,0.93571,0.93571,0.04963,0.93571,0.03448,0.17402,28.81099,0.17359,5.36054,0.03013
"M1",0,1,0.96027,1,0.97993,20.21106,0.19533,-4.71284,0.03815,1,0,1,1,2,0.5,0.70711,0,0.70711,0,0.5,0.03973,0.96027,0.96027,0.03973,0.96027,0.5,0.67959,0,0.65092,0,0.42369
"M1",0,1,0.96027,1,0.97993,20.21106,0.19533,-4.71284,0.03815,1,0,1,1,2,0.5,0.70711,0,0.70711,0,0.5,0.03973,0.96027,0.96027,0.03973,0.96027,0.5,0.67959,0,0.65092,0,0.42369
"M1",0,1,0.96027,1,0.97993,20.21106,0.19533,-4.71284,0.03815,1,0,1,1,2,0.5,0.70711,0,0.70711,0,0.5,0.03973,0.96027,0.96027,0.03973,0.96027,0.5,0.67959,0,0.65092,0,0.42369
"M1",0,1,0.96027,1,0.97993,20.21106,0.19533,-4.71284,0.03815,1,0,1,1,2,0.5,0.70711,0,0.70711,0,0.5,0.03973,0.96027,0.96027,0.03973,0.96027,0.5,0.67959,0,0.65092,0,0.42369
"M1",0,1,0.96027,1,0.97993,20.21106,0.19533,-4.71284,0.03815,1,0,1,1,2,0.5,0.70711,0,0.70711,0,0.5,0.03973,0.96027,0.96027,0.03973,0.96027,0.5,0.67959,0,0.65092,0,0.42369
"M1",0,1,0.96027,1,0.97993,20.21106,0.19533,-4.71284,0.03815,1,0,1,1,2,0.5,0.70711,0,0.70711,0,0.5,0.03973,0.96027,0.96027,0.03973,0.96027,0.5,0.67959,0,0.65092,0,0.42369
"M1",0,1,0.96027,1,0.97993,20.21106,0.19533,-4.71284,0.03815,1,0,1,1,2,0.5,0.70711,0,0.70711,0,0.5,0.03973,0.96027,0.96027,0.03973,0.96027,0.5,0.67959,0,0.65092,0,0.42369
"M1",0,1,0.92841,1,0.96354,9.04563,0.25781,-3.32348,0.06647,1,0,1,1,2,0.5,0.70711,0,0.70711,0,0.5,0.07159,0.92841,0.92841,0.07159,0.92841,0.5,0.65843,0,0.60586,0,0.36707
"M1",1,49,8.89904,9,9.34823,4.67449,2.86296,0.8881,8.19654,16,3,10,7,40,20.8,24.07488,-0.78493,12.27714,0.20492,150.72821,1e-05,0.3497,0.3497,0,0.00848,0.025,0.06982,16.63632,0.06602,3.95565,0.00436
"M1",0,1,0.99026,1,0.99512,97.6404,0.09823,-9.98194,0.00965,1,1,1,1,2,0.5,0.70711,0,0.70711,0,0.5,0.00974,0.99026,0.99026,0.00974,0.99026,0.5,0.70025,0,0.69333,0,0.4807
"M1",0,1,0.99026,1,0.99512,97.6404,0.09823,-9.98194,0.00965,1,1,1,1,2,0.5,0.70711,0,0.70711,0,0.5,0.00974,0.99026,0.99026,0.00974,0.99026,0.5,0.70025,0,0.69333,0,0.4807
"M1",0,1,0.99026,1,0.99512,97.6404,0.09823,-9.98194,0.00965,1,1,1,1,2,0.5,0.70711,0,0.70711,0,0.5,0.00974,0.99026,0.99026,0.00974,0.99026,0.5,0.70025,0,0.69333,0,0.4807
"M1",0,1,0.99026,1,0.99512,97.6404,0.09823,-9.98194,0.00965,1,1,1,1,2,0.5,0.70711,0,0.70711,0,0.5,0.00974,0.99026,0.99026,0.00974,0.99026,0.5,0.70025,0,0.69333,0,0.4807
"M1",0,1,0.99026,1,0.99512,97.6404,0.09823,-9.98194,0.00965,1,1,1,1,2,0.5,0.70711,0,0.70711,0,0.5,0.00974,0.99026,0.99026,0.00974,0.99026,0.5,0.70025,0,0.69333,0,0.4807
"M1",0,1,0.99026,1,0.99512,97.6404,0.09823,-9.98194,0.00965,1,1,1,1,2,0.5,0.70711,0,0.70711,0,0.5,0.00974,0.99026,0.99026,0.00974,0.99026,0.5,0.70025,0,0.69333,0,0.4807
"M1",0,1,0.99026,1,0.99512,97.6404,0.09823,-9.98194,0.00965,1,1,1,1,2,0.5,0.70711,0,0.70711,0,0.5,0.00974,0.99026,0.99026,0.00974,0.99026,0.5,0.70025,0,0.69333,0,0.4807
"M1",0,1,0.95939,1,0.97948,19.6646,0.1974,-4.6545,0.03897,1,0,1,1,2,0.5,0.70711,0,0.70711,0,0.5,0.04061,0.95939,0.95939,0.04061,0.95939,0.5,0.679,0,0.64967,0,0.42207
"M1",0,119,0.91137,1,1.09934,10322.19765,0.61478,61.10116,0.37796,2,0,1,1,20,19.4,33.93081,7.67057,28.56092,2.65414,815.72632,1e-05,0.80855,0.80855,0.14527,0.80855,0.05,0.18392,18.46726,0.18159,4.25043,0.03298
"M1",1,21,3.97906,1,5.15555,1.40398,3.27906,1.2987,10.75224,14,1,6,1,18,9.72222,11.20764,-0.75869,5.73745,0.25429,32.9183,0.00051,0.28601,0.28601,0,0.28601,0.05556,0.09115,4.82667,0.07436,2.10574,0.00553
"M1",0,1,0.98519,1,0.99257,62.69532,0.12083,-8.03936,0.0146,1,1,1,1,2,0.5,0.70711,0,0.70711,0,0.5,0.01481,0.98519,0.98519,0.01481,0.98519,0.5,0.69671,0,0.68616,0,0.47082
"M1",0,1,0.98519,1,0.99257,62.69532,0.12083,-8.03936,0.0146,1,1,1,1,2,0.5,0.70711,0,0.70711,0,0.5,0.01481,0.98519,0.98519,0.01481,0.98519,0.5,0.69671,0,0.68616,0,0.47082
"M1",0,1,0.98519,1,0.99257,62.69532,0.12083,-8.03936,0.0146,1,1,1,1,2,0.5,0.70711,0,0.70711,0,0.5,0.01481,0.98519,0.98519,0.01481,0.98519,0.5,0.69671,0,0.68616,0,0.47082
"M1",0,1,0.98519,1,0.99257,62.69532,0.12083,-8.03936,0.0146,1,1,1,1,2,0.5,0.70711,0,0.70711,0,0.5,0.01481,0.98519,0.98519,0.01481,0.98519,0.5,0.69671,0,0.68616,0,0.47082
"M1",0,1,0.98519,1,0.99257,62.69532,0.12083,-8.03936,0.0146,1,1,1,1,2,0.5,0.70711,0,0.70711,0,0.5,0.01481,0.98519,0.98519,0.01481,0.98519,0.5,0.69671,0,0.68616,0,0.47082
"M1",0,1,0.98519,1,0.99257,62.69532,0.12083,-8.03936,0.0146,1,1,1,1,2,0.5,0.70711,0,0.70711,0,0.5,0.01481,0.98519,0.98519,0.01481,0.98519,0.5,0.69671,0,0.68616,0,0.47082
"M1",0,1,0.98519,1,0.99257,62.69532,0.12083,-8.03936,0.0146,1,1,1,1,2,0.5,0.70711,0,0.70711,0,0.5,0.01481,0.98519,0.98519,0.01481,0.98519,0.5,0.69671,0,0.68616,0,0.47082
"M1",0,1,0.9811,1,0.99051,48.06389,0.1362,-7.07211,0.01855,1,1,1,1,2,0.5,0.70711,0,0.70711,0,0.5,0.0189,0.9811,0.9811,0.0189,0.9811,0.5,0.69387,0,0.68038,0,0.46292
"M1",0,1,0.9811,1,0.99051,48.06389,0.1362,-7.07211,0.01855,1,1,1,1,2,0.5,0.70711,0,0.70711,0,0.5,0.0189,0.9811,0.9811,0.0189,0.9811,0.5,0.69387,0,0.68038,0,0.46292
"M1",1,23,8.06561,6,8.40549,0.58572,2.36607,0.19333,5.59829,13,3,10,6,22,11.59091,13.28533,-1.10361,6.64515,0.07329,44.15801,3e-05,0.17989,0.17989,0,0.00877,0.04545,0.07598,-0.38151,0.06232,1.1056,0.00388
"M1",0,2,0.93778,1,0.96841,11.13309,0.24163,-3.6211,0.05838,1,0,1,1,3,1,1.29099,0,1,0,1,2e-05,0.93775,0.93775,0.06224,0.93775,0.33333,0.5426,0,0.52436,1.70466,0.27495
"M1",0,2,0.93778,1,0.96841,11.13309,0.24163,-3.6211,0.05838,1,0,1,1,3,1,1.29099,0,1,0,1,2e-05,0.93775,0.93775,0.06224,0.93775,0.33333,0.5426,0,0.52436,1.70466,0.27495
"M1",0,2,0.93778,1,0.96841,11.13309,0.24163,-3.6211,0.05838,1,0,1,1,3,1,1.29099,0,1,0,1,2e-05,0.93775,0.93775,0.06224,0.93775,0.33333,0.5426,0,0.52436,1.70466,0.27495
"M1",0,2,0.93778,1,0.96841,11.13309,0.24163,-3.6211,0.05838,1,0,1,1,3,1,1.29099,0,1,0,1,2e-05,0.93775,0.93775,0.06224,0.93775,0.33333,0.5426,0,0.52436,1.70466,0.27495
"M1",0,2,0.93778,1,0.96841,11.13309,0.24163,-3.6211,0.05838,1,0,1,1,3,1,1.29099,0,1,0,1,2e-05,0.93775,0.93775,0.06224,0.93775,0.33333,0.5426,0,0.52436,1.70466,0.27495
"M1",0,1,0.93776,1,0.96838,11.13501,0.24159,-3.62417,0.05836,1,0,1,1,2,0.5,0.70711,0,0.70711,0,0.5,0.06224,0.93776,0.93776,0.06224,0.93776,0.5,0.66456,0,0.61909,0,0.38327
"M1",0,1,0.93776,1,0.96838,11.13501,0.24159,-3.62417,0.05836,1,0,1,1,2,0.5,0.70711,0,0.70711,0,0.5,0.06224,0.93776,0.93776,0.06224,0.93776,0.5,0.66456,0,0.61909,0,0.38327
"M1",0,1,0.92236,1,0.9604,7.96482,0.26761,-3.15667,0.07161,1,0,1,1,2,0.5,0.70711,0,0.70711,0,0.5,0.07764,0.92236,0.92236,0.07764,0.92236,0.5,0.65451,0,0.59731,0,0.35677
"M1",1,40,8.06413,5,8.87457,0.03095,3.70512,0.55762,13.7279,16,2,11,5,35,18.25714,21.08825,-0.94275,10.70828,0.15779,114.66723,1e-05,0.2304,0.2304,0,0.00547,0.02857,0.05546,9.02676,0.04823,2.74906,0.00233
"M1",0,1,0.8059,1,0.89772,0.39284,0.39551,-1.54688,0.15643,1,0,1,1,2,0.5,0.70711,0,0.70711,0,0.5,0.1941,0.8059,0.8059,0.1941,0.8059,0.5,0.58615,0,0.4326,0,0.18715
"M1",0,1,0.8059,1,0.89772,0.39284,0.39551,-1.54688,0.15643,1,0,1,1,2,0.5,0.70711,0,0.70711,0,0.5,0.1941,0.8059,0.8059,0.1941,0.8059,0.5,0.58615,0,0.4326,0,0.18715
"M1",0,1,0.8059,1,0.89772,0.39284,0.39551,-1.54688,0.15643,1,0,1,1,2,0.5,0.70711,0,0.70711,0,0.5,0.1941,0.8059,0.8059,0.1941,0.8059,0.5,0.58615,0,0.4326,0,0.18715
"M1",0,1,0.8059,1,0.89772,0.39284,0.39551,-1.54688,0.15643,1,0,1,1,2,0.5,0.70711,0,0.70711,0,0.5,0.1941,0.8059,0.8059,0.1941,0.8059,0.5,0.58615,0,0.4326,0,0.18715
"M1",0,1,0.8059,1,0.89772,0.39284,0.39551,-1.54688,0.15643,1,0,1,1,2,0.5,0.70711,0,0.70711,0,0.5,0.1941,0.8059,0.8059,0.1941,0.8059,0.5,0.58615,0,0.4326,0,0.18715
"M1",0,1,0.8059,1,0.89772,0.39284,0.39551,-1.54688,0.15643,1,0,1,1,2,0.5,0.70711,0,0.70711,0,0.5,0.1941,0.8059,0.8059,0.1941,0.8059,0.5,0.58615,0,0.4326,0,0.18715
"M1",0,1,0.8059,1,0.89772,0.39284,0.39551,-1.54688,0.15643,1,0,1,1,2,0.5,0.70711,0,0.70711,0,0.5,0.1941,0.8059,0.8059,0.1941,0.8059,0.5,0.58615,0,0.4326,0,0.18715
"M1",1,24,5.05716,5,5.86473,2.40791,2.96999,1.12477,8.82082,13,1,7,3,24,12.5,14.28869,-1.2,7.07107,0,50,7e-05,0.17986,0.17986,0,0.11781,0.04167,0.06867,0.34761,0.05576,1.23007,0.00311
"M1",0,1,0.99443,1,0.99721,174.45013,0.07446,-13.28257,0.00554,1,1,1,1,2,0.5,0.70711,0,0.70711,0,0.5,0.00557,0.99443,0.99443,0.00557,0.99443,0.5,0.70318,0,0.69922,0,0.48891
"M1",0,1,0.99443,1,0.99721,174.45013,0.07446,-13.28257,0.00554,1,1,1,1,2,0.5,0.70711,0,0.70711,0,0.5,0.00557,0.99443,0.99443,0.00557,0.99443,0.5,0.70318,0,0.69922,0,0.48891
"M1",0,1,0.99443,1,0.99721,174.45013,0.07446,-13.28257,0.00554,1,1,1,1,2,0.5,0.70711,0,0.70711,0,0.5,0.00557,0.99443,0.99443,0.00557,0.99443,0.5,0.70318,0,0.69922,0,0.48891
"M1",0,1,0.99443,1,0.99721,174.45013,0.07446,-13.28257,0.00554,1,1,1,1,2,0.5,0.70711,0,0.70711,0,0.5,0.00557,0.99443,0.99443,0.00557,0.99443,0.5,0.70318,0,0.69922,0,0.48891
"M1",0,1,0.99443,1,0.99721,174.45013,0.07446,-13.28257,0.00554,1,1,1,1,2,0.5,0.70711,0,0.70711,0,0.5,0.00557,0.99443,0.99443,0.00557,0.99443,0.5,0.70318,0,0.69922,0,0.48891
"M1",0,1,0.99443,1,0.99721,174.45013,0.07446,-13.28257,0.00554,1,1,1,1,2,0.5,0.70711,0,0.70711,0,0.5,0.00557,0.99443,0.99443,0.00557,0.99443,0.5,0.70318,0,0.69922,0,0.48891
"M1",0,1,0.99443,1,0.99721,174.45013,0.07446,-13.28257,0.00554,1,1,1,1,2,0.5,0.70711,0,0.70711,0,0.5,0.00557,0.99443,0.99443,0.00557,0.99443,0.5,0.70318,0,0.69922,0,0.48891
"M1",0,1,0.98173,1,0.99082,49.7747,0.13393,-7.195,0.01794,1,1,1,1,2,0.5,0.70711,0,0.70711,0,0.5,0.01827,0.98173,0.98173,0.01827,0.98173,0.5,0.69431,0,0.68127,0,0.46413
"M1",0,1,0.98173,1,0.99082,49.7747,0.13393,-7.195,0.01794,1,1,1,1,2,0.5,0.70711,0,0.70711,0,0.5,0.01827,0.98173,0.98173,0.01827,0.98173,0.5,0.69431,0,0.68127,0,0.46413
"M1",1,47.0901689874008,9.61170906284552,3.4244068916887,11.7115593169287,-0.520562733667744,6.63257199524239,0.554941491715871,46.299387921393,23.8779655415565,1.21220344584435,14.9389827707782,3.4244068916887,43.6657620957121,22.4388271331825,25.8284376222856,-1.10174310055969,12.9399894684398,0.0598432544218283,168.784985189412,1.78779655415565e-05,0.132855030664448,0.132855030664448,0,0.0558811015004199,0.0231893495351169,0.0389635401559807,3.51513048002301,0.0315996147417743,1.7812361772887,0.00107740347889252
"M1",0,1,0.95378,1,0.97662,16.68674,0.20996,-4.32274,0.04408,1,0,1,1,2,0.5,0.70711,0,0.70711,0,0.5,0.04622,0.95378,0.95378,0.04622,0.95378,0.5,0.67522,0,0.64174,0,0.41184
"M1",0,1,0.95378,1,0.97662,16.68674,0.20996,-4.32274,0.04408,1,0,1,1,2,0.5,0.70711,0,0.70711,0,0.5,0.04622,0.95378,0.95378,0.04622,0.95378,0.5,0.67522,0,0.64174,0,0.41184
"M1",0,1,0.95378,1,0.97662,16.68674,0.20996,-4.32274,0.04408,1,0,1,1,2,0.5,0.70711,0,0.70711,0,0.5,0.04622,0.95378,0.95378,0.04622,0.95378,0.5,0.67522,0,0.64174,0,0.41184
"M1",0,1,0.95378,1,0.97662,16.68674,0.20996,-4.32274,0.04408,1,0,1,1,2,0.5,0.70711,0,0.70711,0,0.5,0.04622,0.95378,0.95378,0.04622,0.95378,0.5,0.67522,0,0.64174,0,0.41184
"M1",0,1,0.95378,1,0.97662,16.68674,0.20996,-4.32274,0.04408,1,0,1,1,2,0.5,0.70711,0,0.70711,0,0.5,0.04622,0.95378,0.95378,0.04622,0.95378,0.5,0.67522,0,0.64174,0,0.41184
"M1",0,1,0.95378,1,0.97662,16.68674,0.20996,-4.32274,0.04408,1,0,1,1,2,0.5,0.70711,0,0.70711,0,0.5,0.04622,0.95378,0.95378,0.04622,0.95378,0.5,0.67522,0,0.64174,0,0.41184
"M1",0,1,0.95378,1,0.97662,16.68674,0.20996,-4.32274,0.04408,1,0,1,1,2,0.5,0.70711,0,0.70711,0,0.5,0.04622,0.95378,0.95378,0.04622,0.95378,0.5,0.67522,0,0.64174,0,0.41184
"M1",0,1,0.929529211174832,1,0.964119172216346,9.27223504297135,0.255927690296874,-3.35711894845753,0.0655073218566133,1,0,1,1,2,0.5,0.70711,0,0.70711,0,0.5,0.0704707888251683,0.929529211174832,0.929529211174832,0.0704707888251683,0.929529211174832,0.5,0.659161791922005,0,0.607444896943381,0,0.368995356286773
"M1",0,1,0.93127,1,0.96502,9.62469,0.253,-3.40944,0.06401,1,0,1,1,2,0.5,0.70711,0,0.70711,0,0.5,0.06873,0.93127,0.93127,0.06873,0.93127,0.5,0.6603,0,0.60991,0,0.37199
"M1",1,56.9342575911433,10.4645710346159,10.1334653701633,11.100397442467,2.75968727889514,3.69532029457944,0.032497998005366,14.1850399307792,18.2669307403266,1.86653462983668,12.2669307403266,9.26693074032664,45.1005941657349,23.3768995151052,27.0779171556718,-0.734275432607401,13.8191346262044,0.214197414054787,192.786247320323,4.33267314918339e-06,0.295758383033928,0.295758383033928,0,0.03783675308723,0.0223986969754752,0.0574255561772641,16.6652630382271,0.0534498690448888,3.77828533887684,0.00297717224840075
"M1",0.397002185927704,718.050483997213,2.89988708033124,3.19100655778311,4.96743910276972,11086.9590458776,3.66284051834721,71.1935260337144,13.7324422148756,6.97002185927704,0.397002185927704,3.98501092963852,1.79400437185541,178.367440402508,139.275985004308,184.339379949151,1.12235563122734,120.838806270517,0.893902049515194,23123.5049191748,2.77901530149393e-05,0.311319553445901,0.311319553445901,0.0992534401962999,0.254998032679588,0.0186957832838455,0.0473721172069665,68.1570357340139,0.0421684292708104,6.77429119164074,0.00189797439371468
"M1",0,2,0.77905,1,0.88264,-0.19048,0.41489,-1.34513,0.17213,1,0,1,1,3,1,1.29099,0,1,0,1,0,0.77905,0.77905,0.22095,0.77905,0.33333,0.46752,0,0.4015,1.16088,0.1612
"M1",0,2,0.77905,1,0.88264,-0.19048,0.41489,-1.34513,0.17213,1,0,1,1,3,1,1.29099,0,1,0,1,0,0.77905,0.77905,0.22095,0.77905,0.33333,0.46752,0,0.4015,1.16088,0.1612
"M1",0,2,0.77905,1,0.88264,-0.19048,0.41489,-1.34513,0.17213,1,0,1,1,3,1,1.29099,0,1,0,1,0,0.77905,0.77905,0.22095,0.77905,0.33333,0.46752,0,0.4015,1.16088,0.1612
"M1",0,2,0.911066809688511,1,0.953975486467483,9.22740940770195,0.270788491484714,-3.23806957252416,0.0775233591503301,1,0,1,1,3,1,1.29099,0,1,0,1,1.6634134654887e-05,0.911041858486529,0.911041858486529,0.088949824446144,0.911041858486529,0.33333,0.529964541494446,0,0.503683489184971,1.61314548713172,0.25580664084967
"M1",0,2,0.77905,1,0.88264,-0.19048,0.41489,-1.34513,0.17213,1,0,1,1,3,1,1.29099,0,1,0,1,0,0.77905,0.77905,0.22095,0.77905,0.33333,0.46752,0,0.4015,1.16088,0.1612
"M1",0,1,0.785717407722888,1,0.886384674430583,-0.0456672199887922,0.410077547051413,-1.39525874531783,0.168231366806356,1,0,1,1,2,0.5,0.70711,0,0.70711,0,0.5,0.214282592277112,0.785717407722888,0.785717407722888,0.214282592277112,0.785717407722888,0.5,0.575964743934642,0,0.404058732634564,0,0.163532232798999
"M1",0,1,0.77905,1,0.88264,-0.19053,0.41489,-1.34517,0.17213,1,0,1,1,2,0.5,0.70711,0,0.70711,0,0.5,0.22095,0.77905,0.77905,0.22095,0.77905,0.5,0.5726,0,0.39463,0,0.15573
"M1",1,51.4785345001146,9.67490804724338,9.61963362502865,10.1121391182803,2.73918210261175,2.93882174471226,0.257728124249599,8.64019767552052,16,3,11.2392672500573,7.61963362502865,38.141099124914,20.0363449315059,23.3310903855244,-0.272412439730049,12.1119270865586,0.374718202266602,146.715487429659,3.80366374971345e-06,0.258651035138289,0.258651035138289,0,0.00663968813366489,0.0262578562588082,0.0610893622233463,9.09784492522888,0.055727885488274,2.88989875395946,0.00317030343994498
"M1",0,1,0.98814,1,0.99405,79.34516,0.10825,-9.01915,0.01172,1,1,1,1,2,0.5,0.70711,0,0.70711,0,0.5,0.01186,0.98814,0.98814,0.01186,0.98814,0.5,0.69877,0,0.69034,0,0.47657
"M1",0,1,0.98814,1,0.99405,79.34516,0.10825,-9.01915,0.01172,1,1,1,1,2,0.5,0.70711,0,0.70711,0,0.5,0.01186,0.98814,0.98814,0.01186,0.98814,0.5,0.69877,0,0.69034,0,0.47657
"M1",0,1,0.98814,1,0.99405,79.34516,0.10825,-9.01915,0.01172,1,1,1,1,2,0.5,0.70711,0,0.70711,0,0.5,0.01186,0.98814,0.98814,0.01186,0.98814,0.5,0.69877,0,0.69034,0,0.47657
"M1",0,1,0.98814,1,0.99405,79.34516,0.10825,-9.01915,0.01172,1,1,1,1,2,0.5,0.70711,0,0.70711,0,0.5,0.01186,0.98814,0.98814,0.01186,0.98814,0.5,0.69877,0,0.69034,0,0.47657
"M1",0,1,0.98814,1,0.99405,79.34516,0.10825,-9.01915,0.01172,1,1,1,1,2,0.5,0.70711,0,0.70711,0,0.5,0.01186,0.98814,0.98814,0.01186,0.98814,0.5,0.69877,0,0.69034,0,0.47657
"M1",0,1,0.98814,1,0.99405,79.34516,0.10825,-9.01915,0.01172,1,1,1,1,2,0.5,0.70711,0,0.70711,0,0.5,0.01186,0.98814,0.98814,0.01186,0.98814,0.5,0.69877,0,0.69034,0,0.47657
"M1",0,1,0.98814,1,0.99405,79.34516,0.10825,-9.01915,0.01172,1,1,1,1,2,0.5,0.70711,0,0.70711,0,0.5,0.01186,0.98814,0.98814,0.01186,0.98814,0.5,0.69877,0,0.69034,0,0.47657
"M1",0,1,0.966301420169638,1,0.983003770188377,25.114952958537,0.180118252867742,-5.19674705605644,0.0325489076567348,1,0,1,1,2,0.5,0.70711,0,0.70711,0,0.5,0.033698579830362,0.966301420169638,0.966301420169638,0.033698579830362,0.966301420169638,0.5,0.683695190851588,0,0.659444589322433,0,0.434899015286949
"M1",1.55529898218811,58.5529898218811,10.7390250555341,7.22350508905947,11.6595494712465,0.126005162214227,4.42795124891808,0.00399733180657028,21.2732399059754,18.7764949109405,3,14.2211959287524,6.88940203562379,40.8870928753167,22.2560611282434,25.9110847422381,-0.111962103435062,13.4328472599868,0.474485396183208,182.061519288091,5.55298982188106e-06,0.139122736641243,0.139122736641243,0,0.00245030260814354,0.0246422143765911,0.0451237894402072,1.69742008543352,0.0381041127226502,1.52726842945317,0.00155152162849903
"M1",0,1,0.98037,1,0.99014,45.95844,0.13873,-6.92516,0.01925,1,1,1,1,2,0.5,0.70711,0,0.70711,0,0.5,0.01963,0.98037,0.98037,0.01963,0.98037,0.5,0.69336,0,0.67934,0,0.46151
"M1",0,1,0.98037,1,0.99014,45.95844,0.13873,-6.92516,0.01925,1,1,1,1,2,0.5,0.70711,0,0.70711,0,0.5,0.01963,0.98037,0.98037,0.01963,0.98037,0.5,0.69336,0,0.67934,0,0.46151
"M1",0,1,0.98037,1,0.99014,45.95844,0.13873,-6.92516,0.01925,1,1,1,1,2,0.5,0.70711,0,0.70711,0,0.5,0.01963,0.98037,0.98037,0.01963,0.98037,0.5,0.69336,0,0.67934,0,0.46151
"M1",0,1,0.98037,1,0.99014,45.95844,0.13873,-6.92516,0.01925,1,1,1,1,2,0.5,0.70711,0,0.70711,0,0.5,0.01963,0.98037,0.98037,0.01963,0.98037,0.5,0.69336,0,0.67934,0,0.46151
"M1",0,1,0.98037,1,0.99014,45.95844,0.13873,-6.92516,0.01925,1,1,1,1,2,0.5,0.70711,0,0.70711,0,0.5,0.01963,0.98037,0.98037,0.01963,0.98037,0.5,0.69336,0,0.67934,0,0.46151
"M1",0,1,0.98037,1,0.99014,45.95844,0.13873,-6.92516,0.01925,1,1,1,1,2,0.5,0.70711,0,0.70711,0,0.5,0.01963,0.98037,0.98037,0.01963,0.98037,0.5,0.69336,0,0.67934,0,0.46151
"M1",0,1,0.98037,1,0.99014,45.95844,0.13873,-6.92516,0.01925,1,1,1,1,2,0.5,0.70711,0,0.70711,0,0.5,0.01963,0.98037,0.98037,0.01963,0.98037,0.5,0.69336,0,0.67934,0,0.46151
"M1",0,1,0.959831861605942,1,0.979708192438008,19.9448717570552,0.196348671766184,-4.68428159180232,0.0385525396495406,1,0,1,1,2,0.5,0.70711,0,0.70711,0,0.5,0.0401681383940578,0.959831861605942,0.959831861605942,0.0401681383940578,0.959831861605942,0.5,0.679294256584011,0,0.650301129518393,0,0.422887659065882
"M1",1,48.5379234000575,10.8310001451818,10.2583550461568,11.3614261998964,4.22884779766096,3.25961963566918,-0.850377802462475,12.5750720436506,17.0334201846272,3.22493486152962,12.5167100923136,10.2583550461568,39.7294380769599,20.5830058883368,23.7798643945138,-0.882611398483103,12.0585098912406,0.139230694082018,160.068083091651,0,0.283666646686038,0.283666646686038,0,0.0398625144206965,0.0282936858593533,0.0682117401389964,12.5821107718449,0.0630931030017696,3.23570120690423,0.00460846295768162
"M1",0,7.59983863239177,0.941720457878467,1,0.977751445098198,309.384855435549,0.259375774343628,0.505971929479045,0.0697122448732238,1,0,1,1,5.97134294779971,2.69059128311907,3.39715445062255,0.157414892429165,2.2592745692891,0.1260375109004,17.394461283707,1.77143515786156e-05,0.937516863861019,0.937516863861019,0.0607988986703171,0.937516863861019,0.299176698463464,0.500477785242307,3.29258969060108,0.48427315516155,2.12246281753854,0.246971377673834
"M1",0,1,0.96027,1,0.97993,20.21106,0.19533,-4.71284,0.03815,1,0,1,1,2,0.5,0.70711,0,0.70711,0,0.5,0.03973,0.96027,0.96027,0.03973,0.96027,0.5,0.67959,0,0.65092,0,0.42369
"M1",0,1,0.96027,1,0.97993,20.21106,0.19533,-4.71284,0.03815,1,0,1,1,2,0.5,0.70711,0,0.70711,0,0.5,0.03973,0.96027,0.96027,0.03973,0.96027,0.5,0.67959,0,0.65092,0,0.42369
"M1",0,1,0.96027,1,0.97993,20.21106,0.19533,-4.71284,0.03815,1,0,1,1,2,0.5,0.70711,0,0.70711,0,0.5,0.03973,0.96027,0.96027,0.03973,0.96027,0.5,0.67959,0,0.65092,0,0.42369
"M1",0,1,0.96027,1,0.97993,20.21106,0.19533,-4.71284,0.03815,1,0,1,1,2,0.5,0.70711,0,0.70711,0,0.5,0.03973,0.96027,0.96027,0.03973,0.96027,0.5,0.67959,0,0.65092,0,0.42369
"M1",0,1,0.96027,1,0.97993,20.21106,0.19533,-4.71284,0.03815,1,0,1,1,2,0.5,0.70711,0,0.70711,0,0.5,0.03973,0.96027,0.96027,0.03973,0.96027,0.5,0.67959,0,0.65092,0,0.42369
"M1",0,1,0.96027,1,0.97993,20.21106,0.19533,-4.71284,0.03815,1,0,1,1,2,0.5,0.70711,0,0.70711,0,0.5,0.03973,0.96027,0.96027,0.03973,0.96027,0.5,0.67959,0,0.65092,0,0.42369
"M1",0,1,0.96027,1,0.97993,20.21106,0.19533,-4.71284,0.03815,1,0,1,1,2,0.5,0.70711,0,0.70711,0,0.5,0.03973,0.96027,0.96027,0.03973,0.96027,0.5,0.67959,0,0.65092,0,0.42369
"M1",0,1,0.924967488076016,1,0.961753307860941,8.43063804751061,0.263386300306618,-3.22856340263806,0.0693947126097977,1,0,1,1,2,0.5,0.70711,0,0.70711,0,0.5,0.0750325119239837,0.924967488076016,0.924967488076016,0.0750325119239837,0.924967488076016,0.5,0.656199479877353,0,0.600994962487593,0,0.361209194575697
"M1",1,54.2152360826731,9.92807313214675,9.74503372609615,10.4999403854857,3.41587845032535,3.41007551675871,0.325707566687688,12.1328176619387,17.4900674521923,2.25496627390385,11.4900674521923,8.49006745219231,43.3526517674327,22.4938118252678,26.0487947049309,-0.751634442780763,13.2907025068244,0.211018101048097,178.373215380743,6.27483136951923e-06,0.314243844975084,0.314243844975084,0,0.0277763735058904,0.0232901475986093,0.0616730562051386,16.6553444361959,0.0577575759775937,3.83906712254047,0.00345105885416269
"M1",0,1,0.99026,1,0.99512,97.6404,0.09823,-9.98194,0.00965,1,1,1,1,2,0.5,0.70711,0,0.70711,0,0.5,0.00974,0.99026,0.99026,0.00974,0.99026,0.5,0.70025,0,0.69333,0,0.4807
"M1",0,1,0.99026,1,0.99512,97.6404,0.09823,-9.98194,0.00965,1,1,1,1,2,0.5,0.70711,0,0.70711,0,0.5,0.00974,0.99026,0.99026,0.00974,0.99026,0.5,0.70025,0,0.69333,0,0.4807
"M1",0,1,0.99026,1,0.99512,97.6404,0.09823,-9.98194,0.00965,1,1,1,1,2,0.5,0.70711,0,0.70711,0,0.5,0.00974,0.99026,0.99026,0.00974,0.99026,0.5,0.70025,0,0.69333,0,0.4807
"M1",0,1,0.99026,1,0.99512,97.6404,0.09823,-9.98194,0.00965,1,1,1,1,2,0.5,0.70711,0,0.70711,0,0.5,0.00974,0.99026,0.99026,0.00974,0.99026,0.5,0.70025,0,0.69333,0,0.4807
"M1",0,1,0.99026,1,0.99512,97.6404,0.09823,-9.98194,0.00965,1,1,1,1,2,0.5,0.70711,0,0.70711,0,0.5,0.00974,0.99026,0.99026,0.00974,0.99026,0.5,0.70025,0,0.69333,0,0.4807
"M1",0,1,0.99026,1,0.99512,97.6404,0.09823,-9.98194,0.00965,1,1,1,1,2,0.5,0.70711,0,0.70711,0,0.5,0.00974,0.99026,0.99026,0.00974,0.99026,0.5,0.70025,0,0.69333,0,0.4807
"M1",0,1,0.99026,1,0.99512,97.6404,0.09823,-9.98194,0.00965,1,1,1,1,2,0.5,0.70711,0,0.70711,0,0.5,0.00974,0.99026,0.99026,0.00974,0.99026,0.5,0.70025,0,0.69333,0,0.4807
"M1",0,1,0.96016873588901,1,0.979878217215971,20.1481772885324,0.195568200806533,-4.70612664973279,0.038244359739786,1,0,1,1,2,0.5,0.70711,0,0.70711,0,0.5,0.0398312641109899,0.96016873588901,0.96016873588901,0.0398312641109899,0.96016873588901,0.5,0.679522107016496,0,0.650776158933253,0,0.423503581977496
"M1",0,14.5499702400994,0.793243265488632,1,0.90588426111991,1107.03741605346,0.436331141464047,5.35315274448389,0.194208293799313,1.10726470290683,0,1,1,4.82349994941615,2.97367053348571,4.79209059523248,0.822781412176059,3.95631389563897,0.28469553857314,88.3913766651766,1.07264702906832e-06,0.782214308735752,0.782214308735752,0.212832207284011,0.782214308735752,0.302938691725407,0.437099730255622,1.98088515740323,0.377911419183759,1.4922796628658,0.147446519793286
"M1",1,37.6798875648528,7.5652972786607,4.51155527681112,8.42043607639153,0.198612314570006,3.65309331030954,0.648114153865203,13.3645386437489,15.7557776384056,1.87788881920278,10.3894440960139,4.51155527681112,32.9241099264473,17.2149308407902,19.8817170459032,-0.920274216062464,10.1012860791578,0.169573728946932,104.684771628791,7.10555903986097e-05,0.237190602764133,0.237190602764133,0,0.0397270706608519,0.031865780769717,0.0598181480426528,8.51388205064541,0.0514207651542313,2.67050343516953,0.0027207557785511
"M1",0,1,0.98519,1,0.99257,62.69532,0.12083,-8.03936,0.0146,1,1,1,1,2,0.5,0.70711,0,0.70711,0,0.5,0.01481,0.98519,0.98519,0.01481,0.98519,0.5,0.69671,0,0.68616,0,0.47082
"M1",0,1,0.98519,1,0.99257,62.69532,0.12083,-8.03936,0.0146,1,1,1,1,2,0.5,0.70711,0,0.70711,0,0.5,0.01481,0.98519,0.98519,0.01481,0.98519,0.5,0.69671,0,0.68616,0,0.47082
"M1",0,1,0.98519,1,0.99257,62.69532,0.12083,-8.03936,0.0146,1,1,1,1,2,0.5,0.70711,0,0.70711,0,0.5,0.01481,0.98519,0.98519,0.01481,0.98519,0.5,0.69671,0,0.68616,0,0.47082
"M1",0,1,0.98519,1,0.99257,62.69532,0.12083,-8.03936,0.0146,1,1,1,1,2,0.5,0.70711,0,0.70711,0,0.5,0.01481,0.98519,0.98519,0.01481,0.98519,0.5,0.69671,0,0.68616,0,0.47082
"M1",0,1,0.98519,1,0.99257,62.69532,0.12083,-8.03936,0.0146,1,1,1,1,2,0.5,0.70711,0,0.70711,0,0.5,0.01481,0.98519,0.98519,0.01481,0.98519,0.5,0.69671,0,0.68616,0,0.47082
"M1",0,1,0.98519,1,0.99257,62.69532,0.12083,-8.03936,0.0146,1,1,1,1,2,0.5,0.70711,0,0.70711,0,0.5,0.01481,0.98519,0.98519,0.01481,0.98519,0.5,0.69671,0,0.68616,0,0.47082
"M1",0,1,0.98519,1,0.99257,62.69532,0.12083,-8.03936,0.0146,1,1,1,1,2,0.5,0.70711,0,0.70711,0,0.5,0.01481,0.98519,0.98519,0.01481,0.98519,0.5,0.69671,0,0.68616,0,0.47082
"M1",0,1,0.98104979184035,1,0.99048455202867,47.9190807263897,0.136374009101253,-7.06200302868411,0.0185981448106235,1,1,1,1,2,0.5,0.70711,0,0.70711,0,0.5,0.0189502081596502,0.98104979184035,0.98104979184035,0.0189502081596502,0.98104979184035,0.5,0.693834923066546,0,0.680308470567074,0,0.462823022595744
"M1",0,1,0.981340955675102,1,0.990628565490923,48.71822234686,0.135331794630981,-7.11911165541797,0.0183166937114089,1,1,1,1,2,0.5,0.70711,0,0.70711,0,0.5,0.0186590443248977,0.981340955675102,0.981340955675102,0.0186590443248977,0.981340955675102,0.5,0.694038286503246,0,0.680720397699748,0,0.463382787883927
"M1",1,25.2551626805216,8.06541366819017,5.86734337173402,8.467716571187,0.512126082336884,2.54370385807956,0.241655483111013,6.67673665171737,13.3979698847979,2.86734337173402,10.132656628266,5.86734337173402,23.7245361674577,12.4752295950455,14.3204390578292,-1.08227085477713,7.18415112600634,0.084499485088475,53.511525386864,2.73468674346805e-05,0.186590486293714,0.186590486293714,0,0.00833223312672228,0.0432107561148703,0.0732578859879822,0.866559376015942,0.0604508681077324,1.32361586229,0.00367438222618774
"M1",0,2,0.93778,1,0.96841,11.13309,0.24163,-3.6211,0.05838,1,0,1,1,3,1,1.29099,0,1,0,1,2e-05,0.93775,0.93775,0.06224,0.93775,0.33333,0.5426,0,0.52436,1.70466,0.27495
"M1",0,2,0.93778,1,0.96841,11.13309,0.24163,-3.6211,0.05838,1,0,1,1,3,1,1.29099,0,1,0,1,2e-05,0.93775,0.93775,0.06224,0.93775,0.33333,0.5426,0,0.52436,1.70466,0.27495
"M1",0,2,0.93778,1,0.96841,11.13309,0.24163,-3.6211,0.05838,1,0,1,1,3,1,1.29099,0,1,0,1,2e-05,0.93775,0.93775,0.06224,0.93775,0.33333,0.5426,0,0.52436,1.70466,0.27495
"M1",0,2,0.93778,1,0.96841,11.13309,0.24163,-3.6211,0.05838,1,0,1,1,3,1,1.29099,0,1,0,1,2e-05,0.93775,0.93775,0.06224,0.93775,0.33333,0.5426,0,0.52436,1.70466,0.27495
"M1",0,2,0.93778,1,0.96841,11.13309,0.24163,-3.6211,0.05838,1,0,1,1,3,1,1.29099,0,1,0,1,2e-05,0.93775,0.93775,0.06224,0.93775,0.33333,0.5426,0,0.52436,1.70466,0.27495
"M1",0,1,0.934290468926916,1,0.966584007444521,10.3596978252963,0.247608801497906,-3.51259210712668,0.0613694007489528,1,0,1,1,2,0.5,0.70711,0,0.70711,0,0.5,0.0657095310730836,0.934290468926916,0.934290468926916,0.0657095310730836,0.934290468926916,0.5,0.662285323478289,0,0.614180706299797,0,0.377258619958935
"M1",0,1,0.935083289372807,1,0.966994214528911,10.5120994307454,0.246295896495574,-3.53560758505745,0.0606902642594208,1,0,1,1,2,0.5,0.70711,0,0.70711,0,0.5,0.0649167106271931,0.935083289372807,0.935083289372807,0.0649167106271931,0.935083289372807,0.5,0.662803021992012,0,0.615303836123631,0,0.378617720204201
"M1",0,1,0.922503405327992,1,0.960474428550396,7.99043882852026,0.267377707072012,-3.16062395748139,0.0714881647296064,1,0,1,1,2,0.5,0.70711,0,0.70711,0,0.5,0.0774965946720075,0.922503405327992,0.922503405327992,0.0774965946720075,0.922503405327992,0.5,0.654602917171195,0,0.597512663727989,0,0.357014144607987
"M1",1,25.9783046161756,8.065350712304,5.8248056108132,8.48767018407974,0.488527408710839,2.60066404684058,0.257151564036859,7.0225520582769,13.5255831675604,2.8248056108132,10.1751943891868,5.8248056108132,24.2775270594284,12.7587960930287,14.6523578032735,-1.07542823055541,7.35698757853656,0.0880939258862846,56.5108297299377,2.6496112216264e-05,0.188739068597825,0.188739068597825,0,0.00819185851568356,0.0424927187105268,0.0723850111338869,1.26676611595449,0.059851511056358,1.39352497085294,0.00360844869676046
"M1",0,1,0.8059,1,0.89772,0.39284,0.39551,-1.54688,0.15643,1,0,1,1,2,0.5,0.70711,0,0.70711,0,0.5,0.1941,0.8059,0.8059,0.1941,0.8059,0.5,0.58615,0,0.4326,0,0.18715
"M1",0,1,0.8059,1,0.89772,0.39284,0.39551,-1.54688,0.15643,1,0,1,1,2,0.5,0.70711,0,0.70711,0,0.5,0.1941,0.8059,0.8059,0.1941,0.8059,0.5,0.58615,0,0.4326,0,0.18715
"M1",0,1,0.8059,1,0.89772,0.39284,0.39551,-1.54688,0.15643,1,0,1,1,2,0.5,0.70711,0,0.70711,0,0.5,0.1941,0.8059,0.8059,0.1941,0.8059,0.5,0.58615,0,0.4326,0,0.18715
"M1",0,1,0.8059,1,0.89772,0.39284,0.39551,-1.54688,0.15643,1,0,1,1,2,0.5,0.70711,0,0.70711,0,0.5,0.1941,0.8059,0.8059,0.1941,0.8059,0.5,0.58615,0,0.4326,0,0.18715
"M1",0,1,0.8059,1,0.89772,0.39284,0.39551,-1.54688,0.15643,1,0,1,1,2,0.5,0.70711,0,0.70711,0,0.5,0.1941,0.8059,0.8059,0.1941,0.8059,0.5,0.58615,0,0.4326,0,0.18715
"M1",0,1,0.8059,1,0.89772,0.39284,0.39551,-1.54688,0.15643,1,0,1,1,2,0.5,0.70711,0,0.70711,0,0.5,0.1941,0.8059,0.8059,0.1941,0.8059,0.5,0.58615,0,0.4326,0,0.18715
"M1",0,1,0.8059,1,0.89772,0.39284,0.39551,-1.54688,0.15643,1,0,1,1,2,0.5,0.70711,0,0.70711,0,0.5,0.1941,0.8059,0.8059,0.1941,0.8059,0.5,0.58615,0,0.4326,0,0.18715
"M1",1,22.1088090548292,4.37752901400378,2.47841207310557,5.41766506850125,1.77503555813822,3.16482679514132,1.23441494703119,10.0383813384406,13.6303969817236,1,6.36960301827639,1.73920603655279,20.2176181096584,10.7488958721078,12.3464053794605,-0.921799507995555,6.23035997723376,0.160303648482496,39.2317478772919,0.000347374671958387,0.246776639609961,0.246776639609961,0,0.223842772325911,0.0504262140761409,0.0828413241491467,3.17119590495894,0.0674853838600591,1.78208972498591,0.00463556069577113
"M1",0,1,0.99443,1,0.99721,174.45013,0.07446,-13.28257,0.00554,1,1,1,1,2,0.5,0.70711,0,0.70711,0,0.5,0.00557,0.99443,0.99443,0.00557,0.99443,0.5,0.70318,0,0.69922,0,0.48891
"M1",0,1,0.99443,1,0.99721,174.45013,0.07446,-13.28257,0.00554,1,1,1,1,2,0.5,0.70711,0,0.70711,0,0.5,0.00557,0.99443,0.99443,0.00557,0.99443,0.5,0.70318,0,0.69922,0,0.48891
"M1",0,1,0.99443,1,0.99721,174.45013,0.07446,-13.28257,0.00554,1,1,1,1,2,0.5,0.70711,0,0.70711,0,0.5,0.00557,0.99443,0.99443,0.00557,0.99443,0.5,0.70318,0,0.69922,0,0.48891
"M1",0,1,0.99443,1,0.99721,174.45013,0.07446,-13.28257,0.00554,1,1,1,1,2,0.5,0.70711,0,0.70711,0,0.5,0.00557,0.99443,0.99443,0.00557,0.99443,0.5,0.70318,0,0.69922,0,0.48891
"M1",0,1,0.99443,1,0.99721,174.45013,0.07446,-13.28257,0.00554,1,1,1,1,2,0.5,0.70711,0,0.70711,0,0.5,0.00557,0.99443,0.99443,0.00557,0.99443,0.5,0.70318,0,0.69922,0,0.48891
"M1",0,1,0.99443,1,0.99721,174.45013,0.07446,-13.28257,0.00554,1,1,1,1,2,0.5,0.70711,0,0.70711,0,0.5,0.00557,0.99443,0.99443,0.00557,0.99443,0.5,0.70318,0,0.69922,0,0.48891
"M1",0,1,0.99443,1,0.99721,174.45013,0.07446,-13.28257,0.00554,1,1,1,1,2,0.5,0.70711,0,0.70711,0,0.5,0.00557,0.99443,0.99443,0.00557,0.99443,0.5,0.70318,0,0.69922,0,0.48891
"M1",0,1,0.980444906018972,1,0.990177453009486,46.1686317970321,0.138465625815392,-6.94002223541141,0.0191778478787839,1,1,1,1,2,0.5,0.70711,0,0.70711,0,0.5,0.0195550939810276,0.980444906018972,0.980444906018972,0.0195550939810276,0.980444906018972,0.5,0.69341232405737,0,0.679446300453395,0,0.461654304242432
"M1",0,1,0.981165592716373,1,0.990542275781073,48.2420117065063,0.13596365799021,-7.08490474430975,0.0184864895920828,1,1,1,1,2,0.5,0.70711,0,0.70711,0,0.5,0.0188344072836265,0.981165592716373,0.981165592716373,0.0188344072836265,0.981165592716373,0.5,0.693915810786039,0,0.680472662726305,0,0.463045979661606
