"Class","DataMin","DataMax","Mean","Mode","Quad..Mean","Kurtosis","Std..Deviation","Skewness","Variance","X98P","X2P","X75P","X25P","Dist..Card.","Dist..Mean.","Dist..Quad..Mean.","Dist..Kur.","Dist..Std..Devi.","Dist..Skew.","Dist..Vari.","P..Min.","P..Max.","P..Mode.","P..0","P.1","P..Mean","P..Quad..Mean.","P..Kurtosis.","P..Std..Dev.","P..Skew.","P..Vari."
"ANY",0,3401,72.94942,0,118.29491,82.5214,93.12492,5.39602,8672.25111,341,0,90,21,705,402.2922,517.1188,16.00558,325.15043,2.65682,105722.8037,2e-05,0.04626,0.04626,0.04626,0.00015,0.00142,0.0036,50.76977,0.00331,5.29376,1e-05
"ANY",1,49,10.02857,3,12.47574,-0.66912,7.42112,0.55422,55.07295,26,1,16,3,46,23.56522,27.10527,-1.14457,13.54113,0.03346,183.36232,2e-05,0.10658,0.10658,0,0.06946,0.02174,0.03452,2.0305,0.02712,1.52054,0.00074
"ANY",0,123,9.01964,3,15.38252,13.63086,12.46079,3.3042,155.27118,52,0,9,3,118,58.91525,68.38463,-1.14023,34.86766,0.05477,1215.75344,2e-05,0.31105,0.31105,0.04767,0.00657,0.00847,0.03361,65.61072,0.03267,7.5785,0.00107
"ANY",0,139,7.51428,2,10.80358,9.82263,7.76236,2.32791,60.25421,30,0,10,2,79,40.79747,48.84916,1.2736,27.03814,0.81626,731.06102,2e-05,0.12781,0.12781,0.05115,0.09777,0.01266,0.02908,8.38451,0.02635,2.85944,0.00069
"ANY",0,150,7.22585,3,10.16103,15.95541,7.14386,2.721,51.03478,28,0,9,3,78,41.94872,51.46943,1.76204,30.01597,1.10593,900.95837,2e-05,0.10276,0.10276,0.06355,0.07643,0.01282,0.02877,4.17999,0.02592,2.28916,0.00067
"ANY",0,331,4.37375,1,8.95056,288.70871,7.80923,11.51367,60.98415,24,0,5,1,122,73.16393,96.84067,4.86965,63.70572,1.95438,4058.41918,2e-05,0.32118,0.32118,0.02304,0.32118,0.0082,0.03724,50.58361,0.03648,6.72459,0.00133
"ANY",0,533,2.21443,0,5.74127,2329.75798,5.29708,29.91681,28.05911,13,0,3,0,91,57.57143,87.23248,30.26477,65.89961,4.62998,4342.75873,2e-05,0.35242,0.35242,0.35242,0.25232,0.01099,0.04905,35.39454,0.04807,5.77244,0.00231
"M1",0,1,0.95378,1,0.97662,16.68674,0.20996,-4.32274,0.04408,1,0,1,1,2,0.5,0.70711,0,0.70711,0,0.5,0.04622,0.95378,0.95378,0.04622,0.95378,0.5,0.67522,0,0.64174,0,0.41184
"M1",0,1,0.95378,1,0.97662,16.68674,0.20996,-4.32274,0.04408,1,0,1,1,2,0.5,0.70711,0,0.70711,0,0.5,0.04622,0.95378,0.95378,0.04622,0.95378,0.5,0.67522,0,0.64174,0,0.41184
"M1",0,1,0.95378,1,0.97662,16.68674,0.20996,-4.32274,0.04408,1,0,1,1,2,0.5,0.70711,0,0.70711,0,0.5,0.04622,0.95378,0.95378,0.04622,0.95378,0.5,0.67522,0,0.64174,0,0.41184
"M1",0,1,0.95378,1,0.97662,16.68674,0.20996,-4.32274,0.04408,1,0,1,1,2,0.5,0.70711,0,0.70711,0,0.5,0.04622,0.95378,0.95378,0.04622,0.95378,0.5,0.67522,0,0.64174,0,0.41184
"M1",0,1,0.95378,1,0.97662,16.68674,0.20996,-4.32274,0.04408,1,0,1,1,2,0.5,0.70711,0,0.70711,0,0.5,0.04622,0.95378,0.95378,0.04622,0.95378,0.5,0.67522,0,0.64174,0,0.41184
"M1",0,1,0.95378,1,0.97662,16.68674,0.20996,-4.32274,0.04408,1,0,1,1,2,0.5,0.70711,0,0.70711,0,0.5,0.04622,0.95378,0.95378,0.04622,0.95378,0.5,0.67522,0,0.64174,0,0.41184
"M1",0,1,0.95378,1,0.97662,16.68674,0.20996,-4.32274,0.04408,1,0,1,1,2,0.5,0.70711,0,0.70711,0,0.5,0.04622,0.95378,0.95378,0.04622,0.95378,0.5,0.67522,0,0.64174,0,0.41184
"M1",0,1,0.93127,1,0.96502,9.62469,0.253,-3.40944,0.06401,1,0,1,1,2,0.5,0.70711,0,0.70711,0,0.5,0.06873,0.93127,0.93127,0.06873,0.93127,0.5,0.6603,0,0.60991,0,0.37199
"M1",0,1,0.93127,1,0.96502,9.62469,0.253,-3.40944,0.06401,1,0,1,1,2,0.5,0.70711,0,0.70711,0,0.5,0.06873,0.93127,0.93127,0.06873,0.93127,0.5,0.6603,0,0.60991,0,0.37199
"M1",0,1,0.72187,1,0.84963,-1.01923,0.44808,-0.99036,0.20078,1,0,1,0,2,0.5,0.70711,0,0.70711,0,0.5,0.27813,0.72187,0.72187,0.27813,0.72187,0.5,0.54702,0,0.31377,0,0.09845
"ANY",0,23,0.7177,0,1.10221,12.97879,0.83654,1.54295,0.6998,3,0,1,0,12,6.83333,9.10128,3.40012,6.27887,1.6257,39.42424,2e-05,0.48379,0.48379,0.48379,0.34944,0.08333,0.17693,2.91332,0.16301,1.97607,0.02657
"M1",0,49,0.69072,1,1.22703,637.8368,1.01417,17.72359,1.02854,2,0,1,0,33,19.42424,24.00316,-0.59057,14.32007,0.64204,205.06439,2e-05,0.45436,0.45436,0.44064,0.45436,0.0303,0.11153,12.91935,0.109,3.72115,0.01188
"M1",0,149,0.44299,0,2.49105,458.46816,2.45137,15.21118,6.00922,5,0,0,0,53,30.26415,39.66891,7.56473,25.89116,2.17899,670.35196,2e-05,0.86449,0.86449,0.86449,0.07777,0.01887,0.11928,52.03359,0.1189,7.18729,0.01414
"M1",0,6,0.38145,0,0.89927,4.18893,0.81437,2.1902,0.66319,3,0,0,0,7,3,3.60555,-1.2,2.16025,0,4.66667,6e-05,0.78343,0.78343,0.78343,0.09439,0.14286,0.30023,6.56942,0.28522,2.54161,0.08135
"M1",0,5,0.35628,0,0.81849,4.95749,0.73689,2.27293,0.543,3,0,0,0,6,2.5,3.02765,-1.2,1.87083,0,3.5,0.00021,0.76459,0.76459,0.76459,0.14705,0.16667,0.31896,5.28816,0.29791,2.27769,0.08875
"M1",0,1,0.34237,0,0.58512,-1.5586,0.47451,0.66443,0.22516,1,0,1,0,2,0.5,0.70711,0,0.70711,0,0.5,0.34237,0.65763,0.65763,0.65763,0.34237,0.5,0.52426,0,0.22292,0,0.0497
"M1",0,1,0.34237,0,0.58512,-1.5586,0.47451,0.66443,0.22516,1,0,1,0,2,0.5,0.70711,0,0.70711,0,0.5,0.34237,0.65763,0.65763,0.65763,0.34237,0.5,0.52426,0,0.22292,0,0.0497
"ANY",0,4,0.28316,0,0.75228,2.24515,0.69696,2.05813,0.48576,2,0,0,0,5,2,2.44949,-1.2,1.58114,0,2.5,2e-05,0.85813,0.85813,0.85813,0.00063,0.2,0.38893,4.4329,0.37294,2.09615,0.13908
"M1",0,2,0.27435,0,0.53142,-0.35021,0.45513,1.13909,0.20714,1,0,1,0,3,1,1.29099,0,1,0,1,0.00403,0.72968,0.72968,0.72968,0.2663,0.33333,0.44846,0,0.36744,0.79367,0.13501
"M1",0,17,0.26961,0,0.61142,55.85927,0.54878,4.18497,0.30115,2,0,0,0,14,7.21429,8.74643,-0.75681,5.13178,0.37371,26.33516,2e-05,0.76175,0.76175,0.76175,0.21437,0.07143,0.21157,11.44237,0.20666,3.33297,0.04271
"M1",0,8,0.25834,0,0.53002,3.30334,0.4628,1.57566,0.21418,1,0,0,0,7,3.28571,4.12311,0.38466,2.69037,0.72627,7.2381,2e-05,0.75177,0.75177,0.75177,0.23873,0.14286,0.29814,4.80126,0.28266,2.19681,0.0799
"ANY",0,13,0.2553,0,0.94694,28.13698,0.91188,4.82214,0.83153,4,0,0,0,14,6.5,7.64853,-1.2,4.1833,0,17.5,2e-05,0.88872,0.88872,0.88872,0.05155,0.07143,0.23805,13.87474,0.23565,3.71886,0.05553
"M1",0,5,0.25136,0,0.50486,0.46635,0.43784,1.26773,0.19171,1,0,1,0,6,2.5,3.02765,-1.2,1.87083,0,3.5,2e-05,0.7498,0.7498,0.7498,0.24947,0.16667,0.3226,3.66697,0.30258,1.95364,0.09155
"ANY",0,34,0.24217,0,1.15986,96.90308,1.13431,7.61057,1.28667,4,0,0,0,24,12.58333,15.34872,0.09766,8.97783,0.70626,80.60145,2e-05,0.92877,0.92877,0.92877,0.01882,0.04167,0.18968,23.95943,0.18902,4.89306,0.03573
"ANY",0,15,0.22568,0,0.90644,31.51718,0.8779,5.07783,0.77072,4,0,0,0,15,7.06667,8.34266,-1.0431,4.58984,0.09377,21.06667,2e-05,0.91058,0.91058,0.91058,0.03136,0.06667,0.23537,14.9387,0.23366,3.86199,0.0546
"ANY",0,30,0.20864,0,0.80673,155.82721,0.77929,8.1621,0.60729,3,0,0,0,18,9.88889,12.46328,1.1129,7.80565,1.04546,60.9281,2e-05,0.89105,0.89105,0.89105,0.05742,0.05556,0.21059,17.7946,0.20901,4.20937,0.04369
"ANY",0,41,0.2078,0,1.06612,131.14365,1.04569,8.73676,1.09346,4,0,0,0,26,13.30769,16.19117,1.44851,9.4054,0.92029,88.46154,2e-05,0.92907,0.92907,0.92907,0.03082,0.03846,0.18233,25.92801,0.18176,5.089,0.03304
"ANY",0,16,0.18844,0,0.61044,49.48145,0.58064,5.39014,0.33714,2,0,0,0,13,6.30769,7.65607,0.19146,4.51635,0.5962,20.39744,2e-05,0.86,0.86,0.86,0.11526,0.07692,0.24069,12.41744,0.23738,3.50217,0.05635
"M1",0,65,0.17929,0,1.82179,283.39545,1.81296,14.72891,3.28684,1,0,0,0,47,25.29787,30.44737,-0.66466,17.12602,0.47003,293.30065,2e-05,0.97642,0.97642,0.97642,0.00944,0.02128,0.14243,46.99039,0.14236,6.85463,0.02027
"M1",0,2,0.17522,0,0.4202,1.16858,0.38192,1.7448,0.14587,1,0,0,0,3,1,1.29099,0,1,0,1,0.00067,0.82545,0.82545,0.82545,0.17388,0.33333,0.48703,0,0.43489,1.42812,0.18913
"M1",0,40,0.1726,0,0.89734,229.36808,0.8806,10.93792,0.77545,3,0,0,0,23,12.91304,16.25744,1.06793,10.09911,1.05535,101.99209,2e-05,0.9272,0.9272,0.9272,0.03636,0.04348,0.19352,22.91011,0.19281,4.78264,0.03718
"ANY",0,63,0.16702,0,0.8986,648.66844,0.88296,15.03364,0.77961,3,0,0,0,21,12.95238,18.78956,8.27129,13.94803,2.61549,194.54762,2e-05,0.93081,0.93081,0.93081,0.03548,0.04762,0.20329,20.92538,0.20252,4.57116,0.04101
"M1",0,2,0.16494,0,0.41754,2.98439,0.38359,2.05265,0.14714,1,0,0,0,3,1,1.29099,0,1,0,1,0.0047,0.83976,0.83976,0.83976,0.15554,0.33333,0.49309,0,0.44501,1.51086,0.19804
"ANY",0,3729,25.93144,0,42.90105,374.96148,34.17691,8.94428,1168.06089,115,0,34,8,784,451.00383,601.49456,17.61277,398.23804,3.2185,158593.5364,0,0.22098,0.22098,0.22098,7e-05,0.00128,0.00878,524.00332,0.00869,21.04964,8e-05
"ANY",1,63,11.66142,11,12.43993,1.29582,4.33166,-0.62161,18.76325,20,1,14,11,49,25.34694,29.37374,-0.69555,14.99799,0.22129,224.93963,0,0.25452,0.25452,0,0.06028,0.02041,0.04795,16.68739,0.04384,3.64269,0.00192
"ANY",0,241,6.13997,0,8.15558,8.77513,5.3679,1.54515,28.81434,20,0,9,2,90,49.14444,62.97821,8.60649,39.60438,2.27657,1568.50699,0,0.22139,0.22139,0.22139,0.01061,0.01111,0.03294,24.03401,0.03118,4.39557,0.00097
"ANY",0,254,5.43308,0,7.30588,10.93885,4.88442,1.70458,23.85752,18,0,8,2,87,46.58621,58.82714,11.61962,36.12979,2.39772,1305.36167,0,0.22341,0.22341,0.22341,0.01778,0.01149,0.03397,22.51659,0.03215,4.24788,0.00103
"ANY",0,127,4.35471,3,7.25275,52.88223,5.7999,5.56512,33.63885,21,0,5,2,128,63.5,73.46768,-1.2,37.09447,0,1376,0,0.32973,0.32973,0.22581,0.00048,0.00781,0.03855,50.26588,0.0379,6.81518,0.00144
"ANY",0,511,1.56953,1,3.11403,2149.57678,2.68956,25.95761,7.23375,7,0,2,1,166,95.13253,122.84386,6.34419,77.95527,2.00118,6077.02475,0,0.45115,0.45115,0.20629,0.45115,0.00602,0.0419,85.61302,0.04159,8.82342,0.00173
"ANY",0,1175,1.47958,2,4.37668,18384.81474,4.119,117.32545,16.96616,3,0,2,1,280,222.74286,296.29749,2.65135,195.7413,1.48243,38314.65765,0,0.39787,0.39787,0.1646,0.34532,0.00357,0.03335,112.80146,0.03322,10.4245,0.0011
"ANY",0,707,1.16246,0,3.20043,3552.23612,2.98185,27.52745,8.89143,8,0,1,0,154,96.78571,137.41796,13.31065,97.86939,3.08463,9578.41783,0,0.58994,0.58994,0.58994,0.17632,0.00649,0.05046,121.90084,0.0502,10.69061,0.00252
"ANY",0,1176,1.01339,1,4.28415,18269.15209,4.16257,116.74523,17.327,2,0,2,0,273,224.87546,301.56113,2.43856,201.29224,1.45984,40518.56531,0,0.3904,0.3904,0.33548,0.3904,0.00366,0.03504,96.03409,0.03491,9.76604,0.00122
"ANY",0,15,0.97304,0,1.39288,-1.95624,0.99664,0.05952,0.9933,2,0,2,0,8,4.5,6.2849,4.14215,4.69042,1.86066,22,0,0.50994,0.50994,0.50994,0.00741,0.125,0.24821,0.028,0.22924,1.44407,0.05255
"M1",0,2,0.77905,1,0.88264,-0.19048,0.41489,-1.34513,0.17213,1,0,1,1,3,1,1.29099,0,1,0,1,0,0.77905,0.77905,0.22095,0.77905,0.33333,0.46752,0,0.4015,1.16088,0.1612
"M1",0,2,0.77905,1,0.88264,-0.19048,0.41489,-1.34513,0.17213,1,0,1,1,3,1,1.29099,0,1,0,1,0,0.77905,0.77905,0.22095,0.77905,0.33333,0.46752,0,0.4015,1.16088,0.1612
"M1",0,2,0.77905,1,0.88264,-0.19048,0.41489,-1.34513,0.17213,1,0,1,1,3,1,1.29099,0,1,0,1,0,0.77905,0.77905,0.22095,0.77905,0.33333,0.46752,0,0.4015,1.16088,0.1612
"M1",0,2,0.77905,1,0.88264,-0.19048,0.41489,-1.34513,0.17213,1,0,1,1,3,1,1.29099,0,1,0,1,0,0.77905,0.77905,0.22095,0.77905,0.33333,0.46752,0,0.4015,1.16088,0.1612
"M1",0,2,0.77905,1,0.88264,-0.19048,0.41489,-1.34513,0.17213,1,0,1,1,3,1,1.29099,0,1,0,1,0,0.77905,0.77905,0.22095,0.77905,0.33333,0.46752,0,0.4015,1.16088,0.1612
"M1",0,1,0.77905,1,0.88264,-0.19053,0.41489,-1.34517,0.17213,1,0,1,1,2,0.5,0.70711,0,0.70711,0,0.5,0.22095,0.77905,0.77905,0.22095,0.77905,0.5,0.5726,0,0.39463,0,0.15573
"M1",0,1,0.77905,1,0.88264,-0.19053,0.41489,-1.34517,0.17213,1,0,1,1,2,0.5,0.70711,0,0.70711,0,0.5,0.22095,0.77905,0.77905,0.22095,0.77905,0.5,0.5726,0,0.39463,0,0.15573
"M1",0,1,0.76408,1,0.87412,-0.45248,0.42457,-1.24399,0.18026,1,0,1,1,2,0.5,0.70711,0,0.70711,0,0.5,0.23592,0.76408,0.76408,0.23592,0.76408,0.5,0.56545,0,0.37347,0,0.13948
"M1",0,1,0.76407,1,0.87411,-0.45262,0.42458,-1.24394,0.18027,1,0,1,1,2,0.5,0.70711,0,0.70711,0,0.5,0.23593,0.76407,0.76407,0.23593,0.76407,0.5,0.56545,0,0.37346,0,0.13947
"M1",0,1,0.72557,1,0.8518,-0.9779,0.44623,-1.01099,0.19912,1,0,1,0,2,0.5,0.70711,0,0.70711,0,0.5,0.27443,0.72557,0.72557,0.27443,0.72557,0.5,0.54853,0,0.319,0,0.10176
"ANY",0,33,0.64322,0,1.14747,4.53663,0.95025,1.44569,0.90297,3,0,1,0,25,12.8,15.44539,-0.15697,8.82232,0.5849,77.83333,0,0.62563,0.62563,0.62563,0.16292,0.04,0.13354,18.69776,0.13003,4.18423,0.01691
"ANY",0,34,0.57246,0,1.04059,9.86388,0.86898,1.71366,0.75513,3,0,1,0,28,14.10714,16.79817,-0.61378,9.28695,0.38027,86.24735,0,0.63304,0.63304,0.63304,0.20327,0.03571,0.12804,20.76499,0.12521,4.41827,0.01568
"M1",0,25,0.5591,1,0.77035,15.09538,0.52995,0.66621,0.28085,1,0,1,0,21,10.38095,12.36739,-0.57463,6.88822,0.35649,47.44762,0,0.53136,0.53136,0.45503,0.53136,0.04762,0.15269,7.88905,0.14865,3.00862,0.0221
"ANY",0,20,0.53106,0,1.79309,23.88587,1.71264,4.6083,2.93315,7,0,0,0,21,10,11.69045,-1.2,6.20484,0,38.5,0,0.81069,0.81069,0.81069,0.11978,0.04762,0.17889,19.99021,0.1767,4.43806,0.03122
"M1",0,40,0.5267,0,1.67999,20.40806,1.59529,4.16789,2.54495,7,0,0,0,29,14.48276,17.26268,0.19221,9.56041,0.53996,91.40148,0,0.82815,0.82815,0.82815,0.07049,0.03448,0.15452,28.45736,0.15329,5.31506,0.0235
"ANY",0,28,0.52082,0,2.22353,25.30468,2.16167,4.82916,4.67284,9,0,0,0,29,14,16.30951,-1.2,8.51469,0,72.5,0,0.92745,0.92745,0.92745,0.00308,0.03448,0.17226,28.98477,0.17176,5.38312,0.0295
"M1",0,8,0.49124,0,0.70355,-1.66083,0.50365,0.1021,0.25367,1,0,1,0,8,3.625,4.4017,-0.65152,2.66927,0.29576,7.125,0,0.5102,0.5102,0.5102,0.48875,0.125,0.24979,0.01721,0.2312,1.44282,0.05345
"M1",0,5,0.4745,0,0.69821,-1.56947,0.5122,0.2489,0.26235,1,0,1,0,6,2.5,3.02765,-1.2,1.87083,0,3.5,0,0.53196,0.53196,0.53196,0.46161,0.16667,0.28755,-1.67907,0.25669,1.00043,0.06589
"M1",0,4,0.45959,0,0.68039,-1.85159,0.5017,0.2022,0.2517,1,0,1,0,5,2,2.44949,-1.2,1.58114,0,2.5,0,0.54207,0.54207,0.54207,0.45628,0.2,0.31687,-3.01158,0.27479,0.66379,0.07551
"M1",0,2,0.45692,0,0.67598,-1.96909,0.49817,0.17328,0.24817,1,0,1,0,3,1,1.29099,0,1,0,1,1e-05,0.54309,0.54309,0.54309,0.4569,0.33333,0.40976,0,0.29186,-1.56365,0.08518
"M1",0,4,0.42016,0,0.64839,-1.88233,0.49384,0.32686,0.24387,1,0,1,0,5,2,2.44949,-1.2,1.58114,0,2.5,0,0.57995,0.57995,0.57995,0.41993,0.2,0.32022,-2.27717,0.27959,0.79122,0.07817
"M1",0,29,0.40239,0,0.64379,34.38009,0.50255,1.52021,0.25255,1,0,1,0,23,11.6087,13.89557,-0.50247,7.80873,0.42169,60.97628,0,0.59937,0.59937,0.59937,0.39976,0.04348,0.15022,10.82011,0.14703,3.37212,0.02162
"ANY",0,32,0.36837,0,1.61505,33.97457,1.57248,5.36829,2.47269,7,0,0,0,33,16,18.61899,-1.2,9.66954,0,93.5,0,0.92452,0.92452,0.92452,0.01063,0.0303,0.16099,32.96388,0.16057,5.74,0.02578
"M1",0,5,0.36794,0,0.77397,3.44402,0.68092,1.93629,0.46365,2,0,1,0,6,2.5,3.02765,-1.2,1.87083,0,3.5,4e-05,0.72996,0.72996,0.72996,0.18885,0.16667,0.30903,4.65008,0.28507,2.13693,0.08127
"ANY",0,36,0.2853,0,1.34807,36.39372,1.31754,5.66014,1.73591,6,0,0,0,25,12.48,14.99333,0.84366,8.48096,0.7133,71.92667,0,0.93616,0.93616,0.93616,0.00993,0.04,0.18728,24.98028,0.18673,4.99716,0.03487
"M1",0,3,0.23984,0,0.48976,-0.51223,0.42701,1.21904,0.18234,1,0,0,0,4,1.5,1.87083,-1.2,1.29099,0,1.66667,0,0.76017,0.76017,0.76017,0.23982,0.25,0.39855,1.76224,0.35841,1.47022,0.12846
"M1",0,1,0.23983,0,0.48972,-0.51487,0.42698,1.21866,0.18231,1,0,0,0,2,0.5,0.70711,0,0.70711,0,0.5,0.23983,0.76017,0.76017,0.76017,0.23983,0.5,0.56364,0,0.36794,0,0.13538
"M1",0,4,0.23789,0,0.49715,0.42572,0.43654,1.39748,0.19057,1,0,0,0,5,2,2.44949,-1.2,1.58114,0,2.5,0,0.76674,0.76674,0.76674,0.22864,0.2,0.35782,3.12937,0.33173,1.8102,0.11005
"M1",0,4,0.20685,0,0.45577,0.22138,0.40613,1.46754,0.16494,1,0,0,0,5,2,2.44949,-1.2,1.58114,0,2.5,0,0.79359,0.79359,0.79359,0.20597,0.2,0.36666,3.56468,0.34359,1.9025,0.11805
"ANY",0,369,0.20437,0,1.19093,8892.58838,1.17327,51.52504,1.37656,4,0,0,0,101,65.92079,86.08883,7.48499,55.64525,1.95987,3096.39366,0,0.93343,0.93343,0.93343,0.01997,0.0099,0.09292,100.81171,0.09286,10.0361,0.00862
"ANY",0,5857,22.55307,13,45.94127,2772.82604,40.02451,29.55355,1601.96161,109,4,23,9,905,556.68398,814.08411,32.44326,594.32835,4.64933,353226.1921,0,0.10745,0.10745,0.01187,6e-05,0.0011,0.00652,115.01276,0.00643,9.58373,4e-05
"ANY",1,53,10.15118,10,10.58107,1.55118,2.98539,-0.12923,8.91254,16,3,12,8,37,19.56757,22.87451,0.0422,12.01051,0.47895,144.25225,0,0.20276,0.20276,0,0.00551,0.02703,0.05573,4.4703,0.04941,2.23568,0.00244
"ANY",0,128,9.07734,3,13.34277,14.86924,9.77913,2.96556,95.63146,36,0,10,4,129,64,74.04503,-1.2,37.38315,0,1397.5,0,0.20884,0.20884,0.02003,0.00215,0.00775,0.02834,33.72298,0.02736,5.5888,0.00075
"ANY",0,194,6.44715,6,7.33147,45.89271,3.49065,3.31345,12.18467,16,2,8,4,81,44.59259,57.72605,7.00306,36.88624,2.2066,1360.59444,0,0.18566,0.18566,0.01269,0.00638,0.01235,0.03784,12.21921,0.03599,3.52562,0.0013
"ANY",0,89,2.64102,1,3.4877,18.30488,2.27795,2.69027,5.18907,9,0,3,1,53,28.20755,34.38983,1.05323,19.86043,0.9284,394.43687,0,0.38111,0.38111,0.02048,0.38111,0.01887,0.06521,22.92358,0.06302,4.58126,0.00397
"ANY",0,648,2.10797,1,4.01785,2664.68189,3.42046,28.5879,11.69955,9,0,2,1,171,100.30994,131.33879,11.89923,85.02984,2.53204,7230.07396,0,0.47018,0.47018,0.04935,0.47018,0.00585,0.04284,94.4321,0.04256,9.43178,0.00181
"ANY",0,9,1.40379,0,2.30849,-1.05353,1.83263,0.74501,3.35853,5,0,3,0,10,4.5,5.33854,-1.2,3.02765,0,9.16667,0,0.60263,0.60263,0.60263,0.00331,0.1,0.20236,7.53283,0.18544,2.66136,0.03439
"ANY",0,44,1.12807,0,1.92201,0.53805,1.55615,0.9856,2.42159,4,0,3,0,27,14.37037,17.56259,1.00145,10.28871,0.84754,105.85755,0,0.60808,0.60808,0.60808,0.04661,0.03704,0.12336,21.58348,0.11991,4.49468,0.01438
"ANY",0,887,1.09696,0,3.00798,14254.13248,2.80082,63.56053,7.84461,7,0,1,0,129,91.54264,143.35593,22.71521,110.75176,4.00617,12265.95325,0,0.54695,0.54695,0.54695,0.23091,0.00775,0.0532,88.41904,0.05283,9.07011,0.00279
"ANY",0,98,1.00864,1,1.19089,607.89962,0.63313,4.68825,0.40086,2,0,1,1,21,14.90476,25.05898,14.32671,20.64196,3.553,426.09048,0,0.65907,0.65907,0.17275,0.65907,0.04762,0.15263,15.92452,0.14859,3.87451,0.02208
"M1",0,1,0.98814,1,0.99405,79.34516,0.10825,-9.01915,0.01172,1,1,1,1,2,0.5,0.70711,0,0.70711,0,0.5,0.01186,0.98814,0.98814,0.01186,0.98814,0.5,0.69877,0,0.69034,0,0.47657
"M1",0,1,0.98814,1,0.99405,79.34516,0.10825,-9.01915,0.01172,1,1,1,1,2,0.5,0.70711,0,0.70711,0,0.5,0.01186,0.98814,0.98814,0.01186,0.98814,0.5,0.69877,0,0.69034,0,0.47657
"M1",0,1,0.98814,1,0.99405,79.34516,0.10825,-9.01915,0.01172,1,1,1,1,2,0.5,0.70711,0,0.70711,0,0.5,0.01186,0.98814,0.98814,0.01186,0.98814,0.5,0.69877,0,0.69034,0,0.47657
"M1",0,1,0.98814,1,0.99405,79.34516,0.10825,-9.01915,0.01172,1,1,1,1,2,0.5,0.70711,0,0.70711,0,0.5,0.01186,0.98814,0.98814,0.01186,0.98814,0.5,0.69877,0,0.69034,0,0.47657
"M1",0,1,0.98814,1,0.99405,79.34516,0.10825,-9.01915,0.01172,1,1,1,1,2,0.5,0.70711,0,0.70711,0,0.5,0.01186,0.98814,0.98814,0.01186,0.98814,0.5,0.69877,0,0.69034,0,0.47657
"M1",0,1,0.98814,1,0.99405,79.34516,0.10825,-9.01915,0.01172,1,1,1,1,2,0.5,0.70711,0,0.70711,0,0.5,0.01186,0.98814,0.98814,0.01186,0.98814,0.5,0.69877,0,0.69034,0,0.47657
"M1",0,1,0.98814,1,0.99405,79.34516,0.10825,-9.01915,0.01172,1,1,1,1,2,0.5,0.70711,0,0.70711,0,0.5,0.01186,0.98814,0.98814,0.01186,0.98814,0.5,0.69877,0,0.69034,0,0.47657
"ANY",0,43,0.9696,0,1.66174,1.94954,1.34954,1.12667,1.82125,4,0,2,0,27,14.22222,17.42072,0.87276,10.25195,0.87509,105.10256,0,0.60601,0.60601,0.60601,0.05993,0.03704,0.12361,21.04421,0.12018,4.4378,0.01444
"M1",0,1,0.96911,1,0.98443,27.40393,0.17302,-5.42253,0.02994,1,0,1,1,2,0.5,0.70711,0,0.70711,0,0.5,0.03089,0.96911,0.96911,0.03089,0.96911,0.5,0.68561,0,0.66342,0,0.44013
"M1",0,1,0.9691,1,0.98443,27.39036,0.17306,-5.42128,0.02995,1,0,1,1,2,0.5,0.70711,0,0.70711,0,0.5,0.0309,0.9691,0.9691,0.0309,0.9691,0.5,0.6856,0,0.6634,0,0.4401
"M1",0,1,0.89229,1,0.94461,4.40484,0.31002,-2.53078,0.09611,1,0,1,1,2,0.5,0.70711,0,0.70711,0,0.5,0.10771,0.89229,0.89229,0.10771,0.89229,0.5,0.63552,0,0.55478,0,0.30778
"M1",0,9,0.81932,1,0.93195,0.82106,0.44411,-0.76089,0.19723,2,0,1,1,7,3.42857,4.40779,1.27816,2.99205,1.03999,8.95238,0,0.77042,0.77042,0.20516,0.77042,0.14286,0.30148,5.43447,0.28675,2.31629,0.08223
"M1",0,10,0.81902,1,0.93542,0.82874,0.45189,-0.67955,0.20421,2,0,1,1,7,3.57143,4.70562,2.08777,3.30944,1.30063,10.95238,0,0.76336,0.76336,0.20885,0.76336,0.14286,0.29931,5.35383,0.28409,2.30002,0.08071
"M1",0,9,0.81856,1,0.93071,0.81195,0.44292,-0.77685,0.19618,2,0,1,1,7,3.42857,4.40779,1.27816,2.99205,1.03999,8.95238,0,0.77118,0.77118,0.20516,0.77118,0.14286,0.30175,5.43688,0.28709,2.31687,0.08242
"M1",0,20,0.6002,1,0.80695,5.25545,0.53937,0.36873,0.29092,1,0,1,0,17,8.64706,10.4572,-0.77031,6.06157,0.42338,36.74265,0,0.5583,0.5583,0.42191,0.5583,0.05882,0.16978,6.34737,0.16417,2.71495,0.02695
"M1",0,300,0.59605,1,1.24893,12200.22298,1.09752,73.98127,1.20455,1,0,1,0,93,56.58065,75.16462,6.92422,49.74901,2.14197,2474.96353,0,0.54961,0.54961,0.43721,0.54961,0.01075,0.07283,46.39859,0.07243,6.83958,0.00525
"M1",0,7,0.49535,0,0.70786,-1.65371,0.50566,0.10135,0.25569,1,0,1,0,8,3.5,4.1833,-1.2,2.44949,0,6,0,0.50723,0.50723,0.50723,0.49041,0.125,0.24945,0.01056,0.23077,1.44176,0.05326
"M1",0,1,0.49275,0,0.70196,-1.99916,0.49995,0.02901,0.24995,1,0,1,0,2,0.5,0.70711,0,0.70711,0,0.5,0.49275,0.50725,0.50725,0.50725,0.49275,0.5,0.50005,0,0.01026,0,0.00011
"ANY",0,5,0.47421,0,0.9294,-0.29668,0.79932,1.23035,0.63891,2,0,1,0,6,2.5,3.02765,-1.2,1.87083,0,3.5,0,0.72046,0.72046,0.72046,0.08495,0.16667,0.30663,4.43081,0.28194,2.08056,0.07949
"M1",0,152,0.3784,0,1.28597,895.61865,1.22904,19.55323,1.51053,3,0,0,0,74,39.45946,48.07595,2.3926,27.65105,1.08833,764.58053,0,0.78344,0.78344,0.78344,0.12859,0.01351,0.09256,69.23867,0.0922,8.22507,0.0085
"M1",0,1,0.37204,0,0.60995,-1.71968,0.48335,0.52945,0.23363,1,0,1,0,2,0.5,0.70711,0,0.70711,0,0.5,0.37204,0.62796,0.62796,0.62796,0.37204,0.5,0.51611,0,0.18096,0,0.03275
"M1",0,1,0.37202,0,0.60994,-1.71957,0.48334,0.52956,0.23362,1,0,1,0,2,0.5,0.70711,0,0.70711,0,0.5,0.37202,0.62798,0.62798,0.62798,0.37202,0.5,0.51612,0,0.18099,0,0.03276
"M1",0,9,0.35829,0,0.59871,-1.52503,0.47967,0.59883,0.23008,1,0,1,0,5,3.4,4.71169,0.20182,3.64692,1.06383,13.3,0,0.64176,0.64176,0.64176,0.35821,0.2,0.32868,-0.47991,0.29162,1.11178,0.08504
"M1",0,7,0.35827,0,0.59866,-1.59935,0.47962,0.59541,0.23003,1,0,1,0,5,3,3.97492,-1.59862,2.91548,0.60529,8.5,0,0.64176,0.64176,0.64176,0.35821,0.2,0.32869,-0.47982,0.29162,1.1118,0.08504
"M1",0,5,0.35048,0,0.59342,-1.48719,0.47886,0.65192,0.22931,1,0,1,0,6,2.5,3.02765,-1.2,1.87083,0,3.5,0,0.65033,0.65033,0.65033,0.3489,0.16667,0.30129,0.96389,0.27495,1.45396,0.0756
"M1",0,4,0.34869,0,0.59351,-1.39801,0.48028,0.6836,0.23067,1,0,1,0,5,2,2.44949,-1.2,1.58114,0,2.5,0,0.65309,0.65309,0.65309,0.34515,0.2,0.33035,-0.07682,0.29396,1.18562,0.08641
"M1",0,4,0.33198,0,0.66783,1.38396,0.57947,1.55813,0.33578,2,0,1,0,5,2,2.44949,-1.2,1.58114,0,2.5,0,0.725,0.725,0.725,0.21805,0.2,0.33953,3.23446,0.30676,1.81556,0.0941
"M1",0,4,0.31633,0,0.56247,-1.37012,0.46509,0.79079,0.21631,1,0,1,0,4,1.75,2.29129,0.34286,1.70783,0.75284,2.91667,0,0.68369,0.68369,0.68369,0.31629,0.25,0.37665,-0.63929,0.32531,0.9802,0.10583
"M1",0,5,0.31633,0,0.56248,-1.36268,0.46511,0.79147,0.21632,1,0,1,0,4,2,2.73861,1.5,2.16025,1.19034,4.66667,0,0.6837,0.6837,0.6837,0.31628,0.25,0.37666,-0.63887,0.32531,0.98028,0.10583
"M1",0,6,0.29552,0,0.54407,-1.0818,0.45682,0.90956,0.20868,1,0,1,0,7,3,3.60555,-1.2,2.16025,0,4.66667,0,0.70467,0.70467,0.70467,0.29519,0.14286,0.28876,3.4387,0.27106,1.94832,0.07347
"ANY",0,1946,40.10778,13,68.72036,101.19944,55.80208,6.95766,3113.87265,198,2,45,14,690,398.17826,503.3322,3.2101,308.11518,1.47474,94934.96237,1e-05,0.02818,0.02818,0.01966,0.00018,0.00145,0.0048,17.9391,0.00458,4.20706,2e-05
"ANY",2,63,11.20979,5,12.52323,-1.01532,5.5832,0.11069,31.17208,21,3,16,6,44,24.40909,28.34287,-0.23542,14.5719,0.47091,212.34038,1e-05,0.08816,0.08816,0,0,0.02273,0.03663,-0.52319,0.02905,0.95995,0.00084
"ANY",0,127,5.64381,3,8.8984,60.78757,6.87963,6.26643,47.3293,26,1,5,3,124,62.1129,72.13003,-1.16031,36.81931,0.05499,1355.66195,1e-05,0.48225,0.48225,0.01309,0.00718,0.00806,0.04698,90.80663,0.04647,9.16944,0.00216
"ANY",0,239,5.55994,4,7.38856,136.53465,4.866,6.1868,23.67795,18,0,7,3,101,59.18812,75.93653,2.23986,47.80956,1.43364,2285.75426,1e-05,0.13342,0.13342,0.03764,0.07009,0.0099,0.03,10.26071,0.02846,3.30492,0.00081
"ANY",0,215,4.83335,4,6.1231,565.157,3.75915,14.11369,14.13121,13,0,6,3,87,62.77011,84.86805,0.26291,57.44941,1.17826,3300.43491,1e-05,0.18578,0.18578,0.02292,0.05604,0.01149,0.03699,12.98698,0.03537,3.63232,0.00125
"ANY",0,282,3.68103,1,7.62499,153.29358,6.67763,9.02685,44.59072,21,0,4,1,149,80.8255,97.91659,0.70868,55.45752,0.81956,3075.53691,1e-05,0.38227,0.38227,0.03375,0.38227,0.00671,0.03759,76.79585,0.03711,8.3193,0.00138
"ANY",0,744,2.93538,1,7.33042,2031.08921,6.71705,30.57646,45.1188,15,0,3,1,165,110.87273,155.1549,9.37455,108.8674,2.52691,11852.11175,1e-05,0.27784,0.27784,0.18409,0.27784,0.00606,0.03196,46.81681,0.03148,6.61516,0.00099
"M1",0,1,0.98037,1,0.99014,45.95844,0.13873,-6.92516,0.01925,1,1,1,1,2,0.5,0.70711,0,0.70711,0,0.5,0.01963,0.98037,0.98037,0.01963,0.98037,0.5,0.69336,0,0.67934,0,0.46151
"M1",0,1,0.98037,1,0.99014,45.95844,0.13873,-6.92516,0.01925,1,1,1,1,2,0.5,0.70711,0,0.70711,0,0.5,0.01963,0.98037,0.98037,0.01963,0.98037,0.5,0.69336,0,0.67934,0,0.46151
"M1",0,1,0.98037,1,0.99014,45.95844,0.13873,-6.92516,0.01925,1,1,1,1,2,0.5,0.70711,0,0.70711,0,0.5,0.01963,0.98037,0.98037,0.01963,0.98037,0.5,0.69336,0,0.67934,0,0.46151
"M1",0,1,0.98037,1,0.99014,45.95844,0.13873,-6.92516,0.01925,1,1,1,1,2,0.5,0.70711,0,0.70711,0,0.5,0.01963,0.98037,0.98037,0.01963,0.98037,0.5,0.69336,0,0.67934,0,0.46151
"M1",0,1,0.98037,1,0.99014,45.95844,0.13873,-6.92516,0.01925,1,1,1,1,2,0.5,0.70711,0,0.70711,0,0.5,0.01963,0.98037,0.98037,0.01963,0.98037,0.5,0.69336,0,0.67934,0,0.46151
"M1",0,1,0.98037,1,0.99014,45.95844,0.13873,-6.92516,0.01925,1,1,1,1,2,0.5,0.70711,0,0.70711,0,0.5,0.01963,0.98037,0.98037,0.01963,0.98037,0.5,0.69336,0,0.67934,0,0.46151
"M1",0,1,0.98037,1,0.99014,45.95844,0.13873,-6.92516,0.01925,1,1,1,1,2,0.5,0.70711,0,0.70711,0,0.5,0.01963,0.98037,0.98037,0.01963,0.98037,0.5,0.69336,0,0.67934,0,0.46151
"M1",0,1,0.95869,1,0.97913,19.25324,0.199,-4.6101,0.0396,1,0,1,1,2,0.5,0.70711,0,0.70711,0,0.5,0.04131,0.95869,0.95869,0.04131,0.95869,0.5,0.67853,0,0.64869,0,0.4208
"M1",0,1,0.95867,1,0.97912,19.23899,0.19905,-4.60855,0.03962,1,0,1,1,2,0.5,0.70711,0,0.70711,0,0.5,0.04133,0.95867,0.95867,0.04133,0.95867,0.5,0.67851,0,0.64866,0,0.42076
"M1",0,1,0.81236,1,0.90131,0.56034,0.39043,-1.60011,0.15243,1,0,1,1,2,0.5,0.70711,0,0.70711,0,0.5,0.18764,0.81236,0.81236,0.18764,0.81236,0.5,0.58955,0,0.44174,0,0.19514
"ANY",0,33,0.62857,0,0.99,67.3507,0.76486,3.53356,0.58501,2,0,1,0,25,12.64,15.15256,-0.2209,8.52877,0.505,72.74,1e-05,0.49034,0.49034,0.49034,0.41732,0.04,0.12965,9.68896,0.12587,3.26451,0.01584
"ANY",0,465,0.61544,0,2.58469,10208.47492,2.51036,74.1126,6.30192,2,0,1,0,80,56.0625,90.38383,15.65789,71.34323,3.59355,5089.8568,1e-05,0.51711,0.51711,0.51711,0.45084,0.0125,0.07675,38.09811,0.0762,6.23684,0.00581
"M1",0,18,0.53363,1,0.76586,8.58333,0.54935,0.74776,0.30179,2,0,1,0,11,6,7.7811,1.79808,5.19615,1.25449,27,1e-05,0.48997,0.48997,0.48903,0.48997,0.09091,0.20881,2.02758,0.19716,1.91869,0.03887
"M1",0,2,0.3498,0,0.5915,-1.59915,0.47698,0.63091,0.22751,1,0,1,0,3,1,1.29099,0,1,0,1,4e-05,0.65024,0.65024,0.65024,0.34973,0.33333,0.42627,0,0.32541,-0.22613,0.10589
"M1",0,1,0.34964,0,0.5913,-1.60229,0.47686,0.63066,0.22739,1,0,1,0,2,0.5,0.70711,0,0.70711,0,0.5,0.34964,0.65036,0.65036,0.65036,0.34964,0.5,0.52212,0,0.21265,0,0.04522
"ANY",0,20,0.29424,0,0.64175,17.32665,0.57033,2.62248,0.32527,2,0,1,0,11,5.90909,7.89131,4.26731,5.48552,1.79269,30.09091,1e-05,0.74993,0.74993,0.74993,0.21608,0.09091,0.23545,8.72952,0.2278,2.91661,0.05189
"ANY",0,94,0.26485,0,1.5273,245.716,1.50416,10.56487,2.2625,5,0,0,0,41,22.97561,29.92674,5.07662,19.41454,1.93161,376.92439,1e-05,0.94493,0.94493,0.94493,0.0135,0.02439,0.1476,40.97053,0.14738,6.39977,0.02172
"ANY",0,51,0.24558,0,1.13775,94.45898,1.11093,6.89852,1.23417,5,0,0,0,29,15.27586,18.88349,2.17274,11.29759,1.16395,127.63547,1e-05,0.93768,0.93768,0.93768,0.00813,0.03448,0.17419,28.95788,0.17377,5.37954,0.0302
"ANY",0,31,0.23744,0,0.52465,243.49488,0.46785,6.15029,0.21888,1,0,0,0,18,10.94444,14.02577,-0.19937,9.02592,0.8501,81.46732,1e-05,0.7696,0.7696,0.7696,0.22586,0.05556,0.18905,14.68631,0.18594,3.77065,0.03457
"ANY",0,16,0.23049,0,0.89052,28.72095,0.86018,4.81596,0.7399,3,0,0,0,16,7.5625,8.91277,-1.06286,4.87126,0.08273,23.72917,1e-05,0.90601,0.90601,0.90601,0.03252,0.0625,0.22679,15.92344,0.22516,3.98667,0.0507
"ANY",0,16,0.22399,0,0.87025,28.2062,0.84094,4.77238,0.70717,3,0,0,0,16,7.5625,8.91277,-1.06286,4.87126,0.08273,23.72917,1e-05,0.90945,0.90945,0.90945,0.02842,0.0625,0.22762,15.93108,0.22605,3.98798,0.0511
"ANY",0,465,0.2172,0,2.16269,28035.97761,2.15176,154.2463,4.63006,2,0,0,0,34,74.73529,143.37682,3.37069,124.19835,2.08533,15425.23084,1e-05,0.8736,0.8736,0.8736,0.07162,0.02941,0.15049,33.36879,0.1498,5.75542,0.02244
"ANY",0,15,0.21676,0,0.47796,19.29116,0.42598,2.16748,0.18146,1,0,0,0,12,6.08333,7.52219,-0.19053,4.62126,0.67236,21.35606,1e-05,0.78677,0.78677,0.78677,0.21051,0.08333,0.23511,9.8865,0.22962,3.10319,0.05273
"ANY",0,8,0.21441,0,0.55625,13.79128,0.51327,3.09502,0.26345,2,0,0,0,9,4,4.76095,-1.2,2.73861,0,7.5,1e-05,0.82081,0.82081,0.82081,0.15309,0.11111,0.2784,8.12074,0.27075,2.82404,0.07331
"M1",0,6,0.2066,0,0.45672,0.59573,0.40732,1.50475,0.16591,1,0,0,0,5,2.4,3.16228,1.12852,2.30217,1.03266,5.3,1e-05,0.79432,0.79432,0.79432,0.20478,0.2,0.36685,3.58533,0.34383,1.90694,0.11822
"M1",0,6,0.20659,0,0.45668,0.59287,0.40728,1.50432,0.16587,1,0,0,0,5,2.4,3.16228,1.12852,2.30217,1.03266,5.3,1e-05,0.79432,0.79432,0.79432,0.20479,0.2,0.36685,3.58512,0.34384,1.9069,0.11822
"M1",0,6,0.20532,0,0.45572,0.67876,0.40685,1.52305,0.16553,1,0,0,0,5,2.4,3.16228,1.12852,2.30217,1.03266,5.3,1e-05,0.7958,0.7958,0.7958,0.20312,0.2,0.3673,3.61396,0.34444,1.91311,0.11864
"ANY",0,20,0.19416,0,0.49271,46.10824,0.45284,3.43756,0.20507,1,0,0,0,13,7.61538,9.55551,-0.25848,6.00747,0.66931,36.08974,1e-05,0.82526,0.82526,0.82526,0.15701,0.07692,0.23304,11.82738,0.22896,3.40384,0.05242
"ANY",0,31,0.18207,0,0.6393,103.51841,0.61283,5.88128,0.37556,2,0,0,0,20,11.05,13.77498,0.08463,8.43848,0.8072,71.20789,1e-05,0.89363,0.89363,0.89363,0.05139,0.05,0.20037,19.76549,0.19907,4.43576,0.03963
"ANY",0,55,0.16594,0,0.7896,245.48378,0.77197,9.79152,0.59594,3,0,0,0,23,12.6087,16.81614,8.40836,11.37677,2.40823,129.43083,1e-05,0.91947,0.91947,0.91947,0.04582,0.04348,0.192,22.86103,0.19121,4.77559,0.03656
"ANY",0,68,0.16322,0,0.5349,2626.4686,0.50939,27.5867,0.25948,1,0,0,0,23,16.43478,22.90434,3.29827,16.31181,1.70259,266.0751,1e-05,0.85528,0.85528,0.85528,0.13204,0.04348,0.18046,21.77552,0.17908,4.62879,0.03207
"M1",0,9,0.1556,0,0.5869,15.4354,0.5659,3.89035,0.32024,2,0,0,0,9,4.11111,4.95536,-0.76046,2.93447,0.24184,8.61111,1e-05,0.91849,0.91849,0.91849,0.02614,0.11111,0.3066,8.94513,0.30309,2.98782,0.09186
"M1",0,16,0.15255,0,0.41446,36.12785,0.38536,3.39325,0.1485,1,0,0,0,11,5.81818,7.37317,0.71075,4.75012,0.95235,22.56364,1e-05,0.85315,0.85315,0.85315,0.14312,0.09091,0.26083,10.17754,0.25641,3.16364,0.06574
"ANY",0,2451,28.94424,0,41.50513,284.56017,29.74746,7.7754,884.91119,112,0,35,13,417,237.38129,313.17495,33.90181,204.52134,3.91529,41828.97686,0,0.03974,0.03974,0.03974,2e-05,0.0024,0.00712,11.53043,0.00671,3.45916,4e-05
"ANY",1,24,9.42202,9,9.53152,9.20534,1.44068,-1.23853,2.07554,12,7,10,9,24,12.5,14.28869,-1.2,7.07107,0,50,0,0.33312,0.33312,0,0.00522,0.04167,0.10259,5.61665,0.09576,2.54516,0.00917
"ANY",0,63,5.92946,4,7.04537,7.25194,3.8051,1.9146,14.47881,17,0,7,4,49,24.71429,29.1789,-0.46814,15.67243,0.36433,245.625,0,0.1603,0.1603,0.04009,0.01608,0.02041,0.04552,4.9088,0.04111,2.37673,0.00169
"ANY",0,121,4.48692,3,5.94439,50.35157,3.89915,5.04247,15.2034,16,0,5,3,84,43.28571,51.35706,-0.15469,27.80464,0.49639,773.09811,0,0.47275,0.47275,0.05002,0.00099,0.0119,0.05655,58.94072,0.05561,7.3545,0.00309
"ANY",0,48,3.98194,2,4.85015,10.98116,2.76913,2.25175,7.6681,12,0,5,2,42,21.07143,24.76797,-0.95529,13.17498,0.1981,173.58014,0,0.23444,0.23444,0.04019,0.04436,0.02381,0.0595,8.12396,0.05519,2.91219,0.00305
"M1",0,274,3.6792,1,8.10758,133.4709,7.22472,6.78702,52.1966,22,0,2,0,151,87.95364,109.8022,0.51433,65.95062,0.98573,4349.4845,0,0.38255,0.38255,0.34026,0.38255,0.00662,0.04202,71.67785,0.04163,8.45047,0.00173
"M1",0,722,3.45483,0,9.11617,1043.01508,8.43618,18.21642,71.16906,22,0,3,0,163,114.5092,170.61903,8.19357,126.87494,2.6749,16097.25146,0,0.66818,0.66818,0.66818,0.04948,0.00613,0.05274,158.36091,0.05255,12.50269,0.00276
"ANY",0,90,1.82765,1,2.60317,228.55281,1.8537,9.75216,3.4362,6,0,2,1,66,34.34848,40.87138,-0.50067,22.32039,0.44349,498.19977,0,0.51258,0.51258,0.05131,0.51258,0.01515,0.07129,41.05548,0.0702,6.16314,0.00493
"ANY",0,34,1.46263,1,1.86577,9.10119,1.15837,1.62744,1.34182,4,0,2,1,19,10.63158,13.68057,1.56296,8.84566,1.27161,78.24561,0,0.46976,0.46976,0.15693,0.46976,0.05263,0.12633,8.9069,0.118,2.87649,0.01392
"ANY",0,33,1.45893,1,1.82835,10.347,1.10199,1.66666,1.21438,4,0,2,1,20,11.15,14.11205,0.62082,8.87501,1.01604,78.76579,0,0.4832,0.4832,0.1395,0.4832,0.05,0.12586,9.80355,0.1185,3.02811,0.01404
"ANY",0,144,1.15393,0,3.85094,93.8448,3.674,7.34175,13.49826,13,0,1,0,84,43.7381,52.5076,1.11219,29.22663,0.81975,854.19564,0,0.70604,0.70604,0.70604,0.14202,0.0119,0.07883,76.60143,0.07839,8.62277,0.00615
"ANY",0,32,1.07763,1,1.30878,31.92469,0.74272,2.50337,0.55163,3,0,1,1,20,10.5,13.0269,1.41101,7.91069,1.03199,62.57895,0,0.68189,0.68189,0.14891,0.68189,0.05,0.15888,16.58411,0.15473,3.97592,0.02394
"ANY",0,40,0.99613,1,1.11716,303.5428,0.50575,7.24231,0.25579,2,0,1,1,20,12.05,15.64768,1.52291,10.24168,1.238,104.89211,0,0.84595,0.84595,0.08822,0.84595,0.05,0.19059,19.33861,0.18869,4.37198,0.0356
"ANY",0,51,0.97226,1,1.05015,2620.91124,0.39691,32.49182,0.15754,1,0,1,1,29,15.7931,19.72046,1.37742,12.01897,1.10286,144.45567,0,0.93571,0.93571,0.04963,0.93571,0.03448,0.17402,28.81099,0.17359,5.36054,0.03013
"M1",0,1,0.96027,1,0.97993,20.21106,0.19533,-4.71284,0.03815,1,0,1,1,2,0.5,0.70711,0,0.70711,0,0.5,0.03973,0.96027,0.96027,0.03973,0.96027,0.5,0.67959,0,0.65092,0,0.42369
"M1",0,1,0.96027,1,0.97993,20.21106,0.19533,-4.71284,0.03815,1,0,1,1,2,0.5,0.70711,0,0.70711,0,0.5,0.03973,0.96027,0.96027,0.03973,0.96027,0.5,0.67959,0,0.65092,0,0.42369
"M1",0,1,0.96027,1,0.97993,20.21106,0.19533,-4.71284,0.03815,1,0,1,1,2,0.5,0.70711,0,0.70711,0,0.5,0.03973,0.96027,0.96027,0.03973,0.96027,0.5,0.67959,0,0.65092,0,0.42369
"M1",0,1,0.96027,1,0.97993,20.21106,0.19533,-4.71284,0.03815,1,0,1,1,2,0.5,0.70711,0,0.70711,0,0.5,0.03973,0.96027,0.96027,0.03973,0.96027,0.5,0.67959,0,0.65092,0,0.42369
"M1",0,1,0.96027,1,0.97993,20.21106,0.19533,-4.71284,0.03815,1,0,1,1,2,0.5,0.70711,0,0.70711,0,0.5,0.03973,0.96027,0.96027,0.03973,0.96027,0.5,0.67959,0,0.65092,0,0.42369
"M1",0,1,0.96027,1,0.97993,20.21106,0.19533,-4.71284,0.03815,1,0,1,1,2,0.5,0.70711,0,0.70711,0,0.5,0.03973,0.96027,0.96027,0.03973,0.96027,0.5,0.67959,0,0.65092,0,0.42369
"M1",0,1,0.96027,1,0.97993,20.21106,0.19533,-4.71284,0.03815,1,0,1,1,2,0.5,0.70711,0,0.70711,0,0.5,0.03973,0.96027,0.96027,0.03973,0.96027,0.5,0.67959,0,0.65092,0,0.42369
"ANY",0,27,0.94065,0,2.18908,11.4787,1.97668,3.1866,3.90727,9,0,1,0,24,11.91667,14.14803,-0.7658,7.79028,0.30207,60.68841,0,0.64273,0.64273,0.64273,0.17684,0.04167,0.13711,19.87854,0.13344,4.36168,0.01781
"ANY",0,81,0.93154,1,1.08738,3885.73608,0.56091,41.60395,0.31462,1,0,1,1,35,20.51429,26.67583,3.32694,17.30075,1.58762,299.31597,0,0.88695,0.88695,0.09617,0.88695,0.02857,0.15082,34.10134,0.15025,5.81243,0.02258
"M1",0,1,0.92842,1,0.96355,9.0485,0.25779,-3.32391,0.06645,1,0,1,1,2,0.5,0.70711,0,0.70711,0,0.5,0.07158,0.92842,0.92842,0.07158,0.92842,0.5,0.65844,0,0.60588,0,0.36709
"M1",0,1,0.92841,1,0.96354,9.04563,0.25781,-3.32348,0.06647,1,0,1,1,2,0.5,0.70711,0,0.70711,0,0.5,0.07159,0.92841,0.92841,0.07159,0.92841,0.5,0.65843,0,0.60586,0,0.36707
"M1",0,44,0.92689,1,1.09848,621.33169,0.58953,13.08709,0.34754,2,0,1,1,29,16.68966,20.81114,-0.34638,12.65223,0.74606,160.07882,0,0.80716,0.80716,0.14265,0.80716,0.03448,0.1524,26.95269,0.15107,5.13491,0.02282
"ANY",0,16,0.91541,1,1.14923,7.08899,0.6948,1.27439,0.48275,3,0,1,1,13,6.30769,7.65607,0.19146,4.51635,0.5962,20.39744,0,0.62937,0.62937,0.24345,0.62937,0.07692,0.18941,8.40771,0.18015,2.8473,0.03245
"ANY",0,41,0.85999,1,1.39086,80.66569,1.09311,6.06538,1.1949,3,0,1,0,30,15.26667,18.33758,0.0995,10.33218,0.61286,106.75402,0,0.53472,0.53472,0.35279,0.53472,0.03333,0.11776,14.5995,0.11488,3.8453,0.0132
"M1",0,1,0.83233,1,0.91232,1.16572,0.37357,-1.77925,0.13956,1,0,1,1,2,0.5,0.70711,0,0.70711,0,0.5,0.16767,0.83233,0.83233,0.16767,0.83233,0.5,0.60037,0,0.46999,0,0.22089
"ANY",0,30,0.80309,0,1.41761,35.06026,1.16819,4.23766,1.36467,4,0,1,0,25,12.44,14.78242,-0.61225,8.15005,0.34624,66.42333,0,0.46326,0.46326,0.46326,0.3894,0.04,0.12276,9.3791,0.11845,3.20022,0.01403
"M1",0,51,0.75112,1,0.97532,246.49509,0.62216,4.69223,0.38708,2,0,1,0,21,11.7619,15.90298,7.90462,10.9677,2.38375,120.29048,0,0.63543,0.63543,0.31422,0.63543,0.04762,0.15495,12.6285,0.1511,3.52712,0.02283
"M1",0,51,0.75112,1,0.97532,246.49509,0.62216,4.69223,0.38708,2,0,1,0,21,11.7619,15.90298,7.90462,10.9677,2.38375,120.29048,0,0.63543,0.63543,0.31422,0.63543,0.04762,0.15495,12.6285,0.1511,3.52712,0.02283
"M1",0,26,0.74548,1,0.88443,46.48197,0.4759,0.53375,0.22648,1,0,1,0,13,7.53846,10.11473,3.246,7.0192,1.64143,49.26923,0,0.72153,0.72153,0.26769,0.72153,0.07692,0.21346,9.10259,0.20725,2.98661,0.04295
"ANY",0,26,0.70132,1,0.88458,77.81482,0.53912,2.42406,0.29065,1,0,1,0,19,10.05263,12.3395,-0.28375,7.35205,0.64832,54.05263,0,0.66036,0.66036,0.3223,0.66036,0.05263,0.16861,11.43125,0.16457,3.36688,0.02708
"ANY",0,7,0.69405,1,0.87064,0.04632,0.52564,-0.07247,0.2763,2,0,1,0,8,3.5,4.1833,-1.2,2.44949,0,6,0,0.63514,0.63514,0.33614,0.63514,0.125,0.25425,2.85821,0.23669,1.88957,0.05602
"M1",0,37,0.66246,1,1.03679,76.7615,0.79754,4.22306,0.63607,3,0,1,0,23,12.82609,16.19581,0.82186,10.11143,1.06066,102.24111,0,0.47652,0.47652,0.45039,0.47652,0.04348,0.13719,8.4902,0.13304,3.1087,0.0177
"M1",0,9,0.6585,1,0.82657,0.19951,0.4996,-0.24178,0.2496,1,0,1,0,9,4.11111,4.95536,-0.76046,2.93447,0.24184,8.61111,0,0.63879,0.63879,0.35202,0.63879,0.11111,0.24314,3.35473,0.22938,2.01908,0.05262
"M1",0,10,0.65342,1,0.82234,0.11606,0.4993,-0.25614,0.2493,1,0,1,0,8,3.875,4.88621,0.90645,3.18198,0.89625,10.125,0,0.63485,0.63485,0.35644,0.63485,0.125,0.25743,2.4532,0.24058,1.82755,0.05788
"M1",0,36,0.61684,1,0.87653,143.92904,0.62274,4.53342,0.38781,2,0,1,0,25,13.32,16.16292,-0.19592,9.34398,0.57388,87.31,0,0.54137,0.54137,0.42604,0.54137,0.04,0.13789,10.48561,0.13468,3.37724,0.01814
"ANY",0,192,0.61473,0,2.68814,516.77659,2.61691,14.11969,6.84821,9,0,0,0,81,47.67901,61.32025,2.68061,38.8004,1.49231,1505.47068,0,0.86959,0.86959,0.86959,0.03596,0.01235,0.09677,80.51707,0.09658,8.96098,0.00933
"ANY",0,4827,38.43249,21,75.04361,808.02887,64.45554,20.21907,4154.5162,164,5,40,18,725,523.42759,760.05108,12.20432,551.47138,2.82138,304120.6816,1e-05,0.02993,0.02993,0.00983,0.00018,0.00138,0.00495,19.52679,0.00476,4.40309,2e-05
"ANY",1,49,8.89904,9,9.34823,4.67449,2.86296,0.8881,8.19654,16,3,10,7,40,20.8,24.07488,-0.78493,12.27714,0.20492,150.72821,1e-05,0.3497,0.3497,0,0.00848,0.025,0.06982,16.63632,0.06602,3.95565,0.00436
"ANY",0,98,7.24663,5,8.64423,9.24492,4.71266,2.03888,22.2092,20,0,9,4,62,32.06452,38.33974,0.34713,21.19068,0.64861,449.04495,1e-05,0.11429,0.11429,0.02522,0.01883,0.01613,0.03572,3.4892,0.03213,2.18046,0.00103
"ANY",0,73,6.91148,6,7.87921,11.14629,3.78332,2.17145,14.31353,17,1,8,5,59,29.67797,34.80673,-0.8516,18.342,0.21724,336.42899,1e-05,0.15628,0.15628,0.01136,0.01478,0.01695,0.04109,5.8772,0.03775,2.59243,0.00143
"ANY",0,120,5.90912,3,8.4675,30.69556,6.06475,4.44652,36.78116,26,2,6,3,94,48.34043,57.11355,-0.58304,30.57955,0.37847,935.10867,1e-05,0.32409,0.32409,0.0103,0.00618,0.01064,0.04275,39.89724,0.04163,6.02934,0.00173
"ANY",0,71,2.57105,0,3.80845,8.0008,2.80963,1.70983,7.89403,10,0,4,0,37,19.48649,24.13644,3.27292,14.4388,1.36195,208.47898,1e-05,0.34262,0.34262,0.34262,0.11008,0.02703,0.06937,15.71036,0.06477,3.64146,0.0042
"ANY",0,65,2.28902,0,3.45793,8.8753,2.59185,1.77947,6.71771,9,0,4,0,35,19.14286,24.01785,1.79556,14.71722,1.22866,216.59664,1e-05,0.37272,0.37272,0.37272,0.10602,0.02857,0.07536,16.72035,0.07076,3.78058,0.00501
"ANY",0,514,2.27567,1,4.57777,2970.4626,3.97208,33.12453,15.77741,10,1,2,1,99,63.82828,97.11198,18.15673,73.56186,3.78648,5411.34776,1e-05,0.53266,0.53266,0.01877,0.53266,0.0101,0.05869,69.27885,0.0581,8.00519,0.00338
"M1",0,1,0.99026,1,0.99512,97.6404,0.09823,-9.98194,0.00965,1,1,1,1,2,0.5,0.70711,0,0.70711,0,0.5,0.00974,0.99026,0.99026,0.00974,0.99026,0.5,0.70025,0,0.69333,0,0.4807
"M1",0,1,0.99026,1,0.99512,97.6404,0.09823,-9.98194,0.00965,1,1,1,1,2,0.5,0.70711,0,0.70711,0,0.5,0.00974,0.99026,0.99026,0.00974,0.99026,0.5,0.70025,0,0.69333,0,0.4807
"M1",0,1,0.99026,1,0.99512,97.6404,0.09823,-9.98194,0.00965,1,1,1,1,2,0.5,0.70711,0,0.70711,0,0.5,0.00974,0.99026,0.99026,0.00974,0.99026,0.5,0.70025,0,0.69333,0,0.4807
"M1",0,1,0.99026,1,0.99512,97.6404,0.09823,-9.98194,0.00965,1,1,1,1,2,0.5,0.70711,0,0.70711,0,0.5,0.00974,0.99026,0.99026,0.00974,0.99026,0.5,0.70025,0,0.69333,0,0.4807
"M1",0,1,0.99026,1,0.99512,97.6404,0.09823,-9.98194,0.00965,1,1,1,1,2,0.5,0.70711,0,0.70711,0,0.5,0.00974,0.99026,0.99026,0.00974,0.99026,0.5,0.70025,0,0.69333,0,0.4807
"M1",0,1,0.99026,1,0.99512,97.6404,0.09823,-9.98194,0.00965,1,1,1,1,2,0.5,0.70711,0,0.70711,0,0.5,0.00974,0.99026,0.99026,0.00974,0.99026,0.5,0.70025,0,0.69333,0,0.4807
"M1",0,1,0.99026,1,0.99512,97.6404,0.09823,-9.98194,0.00965,1,1,1,1,2,0.5,0.70711,0,0.70711,0,0.5,0.00974,0.99026,0.99026,0.00974,0.99026,0.5,0.70025,0,0.69333,0,0.4807
"ANY",0,33,0.98236,0,1.55482,12.11436,1.20518,2.31091,1.45246,4,0,1,0,20,10.3,12.78671,2.50856,7.77378,1.21869,60.43158,1e-05,0.41057,0.41057,0.41057,0.36723,0.05,0.12716,5.93425,0.11996,2.62617,0.01439
"M1",0,1,0.95941,1,0.97949,19.677,0.19735,-4.65583,0.03895,1,0,1,1,2,0.5,0.70711,0,0.70711,0,0.5,0.04059,0.95941,0.95941,0.04059,0.95941,0.5,0.67901,0,0.6497,0,0.42211
"M1",0,1,0.95939,1,0.97948,19.6646,0.1974,-4.6545,0.03897,1,0,1,1,2,0.5,0.70711,0,0.70711,0,0.5,0.04061,0.95939,0.95939,0.04061,0.95939,0.5,0.679,0,0.64967,0,0.42207
"M1",0,66,0.95885,0,1.74227,142.56351,1.45469,7.30738,2.11614,4,0,1,0,45,23.33333,27.84082,-0.19142,15.35933,0.49145,235.90909,1e-05,0.46264,0.46264,0.46264,0.29674,0.02222,0.08541,20.2472,0.0834,4.42147,0.00696
"ANY",0,119,0.91137,1,1.09934,10322.19765,0.61478,61.10116,0.37796,2,0,1,1,20,19.4,33.93081,7.67057,28.56092,2.65414,815.72632,1e-05,0.80855,0.80855,0.14527,0.80855,0.05,0.18392,18.46726,0.18159,4.25043,0.03298
"ANY",0,325,0.86798,0,2.99374,3262.8901,2.86516,40.58868,8.20912,6,0,1,0,82,62.84146,90.18403,5.14589,65.08275,2.08815,4235.76468,1e-05,0.62028,0.62028,0.62028,0.20267,0.0122,0.07286,64.18078,0.07227,7.77944,0.00522
"ANY",0,119,0.86708,1,1.10418,11429.15681,0.68365,72.51856,0.46738,2,0,1,1,23,22.65217,39.0312,4.78584,32.4998,2.32965,1056.23715,1e-05,0.77734,0.77734,0.18178,0.77734,0.04348,0.16665,20.24486,0.16449,4.43201,0.02706
"M1",0,1,0.85621,1,0.92532,2.12261,0.35088,-2.03041,0.12312,1,0,1,1,2,0.5,0.70711,0,0.70711,0,0.5,0.14379,0.85621,0.85621,0.14379,0.85621,0.5,0.61391,0,0.50376,0,0.25377
"ANY",0,26,0.83271,1,1.05834,70.12024,0.65321,4.38659,0.42668,2,0,1,1,20,9.85,11.80042,0.15996,6.66708,0.54209,44.45,1e-05,0.70514,0.70514,0.24378,0.70514,0.05,0.16708,15.20888,0.16356,3.82808,0.02675
"M1",0,21,0.82672,1,1.01816,26.83741,0.59429,1.64118,0.35318,2,0,1,0,15,8,10.01332,0.11494,6.23355,0.84521,38.85714,1e-05,0.67933,0.67933,0.2539,0.67933,0.06667,0.18785,10.55428,0.18179,3.19772,0.03305
"ANY",0,21,0.77617,1,0.96102,16.56555,0.56667,1.07814,0.32111,2,0,1,0,10,5.7,8.03119,5.42991,5.96378,2.11587,35.56667,1e-05,0.67838,0.67838,0.27916,0.67838,0.1,0.23222,6.0709,0.22092,2.47572,0.04881
"M1",0,15,0.72715,0,1.22403,6.12203,0.98463,1.85529,0.9695,3,0,1,0,16,7.5,8.80341,-1.2,4.76095,0,22.66667,1e-05,0.53213,0.53213,0.53213,0.29035,0.0625,0.15494,7.45929,0.14642,2.7392,0.02144
"M1",0,608,0.69123,0,3.89678,5246.41025,3.83499,45.41956,14.70718,7,0,1,0,101,66.62376,101.87757,25.17876,77.45784,4.27129,5999.71703,1e-05,0.73994,0.73994,0.73994,0.21151,0.0099,0.07659,86.30167,0.07632,9.11359,0.00583
"ANY",0,26,0.68354,1,0.92556,58.94788,0.62405,3.25762,0.38944,2,0,1,0,19,9.47368,11.46161,0.5617,6.62796,0.69846,43.92982,1e-05,0.59966,0.59966,0.36519,0.59966,0.05263,0.16122,9.24273,0.15656,3.10546,0.02451
"M1",0,20,0.60304,1,0.80602,25.04917,0.5348,1.03369,0.28601,1,0,1,0,13,7.46154,9.56355,0.09383,6.22649,0.92145,38.76923,1e-05,0.57645,0.57645,0.41205,0.57645,0.07692,0.19654,4.33402,0.18825,2.3246,0.03544
"ANY",0,30,0.59986,0,1.03935,61.16024,0.84877,4.64757,0.72042,3,0,1,0,23,11.6087,13.93931,-0.2285,7.8898,0.51068,62.24901,1e-05,0.51747,0.51747,0.51747,0.41322,0.04348,0.13845,9.21907,0.1344,3.18887,0.01806
"M1",0,11,0.58279,1,0.78634,2.94188,0.5279,0.32441,0.27868,1,0,1,0,11,5.27273,6.33891,-1.17353,3.69028,0.18813,13.61818,1e-05,0.5574,0.5574,0.43106,0.5574,0.09091,0.21248,2.66441,0.20142,2.00975,0.04057
"M1",0,11,0.58279,1,0.78634,2.94188,0.5279,0.32441,0.27868,1,0,1,0,11,5.27273,6.33891,-1.17353,3.69028,0.18813,13.61818,1e-05,0.5574,0.5574,0.43106,0.5574,0.09091,0.21248,2.66441,0.20142,2.00975,0.04057
"ANY",0,17,0.57971,1,0.86042,16.93348,0.63582,1.88851,0.40426,2,0,1,0,15,7.2,8.59457,-0.51278,4.85798,0.3297,23.6,1e-05,0.48426,0.48426,0.47501,0.48426,0.06667,0.17535,4.31751,0.16787,2.3941,0.02818
"ANY",0,21,0.54558,0,1.01116,12.99837,0.85135,2.47096,0.7248,3,0,1,0,16,8,9.72111,0.18687,5.7038,0.64052,32.53333,1e-05,0.61082,0.61082,0.61082,0.28228,0.0625,0.16936,9.54356,0.16257,3.06057,0.02643
"ANY",0,26,0.52709,0,0.86676,34.67064,0.68808,2.69996,0.47346,2,0,1,0,17,9,11.24853,0.86697,6.95521,0.98147,48.375,1e-05,0.54713,0.54713,0.54713,0.39907,0.05882,0.16456,6.52527,0.15842,2.72759,0.0251
"ANY",0,13,0.49005,0,0.8086,8.80902,0.64319,1.71982,0.41369,2,0,1,0,13,6.07692,7.20577,-0.98902,4.03033,0.12337,16.24359,1e-05,0.57212,0.57212,0.57212,0.37863,0.07692,0.19061,4.80405,0.18152,2.37839,0.03295
"ANY",0,22,0.42189,0,0.9212,25.68009,0.81892,3.60932,0.67063,3,0,1,0,17,8.52941,10.33839,-0.03571,6.02202,0.59061,36.26471,1e-05,0.69544,0.69544,0.69544,0.23766,0.05882,0.17855,12.86728,0.17377,3.52508,0.03019
"ANY",0,21,0.41851,0,0.77204,35.08304,0.64877,3.04725,0.4209,2,0,1,0,18,9.16667,11.07801,-0.73358,6.40083,0.43673,40.97059,1e-05,0.63881,0.63881,0.63881,0.3197,0.05556,0.16855,10.46593,0.16374,3.23098,0.02681
"ANY",0,13,0.3839,0,0.70367,9.09858,0.58972,1.90607,0.34777,2,0,1,0,12,5.83333,7.05927,-0.74492,4.1524,0.37922,17.24242,1e-05,0.65901,0.65901,0.65901,0.30622,0.08333,0.20995,6.79151,0.20127,2.63057,0.04051
"ANY",0,1654,56.06639,12,101.54941,94.58075,84.69064,6.93109,7172.50453,310.46,2,67,13,254,166.4252,238.61106,29.07778,171.3285,4.18688,29353.45486,0.00051,0.03115,0.03115,0.01532,0.00051,0.00394,0.00711,5.9399,0.00594,2.50229,4e-05
"ANY",0,119,10.91879,3,18.92387,10.64956,15.46011,2.99965,239.01486,64,0,12,3,91,47.40659,56.17927,-0.67138,30.31207,0.37825,918.82173,0.00051,0.26864,0.26864,0.02503,0.00715,0.01099,0.03449,44.09081,0.03287,6.1734,0.00108
"ANY",0,255,9.75077,1,20.33187,39.37718,17.84574,4.96608,318.4703,65.64,0,9,2,93,54.72043,70.86569,4.37301,45.27317,1.73612,2049.66012,0.00051,0.18999,0.18999,0.04597,0.18999,0.01075,0.03163,23.73173,0.02991,4.71457,0.00089
"ANY",0,141,6.57814,4,9.52734,83.83315,6.89366,6.04154,47.52251,23.82,0,8,3,47,26.68085,35.35714,11.42149,23.45125,2.65846,549.96115,0.00051,0.12411,0.12411,0.03473,0.07201,0.02128,0.04065,2.53124,0.03501,1.88796,0.00123
"ANY",1,21,3.97906,1,5.15555,1.40398,3.27906,1.2987,10.75224,14,1,6,1,18,9.72222,11.20764,-0.75869,5.73745,0.25429,32.9183,0.00051,0.28601,0.28601,0,0.28601,0.05556,0.09115,4.82667,0.07436,2.10574,0.00553
"ANY",0,176,3.86466,0,8.39996,180.61272,7.46003,10.08007,55.65209,21,0,5,0,43,28.65116,42.52277,11.25978,31.79314,2.97906,1010.80399,0.00051,0.28141,0.28141,0.28141,0.16956,0.02326,0.05757,13.81746,0.05329,3.50678,0.00284
"ANY",0,17,2.74821,1,3.35178,4.476,1.91928,1.63291,3.68363,8,1,4,1,16,7.6875,9.12757,-0.87997,5.08224,0.21168,25.82917,0.00051,0.28345,0.28345,0.01685,0.28345,0.0625,0.11067,1.31994,0.09433,1.58687,0.0089
"M1",0,1,0.98519,1,0.99257,62.69532,0.12083,-8.03936,0.0146,1,1,1,1,2,0.5,0.70711,0,0.70711,0,0.5,0.01481,0.98519,0.98519,0.01481,0.98519,0.5,0.69671,0,0.68616,0,0.47082
"M1",0,1,0.98519,1,0.99257,62.69532,0.12083,-8.03936,0.0146,1,1,1,1,2,0.5,0.70711,0,0.70711,0,0.5,0.01481,0.98519,0.98519,0.01481,0.98519,0.5,0.69671,0,0.68616,0,0.47082
"M1",0,1,0.98519,1,0.99257,62.69532,0.12083,-8.03936,0.0146,1,1,1,1,2,0.5,0.70711,0,0.70711,0,0.5,0.01481,0.98519,0.98519,0.01481,0.98519,0.5,0.69671,0,0.68616,0,0.47082
"M1",0,1,0.98519,1,0.99257,62.69532,0.12083,-8.03936,0.0146,1,1,1,1,2,0.5,0.70711,0,0.70711,0,0.5,0.01481,0.98519,0.98519,0.01481,0.98519,0.5,0.69671,0,0.68616,0,0.47082
"M1",0,1,0.98519,1,0.99257,62.69532,0.12083,-8.03936,0.0146,1,1,1,1,2,0.5,0.70711,0,0.70711,0,0.5,0.01481,0.98519,0.98519,0.01481,0.98519,0.5,0.69671,0,0.68616,0,0.47082
"M1",0,1,0.98519,1,0.99257,62.69532,0.12083,-8.03936,0.0146,1,1,1,1,2,0.5,0.70711,0,0.70711,0,0.5,0.01481,0.98519,0.98519,0.01481,0.98519,0.5,0.69671,0,0.68616,0,0.47082
"M1",0,1,0.98519,1,0.99257,62.69532,0.12083,-8.03936,0.0146,1,1,1,1,2,0.5,0.70711,0,0.70711,0,0.5,0.01481,0.98519,0.98519,0.01481,0.98519,0.5,0.69671,0,0.68616,0,0.47082
"M1",0,1,0.9811,1,0.99051,48.06389,0.1362,-7.07211,0.01855,1,1,1,1,2,0.5,0.70711,0,0.70711,0,0.5,0.0189,0.9811,0.9811,0.0189,0.9811,0.5,0.69387,0,0.68038,0,0.46292
"M1",0,1,0.9811,1,0.99051,48.06389,0.1362,-7.07211,0.01855,1,1,1,1,2,0.5,0.70711,0,0.70711,0,0.5,0.0189,0.9811,0.9811,0.0189,0.9811,0.5,0.69387,0,0.68038,0,0.46292
"M1",0,1,0.95455,1,0.97701,17.0943,0.20835,-4.3677,0.04341,1,0,1,1,2,0.5,0.70711,0,0.70711,0,0.5,0.04545,0.95455,0.95455,0.04545,0.95455,0.5,0.67573,0,0.64282,0,0.41322
"M1",0,1,0.51634,1,0.71857,-1.99776,0.49986,-0.06546,0.24986,1,0,1,0,2,0.5,0.70711,0,0.70711,0,0.5,0.48366,0.51634,0.51634,0.48366,0.51634,0.5,0.50027,0,0.02311,0,0.00053
"M1",0,1,0.51634,1,0.71857,-1.99776,0.49986,-0.06546,0.24986,1,0,1,0,2,0.5,0.70711,0,0.70711,0,0.5,0.48366,0.51634,0.51634,0.48366,0.51634,0.5,0.50027,0,0.02311,0,0.00053
"ANY",0,200,0.22983,0,4.53462,1935.59585,4.52995,43.87027,20.52048,1,0,0,0,4,50.75,100.00625,3.99865,99.50335,1.9996,9900.91667,0.00051,0.87487,0.87487,0.87487,0.12155,0.25,0.44164,3.61094,0.42039,1.8959,0.17673
"ANY",0,9,0.20327,0,0.81608,32.93323,0.79056,5.23808,0.62499,3,0,0,0,9,4.11111,4.95536,-0.76046,2.93447,0.24184,8.61111,0.00051,0.90858,0.90858,0.90858,0.03728,0.11111,0.3033,8.95182,0.29933,2.98932,0.0896
"ANY",0,8,0.18182,0,0.56724,57.2908,0.53744,5.93063,0.28885,1,0,0,0,9,4,4.76095,-1.2,2.73861,0,7.5,0.00051,0.84883,0.84883,0.84883,0.1379,0.11111,0.28666,8.32706,0.28028,2.86397,0.07856
"ANY",0,4,0.16445,0,0.44972,13.78969,0.41868,3.09485,0.17529,1,0,0,0,5,2,2.44949,-1.2,1.58114,0,2.5,0.00102,0.84883,0.84883,0.84883,0.14249,0.2,0.38493,4.42763,0.36771,2.09489,0.13521
"ANY",0,6,0.15986,0,0.774,22.4168,0.75751,4.82293,0.57382,4,0,0,0,7,3,3.60555,-1.2,2.16025,0,4.66667,0.00051,0.95301,0.95301,0.95301,0.00409,0.14286,0.36034,6.99009,0.35732,2.64332,0.12768
"M1",0,11,0.15628,0,0.49615,155.71587,0.47102,8.51194,0.22186,1,0,0,0,6,3.66667,5.16398,2.4654,3.9833,1.53582,15.86667,0.00051,0.85904,0.85904,0.85904,0.13381,0.16667,0.35494,5.48298,0.34328,2.32814,0.11784
"M1",0,1,0.15015,0,0.3875,1.84432,0.35731,1.96021,0.12767,1,0,0,0,2,0.5,0.70711,0,0.70711,0,0.5,0.15015,0.84985,0.84985,0.84985,0.15015,0.5,0.61024,0,0.49476,0,0.24479
"ANY",0,9,0.13279,0,0.65343,54.15578,0.63996,6.56175,0.40954,3,0,0,0,9,4.22222,5.12076,-1.00588,3.07318,0.26319,9.44444,0.00051,0.93922,0.93922,0.93922,0.02809,0.11111,0.31327,8.979,0.31067,2.99533,0.09652
"ANY",0,5,0.13279,0,0.42037,30.84957,0.39895,4.2964,0.15916,1,0,0,0,5,2.4,3.03315,-1.96322,2.07364,0.23551,4.3,0.00051,0.88151,0.88151,0.88151,0.10827,0.2,0.39721,4.70525,0.38369,2.16093,0.14722
"ANY",0,257,0.13126,0,5.808,1958,5.808,44.24929,33.73289,0,0,0,0,2,128.5,181.72644,0,181.72644,0,33024.5,0.00051,0.99949,0.99949,0.99949,0,0.5,0.70675,0,0.70638,0,0.49898
"M1",0,2,0.12972,0,0.363,3.52074,0.33911,2.28415,0.115,1,0,0,0,3,1,1.29099,0,1,0,1,0.00102,0.8713,0.8713,0.8713,0.12768,0.33333,0.50842,0,0.47018,1.59172,0.22106
"ANY",0,234,0.11951,0,5.28822,1958,5.28822,44.24929,27.96527,0,0,0,0,2,117,165.46299,0,165.46299,0,27378,0.00051,0.99949,0.99949,0.99949,0,0.5,0.70675,0,0.70638,0,0.49898
"ANY",0,32,0.11491,0,0.8325,1155.27756,0.82474,30.86377,0.6802,1,0,0,0,6,8.66667,14.0119,3.92231,12.06096,1.93282,145.46667,0.00051,0.91062,0.91062,0.91062,0.0858,0.16667,0.37341,5.81383,0.36604,2.40396,0.13399
"ANY",0,5,0.10266,0,0.37748,31.54497,0.36335,4.66314,0.13202,1,0,0,0,5,2.2,2.79285,-0.02191,1.92354,0.59013,3.7,0.00051,0.91216,0.91216,0.91216,0.07661,0.2,0.40938,4.86972,0.39937,2.20186,0.15949
"ANY",0,3,0.09142,0,0.34049,21.0237,0.32807,4.16806,0.10763,1,0,0,0,4,1.5,1.87083,-1.2,1.29099,0,1.66667,0.00204,0.91879,0.91879,0.91879,0.07303,0.25,0.46086,3.88912,0.44705,1.9688,0.19985
"ANY",0,2,0.08784,0,0.29981,7.85059,0.28673,3.0438,0.08221,1,0,0,0,3,1,1.29099,0,1,0,1,0.00102,0.91318,0.91318,0.91318,0.0858,0.33333,0.52955,0,0.50395,1.67706,0.25396
"ANY",0,4,0.08478,0,0.42279,49.83681,0.41431,6.56929,0.17165,1,0,0,0,5,2,2.44949,-1.2,1.58114,0,2.5,0.00255,0.9428,0.9428,0.9428,0.04443,0.2,0.42211,4.96412,0.4156,2.22638,0.17273
"ANY",0,3,0.08427,0,0.32671,25.43229,0.31574,4.49338,0.09969,1,0,0,0,4,1.5,1.87083,-1.2,1.29099,0,1.66667,0.00255,0.92441,0.92441,0.92441,0.06946,0.25,0.46351,3.89922,0.4507,1.97159,0.20313
"M1",0,1,0.08223,0,0.28675,7.27271,0.27478,3.04389,0.0755,1,0,0,0,2,0.5,0.70711,0,0.70711,0,0.5,0.08223,0.91777,0.91777,0.91777,0.08223,0.5,0.65156,0,0.59082,0,0.34907
"M1",0,1,0.07763,0,0.27862,7.98919,0.26766,3.15928,0.07164,1,0,0,0,2,0.5,0.70711,0,0.70711,0,0.5,0.07763,0.92237,0.92237,0.92237,0.07763,0.5,0.65452,0,0.59732,0,0.35679
"M1",0,1,0.0761,0,0.27586,8.24741,0.26522,3.19984,0.07034,1,0,0,0,2,0.5,0.70711,0,0.70711,0,0.5,0.0761,0.9239,0.9239,0.9239,0.0761,0.5,0.65551,0,0.59949,0,0.35939
"ANY",0,887,34.81177,0,48.81157,30.52544,34.21595,3.74849,1170.73109,133,0,43,15,344,183.98256,222.75657,3.304,125.7652,1.14654,15816.88599,2e-05,0.06224,0.06224,0.06224,9e-05,0.00291,0.00731,20.32325,0.00672,3.75724,5e-05
"ANY",0,114,8.82457,7,10.27641,13.8294,5.26612,1.88056,27.73197,22,0,11,6,72,37.19444,44.4169,0.45454,24.44865,0.66323,597.73631,2e-05,0.10461,0.10461,0.06354,0.00526,0.01389,0.03112,3.60225,0.02804,2.18045,0.00079
"ANY",1,23,8.06561,6,8.40549,0.58572,2.36607,0.19333,5.59829,13,3,10,6,22,11.59091,13.28533,-1.10361,6.64515,0.07329,44.15801,3e-05,0.17989,0.17989,0,0.00877,0.04545,0.07598,-0.38151,0.06232,1.1056,0.00388
"ANY",0,110,5.91583,4,8.1278,27.95941,5.57356,3.97109,31.06462,23,0,7,3,83,42.20482,49.51828,-0.77602,26.05752,0.24382,678.99412,2e-05,0.25013,0.25013,0.07127,0.00157,0.01205,0.0405,23.63537,0.0389,4.6803,0.00151
"ANY",0,32,4.34667,4,5.1525,2.72467,2.76674,1.04663,7.65486,11,0,6,2,30,14.7,17.23852,-0.98421,9.15819,0.13866,83.87241,2e-05,0.17195,0.17195,0.06262,0.06435,0.03333,0.06147,1.17214,0.05253,1.5469,0.00276
"ANY",0,306,3.702,1,7.68577,220.02936,6.73551,10.82979,45.36708,19,0,4,1,125,69.304,85.9053,3.33207,50.96524,1.33661,2597.45523,2e-05,0.23261,0.23261,0.09047,0.23261,0.008,0.03471,30.41069,0.03391,5.39126,0.00115
"ANY",0,196,1.52808,0,3.14729,552.42107,2.75146,12.8706,7.57055,8,0,2,0,55,33.09091,45.63013,12.32605,31.70774,2.87846,1005.38047,2e-05,0.42489,0.42489,0.42489,0.22529,0.01818,0.06932,26.2573,0.06751,4.90833,0.00456
"M1",0,2,0.93778,1,0.96841,11.13309,0.24163,-3.6211,0.05838,1,0,1,1,3,1,1.29099,0,1,0,1,2e-05,0.93775,0.93775,0.06224,0.93775,0.33333,0.5426,0,0.52436,1.70466,0.27495
"M1",0,2,0.93778,1,0.96841,11.13309,0.24163,-3.6211,0.05838,1,0,1,1,3,1,1.29099,0,1,0,1,2e-05,0.93775,0.93775,0.06224,0.93775,0.33333,0.5426,0,0.52436,1.70466,0.27495
"M1",0,2,0.93778,1,0.96841,11.13309,0.24163,-3.6211,0.05838,1,0,1,1,3,1,1.29099,0,1,0,1,2e-05,0.93775,0.93775,0.06224,0.93775,0.33333,0.5426,0,0.52436,1.70466,0.27495
"M1",0,2,0.93778,1,0.96841,11.13309,0.24163,-3.6211,0.05838,1,0,1,1,3,1,1.29099,0,1,0,1,2e-05,0.93775,0.93775,0.06224,0.93775,0.33333,0.5426,0,0.52436,1.70466,0.27495
"M1",0,2,0.93778,1,0.96841,11.13309,0.24163,-3.6211,0.05838,1,0,1,1,3,1,1.29099,0,1,0,1,2e-05,0.93775,0.93775,0.06224,0.93775,0.33333,0.5426,0,0.52436,1.70466,0.27495
"M1",0,1,0.93776,1,0.96838,11.13501,0.24159,-3.62417,0.05836,1,0,1,1,2,0.5,0.70711,0,0.70711,0,0.5,0.06224,0.93776,0.93776,0.06224,0.93776,0.5,0.66456,0,0.61909,0,0.38327
"M1",0,1,0.93776,1,0.96838,11.13501,0.24159,-3.62417,0.05836,1,0,1,1,2,0.5,0.70711,0,0.70711,0,0.5,0.06224,0.93776,0.93776,0.06224,0.93776,0.5,0.66456,0,0.61909,0,0.38327
"ANY",0,20,0.92575,1,1.4072,26.48302,1.05982,3.5418,1.12322,4,0,1,0,21,10,11.69045,-1.2,6.20484,0,38.5,2e-05,0.5197,0.5197,0.33393,0.5197,0.04762,0.13653,9.39668,0.13112,3.11583,0.01719
"M1",0,1,0.92241,1,0.96042,7.97338,0.26753,-3.15802,0.07157,1,0,1,1,2,0.5,0.70711,0,0.70711,0,0.5,0.07759,0.92241,0.92241,0.07759,0.92241,0.5,0.65455,0,0.59738,0,0.35686
"M1",0,1,0.92236,1,0.9604,7.96482,0.26761,-3.15667,0.07161,1,0,1,1,2,0.5,0.70711,0,0.70711,0,0.5,0.07764,0.92236,0.92236,0.07764,0.92236,0.5,0.65451,0,0.59731,0,0.35677
"M1",0,1,0.81275,1,0.90153,0.57105,0.39011,-1.60344,0.15219,1,0,1,1,2,0.5,0.70711,0,0.70711,0,0.5,0.18725,0.81275,0.81275,0.18725,0.81275,0.5,0.58976,0,0.4423,0,0.19563
"ANY",0,13,0.64226,0,1.13464,2.2266,0.93537,1.42226,0.87493,3,0,1,0,12,5.66667,6.79461,-0.58469,3.91578,0.31089,15.33333,2e-05,0.61264,0.61264,0.61264,0.18725,0.08333,0.19054,8.10349,0.17897,2.76269,0.03203
"M1",0,1,0.61142,1,0.78193,-1.79106,0.48743,-0.45717,0.23759,1,0,1,0,2,0.5,0.70711,0,0.70711,0,0.5,0.38858,0.61142,0.61142,0.38858,0.61142,0.5,0.51226,0,0.15757,0,0.02483
"M1",0,1,0.61142,1,0.78193,-1.79106,0.48743,-0.45717,0.23759,1,0,1,0,2,0.5,0.70711,0,0.70711,0,0.5,0.38858,0.61142,0.61142,0.38858,0.61142,0.5,0.51226,0,0.15757,0,0.02483
"M1",0,6,0.59103,1,0.78111,-0.45096,0.51071,-0.04601,0.26083,1,0,1,0,7,3,3.60555,-1.2,2.16025,0,4.66667,2e-05,0.57711,0.57711,0.41666,0.57711,0.14286,0.26904,0.08199,0.24625,1.37838,0.06064
"M1",0,6,0.58866,1,0.77953,-0.45786,0.51103,-0.03784,0.26115,1,0,1,0,7,3,3.60555,-1.2,2.16025,0,4.66667,2e-05,0.57485,0.57485,0.41898,0.57485,0.14286,0.26886,0.03313,0.24602,1.37042,0.06053
"ANY",0,5,0.56138,0,0.996,1.14665,0.82273,1.37916,0.67689,3,0,1,0,6,2.5,3.02765,-1.2,1.87083,0,3.5,7e-05,0.61687,0.61687,0.61687,0.2405,0.16667,0.27423,3.03601,0.23855,1.7659,0.05691
"M1",0,11,0.49141,0,0.85949,9.71648,0.70516,2.12091,0.49726,2,0,1,0,12,5.5,6.49359,-1.2,3.60555,0,13,2e-05,0.59563,0.59563,0.59563,0.34023,0.08333,0.19855,5.21021,0.18823,2.39539,0.03543
"M1",0,5,0.4799,0,0.73665,0.01372,0.55889,0.69516,0.31236,2,0,1,0,6,2.5,3.02765,-1.2,1.87083,0,3.5,7e-05,0.54968,0.54968,0.54968,0.42218,0.16667,0.28317,-1.21336,0.25078,1.07191,0.06289
"M1",0,10,0.45347,0,0.77377,4.97938,0.62696,1.53608,0.39308,2,0,1,0,11,5,5.91608,-1.2,3.31662,0,11,2e-05,0.60596,0.60596,0.60596,0.34414,0.09091,0.21051,4.57874,0.19914,2.27387,0.03966
"M1",0,8,0.40709,0,0.72837,6.25361,0.60399,1.78968,0.36481,2,0,1,0,9,4,4.76095,-1.2,2.73861,0,7.5,2e-05,0.63932,0.63932,0.63932,0.3251,0.11111,0.23926,3.91658,0.22475,2.10402,0.05051
"ANY",0,119,0.38782,0,2.05067,398.49458,2.01368,14.17458,4.05489,5,0,0,0,52,28.80769,36.07737,4.23767,21.93041,1.50542,480.94268,2e-05,0.88984,0.88984,0.88984,0.05184,0.01923,0.12365,51.58334,0.12333,7.16993,0.01521
"M1",0,9,0.37979,0,0.62453,1.46001,0.49578,0.78223,0.2458,1,0,1,0,9,4.11111,4.95536,-0.76046,2.93447,0.24184,8.61111,2e-05,0.62374,0.62374,0.62374,0.37353,0.11111,0.24234,2.79131,0.22844,1.93171,0.05218
"M1",0,3,0.37777,0,0.61558,-1.67983,0.48605,0.52052,0.23624,1,0,1,0,4,1.5,1.87083,-1.2,1.29099,0,1.66667,2e-05,0.6228,0.6228,0.6228,0.37664,0.25,0.36392,-3.01475,0.30537,0.53142,0.09325
"ANY",0,7,0.37595,0,0.70946,3.26864,0.60166,1.64261,0.362,2,0,1,0,7,3.14286,3.8545,-0.50341,2.4103,0.36728,5.80952,2e-05,0.67933,0.67933,0.67933,0.27237,0.14286,0.2771,3.74881,0.25646,1.99521,0.06577
"M1",0,23,0.3697,0,0.67363,116.41685,0.56312,5.02862,0.31711,1,0,1,0,16,8.5,10.5771,0.21126,6.50128,0.821,42.26667,2e-05,0.6456,0.6456,0.6456,0.34606,0.0625,0.18313,8.48668,0.17778,2.9523,0.03161
"M1",0,12,0.34412,0,0.66987,17.32333,0.57473,2.50578,0.33031,2,0,1,0,10,5.1,6.36396,-0.49599,4.01248,0.64395,16.1,2e-05,0.69089,0.69089,0.69089,0.28398,0.1,0.2363,6.07599,0.22567,2.47957,0.05093
"M1",0,5,0.33684,0,0.58884,-0.24916,0.48299,0.8854,0.23328,1,0,1,0,6,2.5,3.02765,-1.2,1.87083,0,3.5,3e-05,0.66716,0.66716,0.66716,0.32958,0.16667,0.30379,1.5151,0.27823,1.55221,0.07741
"M1",0,37,0.32631,0,0.88857,149.31314,0.82649,8.03674,0.68309,2,0,0,0,22,11.5,14.30671,2.17927,8.71097,1.19534,75.88095,2e-05,0.75379,0.75379,0.75379,0.2133,0.04545,0.16706,18.36987,0.16454,4.21422,0.02707
"M1",0,12,0.31442,0,0.64521,15.294,0.56342,2.55203,0.31744,2,0,1,0,11,5.36364,6.52965,-0.73368,3.90571,0.41655,15.25455,2e-05,0.72069,0.72069,0.72069,0.25386,0.09091,0.23046,7.77901,0.22211,2.76509,0.04933
"M1",0,2,0.30148,0,0.54957,-1.21177,0.45951,0.8738,0.21115,1,0,1,0,3,1,1.29099,0,1,0,1,0.00028,0.6988,0.6988,0.6988,0.30092,0.33333,0.43927,0,0.35039,0.41269,0.12277
"M1",0,4,0.28706,0,0.54297,-0.3,0.46088,1.08204,0.21241,1,0,1,0,5,2,2.44949,-1.2,1.58114,0,2.5,3e-05,0.71649,0.71649,0.71649,0.28026,0.2,0.34407,1.88336,0.31301,1.55809,0.09798
"ANY",0,62,0.27896,0,1.55957,317.39623,1.53443,14.16569,2.35449,3,0,0,0,46,23.86957,28.5162,-0.47918,15.77425,0.47288,248.82705,2e-05,0.89744,0.89744,0.89744,0.0598,0.02174,0.13264,45.54228,0.13229,6.7347,0.0175
"ANY",0,3234,48.75764,0,95.13496,162.35884,81.691,8.72958,6673.41953,260,0,58,10,811,493.82737,652.97909,6.86881,427.4828,2.09951,182741.5455,1e-05,0.1941,0.1941,0.1941,9e-05,0.00123,0.0074,602.30184,0.0073,22.96428,5e-05
"ANY",1,40,8.06413,5,8.87457,0.03095,3.70512,0.55762,13.7279,16,2,11,5,35,18.25714,21.08825,-0.94275,10.70828,0.15779,114.66723,1e-05,0.2304,0.2304,0,0.00547,0.02857,0.05546,9.02676,0.04823,2.74906,0.00233
"ANY",0,288,7.1731,0,10.04703,68.36549,7.0349,4.37105,49.48985,24,0,10,3,117,64.88889,80.45936,3.27654,47.7771,1.32494,2282.65134,1e-05,0.19755,0.19755,0.19755,0.01474,0.00855,0.02648,28.50587,0.02517,4.71562,0.00063
"ANY",0,127,5.49587,3,9.0807,30.02044,7.22876,4.21728,52.25498,27,0,6,3,107,54.5514,64.0081,-0.86464,33.64163,0.24533,1131.75913,1e-05,0.27689,0.27689,0.20409,0.00239,0.00935,0.0373,36.04151,0.03628,5.76634,0.00132
"ANY",0,364,5.39137,0,11.66313,117.66364,10.34229,7.75993,106.96294,33,0,6,1,174,96.68966,119.61471,1.78266,70.6219,1.16182,4987.45226,1e-05,0.21309,0.21309,0.21309,0.16218,0.00575,0.02526,41.76471,0.02467,6.16061,0.00061
"ANY",0,207,3.40148,0,4.90552,410.90467,3.53472,9.74776,12.49425,12,0,5,1,58,41.2931,62.98016,5.59961,47.96929,2.4207,2301.05293,1e-05,0.19601,0.19601,0.19601,0.0957,0.01724,0.04693,8.21645,0.04403,2.94104,0.00194
"ANY",0,634,2.77511,0,10.48077,403.29597,10.10674,14.1609,102.14625,24,0,2,0,190,111.03684,142.99004,7.51452,90.33227,2.01323,8159.91927,1e-05,0.45775,0.45775,0.45775,0.21132,0.00526,0.03803,114.86626,0.03776,10.23852,0.00143
"ANY",0,541,2.70505,0,16.37736,193.71719,16.1525,11.56718,260.90315,39,0,0,0,285,157.26667,192.19687,1.01097,110.67889,0.95657,12249.81596,1e-05,0.8828,0.8828,0.8828,0.01942,0.00351,0.05232,284.44199,0.05229,16.85748,0.00273
"ANY",0,307,1.18351,0,7.21156,336.83115,7.11382,14.42119,50.60645,16,0,0,0,153,84.13725,103.48828,2.19047,60.45356,1.17188,3654.63235,1e-05,0.86917,0.86917,0.86917,0.0233,0.00654,0.07039,151.93126,0.07032,12.30658,0.00494
"M1",0,207,1.10108,0,4.06846,274.15982,3.91665,11.70843,15.34013,12,0,1,0,95,52.72632,65.40183,2.15482,38.9007,1.20724,1513.26473,1e-05,0.64384,0.64384,0.64384,0.25368,0.01053,0.07107,71.66008,0.07066,8.2636,0.00499
"ANY",0,405,0.95501,0,6.85218,513.32867,6.78534,18.15156,46.04081,10,0,0,0,166,93.22289,115.28511,2.5906,68.02962,1.22192,4628.02881,1e-05,0.89628,0.89628,0.89628,0.00347,0.00602,0.06967,164.99936,0.06962,12.82782,0.00485
"ANY",0,304,0.94713,0,7.39614,331.34926,7.33528,15.01958,53.80639,12,0,0,0,153,88.43791,110.96779,1.23289,67.24688,1.15869,4522.1425,1e-05,0.92828,0.92828,0.92828,0.02659,0.00654,0.07508,152.7204,0.07504,12.35275,0.00563
"ANY",0,432,0.87175,0,9.16794,654.47778,9.12644,22.94299,83.29192,7,0,0,0,212,131.4434,163.27006,-0.28124,97.07832,0.72053,9424.20057,1e-05,0.92643,0.92643,0.92643,0.00209,0.00472,0.06366,211.63388,0.06363,14.54168,0.00405
"ANY",0,494,0.83313,0,10.63296,568.24706,10.60032,21.61626,112.36677,5,0,0,0,246,145.15041,177.05315,0.0565,101.59297,0.68614,10321.13239,1e-05,0.96487,0.96487,0.96487,0.00071,0.00407,0.06152,245.95782,0.06151,15.68238,0.00378
"M1",0,1,0.8059,1,0.89772,0.39284,0.39551,-1.54688,0.15643,1,0,1,1,2,0.5,0.70711,0,0.70711,0,0.5,0.1941,0.8059,0.8059,0.1941,0.8059,0.5,0.58615,0,0.4326,0,0.18715
"M1",0,1,0.8059,1,0.89772,0.39284,0.39551,-1.54688,0.15643,1,0,1,1,2,0.5,0.70711,0,0.70711,0,0.5,0.1941,0.8059,0.8059,0.1941,0.8059,0.5,0.58615,0,0.4326,0,0.18715
"M1",0,1,0.8059,1,0.89772,0.39284,0.39551,-1.54688,0.15643,1,0,1,1,2,0.5,0.70711,0,0.70711,0,0.5,0.1941,0.8059,0.8059,0.1941,0.8059,0.5,0.58615,0,0.4326,0,0.18715
"M1",0,1,0.8059,1,0.89772,0.39284,0.39551,-1.54688,0.15643,1,0,1,1,2,0.5,0.70711,0,0.70711,0,0.5,0.1941,0.8059,0.8059,0.1941,0.8059,0.5,0.58615,0,0.4326,0,0.18715
"M1",0,1,0.8059,1,0.89772,0.39284,0.39551,-1.54688,0.15643,1,0,1,1,2,0.5,0.70711,0,0.70711,0,0.5,0.1941,0.8059,0.8059,0.1941,0.8059,0.5,0.58615,0,0.4326,0,0.18715
"M1",0,1,0.8059,1,0.89772,0.39284,0.39551,-1.54688,0.15643,1,0,1,1,2,0.5,0.70711,0,0.70711,0,0.5,0.1941,0.8059,0.8059,0.1941,0.8059,0.5,0.58615,0,0.4326,0,0.18715
"M1",0,1,0.8059,1,0.89772,0.39284,0.39551,-1.54688,0.15643,1,0,1,1,2,0.5,0.70711,0,0.70711,0,0.5,0.1941,0.8059,0.8059,0.1941,0.8059,0.5,0.58615,0,0.4326,0,0.18715
"ANY",0,588,0.801,0,11.67115,727.40792,11.64368,24.89246,135.5754,6,0,0,0,235,165.99574,207.51155,-0.19638,124.79071,0.69829,15572.7222,1e-05,0.97067,0.97067,0.97067,0.00018,0.00426,0.06332,234.98139,0.06331,15.3288,0.00401
"M1",0,1,0.78756,1,0.88745,-0.02298,0.40904,-1.40606,0.16731,1,0,1,1,2,0.5,0.70711,0,0.70711,0,0.5,0.21244,0.78756,0.78756,0.21244,0.78756,0.5,0.57679,0,0.40667,0,0.16538
"M1",0,1,0.78755,1,0.88744,-0.02319,0.40904,-1.40599,0.16732,1,0,1,1,2,0.5,0.70711,0,0.70711,0,0.5,0.21245,0.78755,0.78755,0.21245,0.78755,0.5,0.57679,0,0.40666,0,0.16537
"ANY",0,220,0.73841,0,5.0254,360.54887,4.97088,14.86548,24.70968,10,0,0,0,117,66.01709,83.0262,1.68487,50.56627,1.2822,2556.94798,1e-05,0.90758,0.90758,0.90758,0.03644,0.00855,0.08399,116.55433,0.08391,10.7867,0.00704
"ANY",0,250,0.66774,0,5.03567,526.65817,4.99122,18.37183,24.91232,8,0,0,0,123,72.45528,91.79714,1.18269,56.59494,1.18442,3202.98774,1e-05,0.89234,0.89234,0.89234,0.06129,0.00813,0.08066,121.78664,0.08057,11.01248,0.00649
"M1",0,1035,0.63691,0,15.07481,1297.35317,15.06142,32.1967,226.84636,1,0,0,0,185,268.21081,325.69617,2.51468,185.27413,1.29883,34326.50423,1e-05,0.97304,0.97304,0.97304,0.02457,0.00541,0.07156,184.76069,0.07155,13.58856,0.00512
"ANY",0,110,0.50028,0,2.13653,308.03255,2.07714,12.05475,4.3145,6,0,0,0,57,32.42105,40.64351,1.16912,24.72849,1.11358,611.49812,1e-05,0.87733,0.87733,0.87733,0.00814,0.01754,0.11645,56.52219,0.11615,7.5045,0.01349
"ANY",0,99,0.49677,0,1.87374,198.20994,1.8067,8.76736,3.26417,6,0,0,0,45,24.86667,31.31595,3.76291,19.25027,1.50049,370.57273,1e-05,0.86462,0.86462,0.86462,0.04864,0.02222,0.12918,44.61172,0.12869,6.66684,0.01656
"M1",0,1,0.46033,0,0.67848,-1.9747,0.49843,0.15919,0.24843,1,0,1,0,2,0.5,0.70711,0,0.70711,0,0.5,0.46033,0.53967,0.53967,0.53967,0.46033,0.5,0.50157,0,0.0561,0,0.00315
"ANY",0,103,0.45484,0,2.0518,321.42984,2.00076,12.58016,4.00305,6,0,0,0,58,33.01724,40.95645,0.3512,24.44578,0.88991,597.59619,1e-05,0.88298,0.88298,0.88298,0.01899,0.01724,0.11613,57.63003,0.11585,7.5807,0.01342
"ANY",0,198,0.37966,0,3.45812,518.53803,3.43723,20.0639,11.81457,1,0,0,0,97,55.10309,66.53555,0.88669,37.48485,0.75306,1405.11426,1e-05,0.84266,0.84266,0.84266,0.14104,0.01031,0.08675,91.65055,0.08659,9.48306,0.0075
"M1",0,79,0.36593,0,0.76844,2277.11886,0.67572,26.31352,0.4566,1,0,1,0,25,17.6,24.63981,5.09961,17.59972,1.96931,309.75,1e-05,0.65807,0.65807,0.65807,0.328,0.04,0.14707,15.37939,0.14445,3.88566,0.02086
"M1",0,2,0.36497,0,0.60416,-1.68328,0.48147,0.5615,0.23181,1,0,1,0,3,1,1.29099,0,1,0,1,2e-05,0.63505,0.63505,0.63505,0.36493,0.33333,0.42287,0,0.31869,-0.44179,0.10156
"M1",0,1,0.36495,0,0.60411,-1.68525,0.48142,0.56105,0.23176,1,0,1,0,2,0.5,0.70711,0,0.70711,0,0.5,0.36495,0.63505,0.63505,0.63505,0.36495,0.5,0.51792,0,0.19099,0,0.03648
"M1",0,233,0.35287,0,2.14054,1802.55843,2.11127,25.2594,4.45744,6,0,0,0,58,37.36207,52.67712,12.29209,37.45861,2.86671,1403.14731,1e-05,0.92454,0.92454,0.92454,0.02666,0.01724,0.12147,57.87605,0.12129,7.60395,0.01471
"M1",0,68,0.35123,0,1.76108,250.47745,1.72571,13.0572,2.97806,3,0,0,0,52,26.44231,31.28928,-0.49999,16.89113,0.38533,285.31033,1e-05,0.83558,0.83558,0.83558,0.13111,0.01923,0.1173,49.38771,0.11685,6.96808,0.01365
"ANY",0,58,0.34874,0,1.49161,206.66524,1.45027,10.68047,2.10329,4,0,0,0,41,21.70732,26.24556,-0.00883,14.93527,0.65689,223.0622,1e-05,0.88457,0.88457,0.88457,0.01879,0.02439,0.1385,40.57673,0.13803,6.35639,0.01905
"ANY",0,154,0.34351,0,3.5149,443.84599,3.49809,18.05608,12.23661,0,0,0,0,108,57.21296,68.07832,-0.62793,37.06828,0.42069,1374.05703,1e-05,0.98119,0.98119,0.98119,0.00022,0.00926,0.09442,107.99549,0.0944,10.39198,0.00891
"ANY",0,57,0.33258,0,1.39367,146.15424,1.35341,8.68105,1.83171,4,0,0,0,38,20.13158,24.41473,0.17376,13.9984,0.7065,195.95519,1e-05,0.8979,0.8979,0.8979,0.00973,0.02632,0.14594,37.69789,0.14548,6.12977,0.02116
"ANY",0,950,36.91685,12,62.97684,41.07529,51.02356,5.11352,2603.40348,195,4,39,13,362,207.00829,257.13183,1.90624,152.73765,1.15338,23328.7894,7e-05,0.03298,0.03298,0.00571,0.00054,0.00276,0.00711,9.83385,0.00656,3.20869,4e-05
"ANY",0,117,9.26886,3,15.09301,17.73011,11.91205,3.66855,141.89688,50,1,10,3,109,54.43119,63.22662,-1.11817,32.31768,0.06762,1044.43272,7e-05,0.2888,0.2888,0.01424,0.00672,0.00917,0.03386,52.15042,0.03274,6.72827,0.00107
"ANY",0,129,5.51347,4,6.94421,85.70132,4.22196,5.08537,17.82493,17,1,7,3,48,27.60417,36.73185,7.12161,24.48946,2.27115,599.7336,7e-05,0.1579,0.1579,0.01478,0.0499,0.02083,0.04634,4.07413,0.04183,2.26212,0.00175
"ANY",1,24,5.05716,5,5.86473,2.40791,2.96999,1.12477,8.82082,13,1,7,3,24,12.5,14.28869,-1.2,7.07107,0,50,7e-05,0.17986,0.17986,0,0.11781,0.04167,0.06867,0.34761,0.05576,1.23007,0.00311
"ANY",0,173,4.6488,1,8.93966,42.22836,7.6361,5.04767,58.31009,31,0,4,1,82,43.03659,52.19651,3.21201,29.71695,1.17048,883.09741,7e-05,0.27551,0.27551,0.0309,0.27551,0.0122,0.04513,27.48456,0.04372,5.153,0.00191
"ANY",0,52,3.48573,2,4.33619,24.24848,2.57928,3.04515,6.65269,11,1,4,2,31,16.41935,20.45846,2.19096,12.40638,1.2727,153.91828,7e-05,0.24273,0.24273,0.00927,0.16059,0.03226,0.07213,4.1217,0.06558,2.25334,0.0043
"ANY",0,140,1.40453,0,3.56527,429.40453,3.27706,14.56136,10.73915,9,0,2,0,45,30.91111,43.07693,3.77695,30.34111,1.85009,920.58283,7e-05,0.51306,0.51306,0.51306,0.19827,0.02222,0.08462,29.89184,0.08258,5.24811,0.00682
"M1",0,1,0.99443,1,0.99721,174.45013,0.07446,-13.28257,0.00554,1,1,1,1,2,0.5,0.70711,0,0.70711,0,0.5,0.00557,0.99443,0.99443,0.00557,0.99443,0.5,0.70318,0,0.69922,0,0.48891
"M1",0,1,0.99443,1,0.99721,174.45013,0.07446,-13.28257,0.00554,1,1,1,1,2,0.5,0.70711,0,0.70711,0,0.5,0.00557,0.99443,0.99443,0.00557,0.99443,0.5,0.70318,0,0.69922,0,0.48891
"M1",0,1,0.99443,1,0.99721,174.45013,0.07446,-13.28257,0.00554,1,1,1,1,2,0.5,0.70711,0,0.70711,0,0.5,0.00557,0.99443,0.99443,0.00557,0.99443,0.5,0.70318,0,0.69922,0,0.48891
"M1",0,1,0.99443,1,0.99721,174.45013,0.07446,-13.28257,0.00554,1,1,1,1,2,0.5,0.70711,0,0.70711,0,0.5,0.00557,0.99443,0.99443,0.00557,0.99443,0.5,0.70318,0,0.69922,0,0.48891
"M1",0,1,0.99443,1,0.99721,174.45013,0.07446,-13.28257,0.00554,1,1,1,1,2,0.5,0.70711,0,0.70711,0,0.5,0.00557,0.99443,0.99443,0.00557,0.99443,0.5,0.70318,0,0.69922,0,0.48891
"M1",0,1,0.99443,1,0.99721,174.45013,0.07446,-13.28257,0.00554,1,1,1,1,2,0.5,0.70711,0,0.70711,0,0.5,0.00557,0.99443,0.99443,0.00557,0.99443,0.5,0.70318,0,0.69922,0,0.48891
"M1",0,1,0.99443,1,0.99721,174.45013,0.07446,-13.28257,0.00554,1,1,1,1,2,0.5,0.70711,0,0.70711,0,0.5,0.00557,0.99443,0.99443,0.00557,0.99443,0.5,0.70318,0,0.69922,0,0.48891
"M1",0,1,0.98173,1,0.99082,49.7747,0.13393,-7.195,0.01794,1,1,1,1,2,0.5,0.70711,0,0.70711,0,0.5,0.01827,0.98173,0.98173,0.01827,0.98173,0.5,0.69431,0,0.68127,0,0.46413
"M1",0,1,0.98173,1,0.99082,49.7747,0.13393,-7.195,0.01794,1,1,1,1,2,0.5,0.70711,0,0.70711,0,0.5,0.01827,0.98173,0.98173,0.01827,0.98173,0.5,0.69431,0,0.68127,0,0.46413
"M1",0,1,0.90261,1,0.95006,5.37838,0.29649,-2.71618,0.08791,1,0,1,1,2,0.5,0.70711,0,0.70711,0,0.5,0.09739,0.90261,0.90261,0.09739,0.90261,0.5,0.64195,0,0.56938,0,0.32419
"ANY",0,17,0.83679,0,1.99655,8.16636,1.8128,2.6712,3.28623,7,0,1,0,18,8.5,9.95825,-1.2,5.33854,0,28.5,7e-05,0.74955,0.74955,0.74955,0.05279,0.05556,0.17826,17.46706,0.17429,4.15508,0.03038
"M1",0,1,0.6351,1,0.79693,-1.68513,0.48142,-0.56133,0.23176,1,0,1,0,2,0.5,0.70711,0,0.70711,0,0.5,0.3649,0.6351,0.6351,0.3649,0.6351,0.5,0.51793,0,0.19106,0,0.0365
"M1",0,1,0.6351,1,0.79693,-1.68513,0.48142,-0.56133,0.23176,1,0,1,0,2,0.5,0.70711,0,0.70711,0,0.5,0.3649,0.6351,0.6351,0.3649,0.6351,0.5,0.51793,0,0.19106,0,0.0365
"M1",0,152,0.4825,0,1.43655,10560.91354,1.35314,94.35544,1.83098,1,0,1,0,7,24,57.5326,6.97265,56.47713,2.639,3189.66667,7e-05,0.54382,0.54382,0.54382,0.44254,0.14286,0.26504,-0.45093,0.24113,1.29112,0.05814
"M1",0,14,0.41695,0,0.67112,31.1973,0.5259,1.88546,0.27657,1,0,1,0,7,4.28571,6.11789,3.46823,4.71573,1.76547,22.2381,7e-05,0.59185,0.59185,0.59185,0.40157,0.14286,0.27034,0.4238,0.2479,1.43425,0.06145
"M1",0,13,0.38324,0,0.94428,25.10621,0.86304,4.09652,0.74485,3,0,1,0,13,6.15385,7.3275,-1.0079,4.14017,0.17072,17.14103,7e-05,0.73517,0.73517,0.73517,0.21298,0.07692,0.21241,10.4751,0.20608,3.19014,0.04247
"ANY",0,5,0.29525,0,0.56316,1.25824,0.47957,1.28384,0.22999,1,0,1,0,6,2.5,3.02765,-1.2,1.87083,0,3.5,7e-05,0.71442,0.71442,0.71442,0.27685,0.16667,0.31281,2.96709,0.28998,1.81915,0.08409
"ANY",0,5,0.27907,0,0.60385,5.99021,0.53551,2.13338,0.28677,2,0,0,0,6,2.5,3.02765,-1.2,1.87083,0,3.5,0.00027,0.7564,0.7564,0.7564,0.21412,0.16667,0.32109,4.33938,0.30065,2.08482,0.09039
"M1",0,13,0.27698,0,0.58377,50.60658,0.51389,3.96816,0.26409,1,0,1,0,10,4.9,6.10737,0.97575,3.84274,0.88819,14.76667,7e-05,0.73511,0.73511,0.73511,0.25992,0.1,0.24657,6.90688,0.23757,2.61464,0.05644
"ANY",0,14,0.27107,0,0.58123,45.88696,0.51417,3.51902,0.26437,1,0,1,0,9,4.77778,6.245,2.01345,4.26549,1.30284,18.19444,7e-05,0.74787,0.74787,0.74787,0.23917,0.11111,0.26175,6.5428,0.25137,2.54092,0.06319
"ANY",0,20,0.26342,0,0.64144,141.8232,0.58488,6.74787,0.34208,2,0,0,0,11,6.54545,8.69692,1.37214,6.00606,1.27378,36.07273,7e-05,0.77238,0.77238,0.77238,0.20384,0.09091,0.24092,9.06544,0.234,2.97297,0.05476
"M1",0,34,0.22285,0,0.68292,828.5932,0.64556,19.53781,0.41675,1,0,0,0,13,10.23077,14.50994,1.03833,10.70945,1.37429,114.69231,7e-05,0.80281,0.80281,0.80281,0.18692,0.07692,0.22862,11.28314,0.22408,3.31707,0.05021
"ANY",0,10,0.15219,0,0.58721,58.5826,0.56717,6.35705,0.32168,2,0,0,0,11,5,5.91608,-1.2,3.31662,0,11,7e-05,0.89623,0.89623,0.89623,0.07798,0.09091,0.27129,10.78279,0.26808,3.27402,0.07187
"ANY",0,10,0.14333,0,0.48234,63.01674,0.46057,5.86667,0.21213,1,0,0,0,11,5,5.91608,-1.2,3.31662,0,11,7e-05,0.88078,0.88078,0.88078,0.10478,0.09091,0.26746,10.58896,0.26381,3.23782,0.0696
"ANY",0,42,0.09336,0,0.98166,650.32415,0.97725,21.23361,0.95501,1,0,0,0,27,14.62963,18.25438,0.6858,11.12567,1.00922,123.78063,7e-05,0.97851,0.97851,0.97851,0.00557,0.03704,0.18832,26.99671,0.18816,5.19569,0.0354
"M1",0,6,0.09047,0,0.31347,19.51203,0.30014,3.60767,0.09008,1,0,0,0,5,2.4,3.16228,1.12852,2.30217,1.03266,5.3,7e-05,0.91262,0.91262,0.91262,0.08469,0.2,0.40989,4.82891,0.40002,2.19161,0.16001
"ANY",0,18,0.08886,0,0.37115,523.03122,0.36037,14.53675,0.12987,1,0,0,0,10,6,7.89937,1.58705,5.41603,1.21168,29.33333,7e-05,0.91732,0.91732,0.91732,0.08053,0.1,0.2912,9.78693,0.28828,3.11906,0.08311
"ANY",0,10,0.08577,0,0.32234,130.01191,0.31073,6.8735,0.09655,1,0,0,0,8,4.25,5.43139,-0.74948,3.61544,0.69828,13.07143,7e-05,0.91786,0.91786,0.91786,0.08033,0.125,0.32575,7.81478,0.32159,2.78742,0.10342
"ANY",0,4,0.0857,0,0.30817,16.94771,0.29602,3.71664,0.08763,1,0,0,0,5,2,2.44949,-1.2,1.58114,0,2.5,0.00013,0.91806,0.91806,0.91806,0.07892,0.2,0.41208,4.85451,0.40282,2.19806,0.16227
"ANY",0,2,0.08181,0,0.28625,7.42307,0.27432,3.06183,0.07525,1,0,0,0,3,1,1.29099,0,1,0,1,7e-05,0.91826,0.91826,0.91826,0.08167,0.33333,0.53225,0,0.5082,1.68194,0.25827
"ANY",0,26,0.0677,0,0.52399,587.3753,0.51962,18.07131,0.27,1,0,0,0,14,7.78571,10.25044,2.84013,6.91908,1.54464,47.87363,7e-05,0.96642,0.96642,0.96642,0.01887,0.07143,0.25835,13.98608,0.25765,3.73908,0.06638
"M1",0,3,0.06649,0,0.28859,27.14963,0.28083,4.8086,0.07887,1,0,0,0,4,1.5,1.87083,-1.2,1.29099,0,1.66667,0.00094,0.94096,0.94096,0.94096,0.05252,0.25,0.47122,3.94731,0.46123,1.98488,0.21273
"M1",0,4,0.06004,0,0.27816,31.53318,0.27161,5.17956,0.07377,1,0,0,0,5,2,2.44949,-1.2,1.58114,0,2.5,7e-05,0.94781,0.94781,0.94781,0.04507,0.2,0.42436,4.95946,0.41846,2.22513,0.17511
