OntoClass,OntoProperty,AntMin,AntMax,DataMin,DataMax,Mean,Mode,Quad. Mean,Kurtosis,Std. Deviation,Skewness,Variance,98P,2P,75P,25P,"Dist, Card.",Dist. Mean.,Dist. Quad. Mean.,Dist. Kur.,Dist. Std. Devi.,Dist. Skew.,Dist. Vari.,P. Min.,P. Max.,P. Mode.,P. 0,P.1,P. Mean,P. Quad. Mean.,P. Kurtosis.,P. Std. Dev.,P. Skew.,P. Vari.
dbo:Award,dbo:wikiPageWikiLink,M0,ANY,0,962,55.72344,1,101.68393,26.62126,85.0713,4.21839,7237.12594,304,0,68,9,289,188.79931,253.91598,4.14398,170.08305,1.84294,28928.24431,0.00036,0.12063,0.12063,0.03385,0.12063,0.00346,0.00892,143.54748,0.00823,10.48625,0.00007
dbo:Award,owl:sameAs,M0,ANY,0,121,5.57148,0,12.26158,17.32523,10.92465,3.45597,119.348,39,0,6,0,73,39.64384,47.37897,0.28728,26.12437,0.68499,682.4825,0.00036,0.51422,0.51422,0.51422,0.08606,0.0137,0.06224,64.76636,0.06113,7.87485,0.00374
dbo:Award,rdf:type,M1,ANY,1,4,2.61613,3,2.79622,-0.76255,0.98746,-0.66261,0.97507,4,1,3,2,4,2.5,2.73861,-1.2,1.29099,0,1.66667,0.03673,0.59417,0.59417,0,0.23875,0.25,0.32725,1.87271,0.24384,1.34967,0.05946
dbo:Award,dbp:wikiPageUsesTemplate,M0,ANY,0,86,1.74469,0,4.5508,95.55153,4.20383,7.47864,17.67218,14,0,3,0,38,20.84211,26.81418,5.40444,17.09675,1.90162,292.29872,0.00036,0.62009,0.62009,0.62009,0.04105,0.02632,0.10363,33.87459,0.10158,5.70125,0.01032
dbo:Award,dbo:wikiPageExternalLink,M0,ANY,0,83,1.6435,1,4.10521,177.16018,3.76254,11.22356,14.15672,8,0,2,0,24,20.16667,29.68726,2.84537,22.25478,1.77358,495.27536,0.00036,0.38567,0.38567,0.29276,0.38567,0.04167,0.10612,7.04178,0.0997,2.76247,0.00994
dbo:Award,dc:subject,M0,ANY,0,12,1.59345,1,2.05865,1.95984,1.30367,1.00255,1.69957,5,0,2,1,9,4.44444,5.61743,1.3213,3.64387,1.01506,13.27778,0.00036,0.33994,0.33994,0.20454,0.33994,0.11111,0.16162,-0.61502,0.12448,0.8257,0.0155
dbo:Award,rdfs:label,M1,M1,0,1,0.96615,1,0.98293,24.62406,0.18087,-5.15813,0.03272,1,0,1,1,2,0.5,0.70711,0,0.70711,0,0.5,0.03385,0.96615,0.96615,0.03385,0.96615,0.5,0.68359,0,0.65924,0,0.43459
dbo:Award,rdfs:comment,M0,M1,0,1,0.84228,1,0.91776,1.53236,0.36455,-1.87916,0.1329,1,0,1,1,2,0.5,0.70711,0,0.70711,0,0.5,0.15772,0.84228,0.84228,0.15772,0.84228,0.5,0.60593,0,0.48405,0,0.23431
dbo:Award,dbo:abstract,M0,M1,0,1,0.84228,1,0.91776,1.53236,0.36455,-1.87916,0.1329,1,0,1,1,2,0.5,0.70711,0,0.70711,0,0.5,0.15772,0.84228,0.84228,0.15772,0.84228,0.5,0.60593,0,0.48405,0,0.23431
dbo:Award,foaf:name,M0,ANY,0,3,0.73281,1,0.88133,-0.15451,0.48971,-0.42168,0.23982,1.44,0,1,0,4,1.5,1.87083,-1.2,1.29099,0,1.66667,0.00108,0.69211,0.69211,0.28808,0.69211,0.25,0.37495,0.30797,0.32268,1.16435,0.10412
dbo:Award,dbo:country,M0,M1,0,3,0.53907,1,0.75166,-0.82446,0.52393,0.1896,0.2745,1,0,1,0,4,1.5,1.87083,-1.2,1.29099,0,1.66667,0.0018,0.51855,0.51855,0.47209,0.51855,0.25,0.35065,-5.86456,0.28391,0.02278,0.08061
dbo:Award,dbo:wikiPageID,M0,M1,0,1,0.51855,1,0.7201,-1.99592,0.49975,-0.07427,0.24975,1,0,1,0,2,0.5,0.70711,0,0.70711,0,0.5,0.48145,0.51855,0.51855,0.48145,0.51855,0.5,0.50034,0,0.02623,0,0.00069
dbo:Award,dbo:wikiPageRevisionID,M0,M1,0,1,0.51855,1,0.7201,-1.99592,0.49975,-0.07427,0.24975,1,0,1,0,2,0.5,0.70711,0,0.70711,0,0.5,0.48145,0.51855,0.51855,0.48145,0.51855,0.5,0.50034,0,0.02623,0,0.00069
dbo:Award,http://www.w3.org/ns/prov#wasDerivedFrom,M0,M1,0,1,0.51855,1,0.7201,-1.99592,0.49975,-0.07427,0.24975,1,0,1,0,2,0.5,0.70711,0,0.70711,0,0.5,0.48145,0.51855,0.51855,0.48145,0.51855,0.5,0.50034,0,0.02623,0,0.00069
dbo:Award,foaf:isPrimaryTopicOf,M0,M1,0,1,0.51855,1,0.7201,-1.99592,0.49975,-0.07427,0.24975,1,0,1,0,2,0.5,0.70711,0,0.70711,0,0.5,0.48145,0.51855,0.51855,0.48145,0.51855,0.5,0.50034,0,0.02623,0,0.00069
dbo:Award,dbo:wikiPageLength,M0,M1,0,1,0.51855,1,0.7201,-1.99592,0.49975,-0.07427,0.24975,1,0,1,0,2,0.5,0.70711,0,0.70711,0,0.5,0.48145,0.51855,0.51855,0.48145,0.51855,0.5,0.50034,0,0.02623,0,0.00069
dbo:Award,dbo:wikiPageOutDegree,M0,M1,0,1,0.51855,1,0.7201,-1.99592,0.49975,-0.07427,0.24975,1,0,1,0,2,0.5,0.70711,0,0.70711,0,0.5,0.48145,0.51855,0.51855,0.48145,0.51855,0.5,0.50034,0,0.02623,0,0.00069
dbo:Award,dbp:nombre,M0,ANY,0,6,0.33921,0,0.66009,9.81344,0.56637,2.21333,0.32077,2,0,1,0,7,3,3.60555,-1.2,2.16025,0,4.66667,0.00036,0.69391,0.69391,0.69391,0.28232,0.14286,0.28324,3.64918,0.26417,1.98441,0.06979
dbo:Award,dbp:año,M0,M1,0,9,0.28952,0,0.64742,39.25926,0.57919,4.16314,0.33546,1,0,1,0,8,4.125,5.13566,-1.27548,3.27054,0.37518,10.69643,0.00036,0.74253,0.74253,0.74253,0.23947,0.125,0.27587,5.64421,0.26291,2.3695,0.06912
dbo:Award,dbo:thumbnail,M0,M1,0,1,0.27512,0,0.52452,-0.98526,0.44665,1.00769,0.1995,1,0,1,0,2,0.5,0.70711,0,0.70711,0,0.5,0.27512,0.72488,0.72488,0.72488,0.27512,0.5,0.54824,0,0.31803,0,0.10114
dbo:Award,foaf:depiction,M0,M1,0,1,0.27512,0,0.52452,-0.98526,0.44665,1.00769,0.1995,1,0,1,0,2,0.5,0.70711,0,0.70711,0,0.5,0.27512,0.72488,0.72488,0.72488,0.27512,0.5,0.54824,0,0.31803,0,0.10114
dbo:Award,http://wikidata.dbpedia.org/property/año,M0,M1,0,6,0.27044,0,0.57339,10.26093,0.5057,2.30845,0.25573,1,0,1,0,6,2.66667,3.31662,-0.3,2.16025,0.46291,4.66667,0.00036,0.74973,0.74973,0.74973,0.23623,0.16667,0.32094,3.92514,0.30045,2.00391,0.09027
dbo:Award,dbp:descripción,M0,M1,0,6,0.26503,0,0.58242,11.93383,0.51872,2.55808,0.26907,1,0,0,0,7,3,3.60555,-1.2,2.16025,0,4.66667,0.00036,0.76053,0.76053,0.76053,0.22182,0.14286,0.29947,5.13761,0.28429,2.26043,0.08082
dbo:Award,dbp:presentador,M0,ANY,0,7,0.24955,0,0.57714,17.22488,0.5205,2.95225,0.27092,2,0,0,0,7,3.14286,3.8545,-0.50341,2.4103,0.36728,5.80952,0.00036,0.77926,0.77926,0.77926,0.1995,0.14286,0.3041,5.55226,0.28996,2.34039,0.08408
dbo:Award,http://wikidata.dbpedia.org/property/descripción,M0,M1,0,5,0.24919,0,0.55455,10.30735,0.4955,2.45805,0.24552,1,0,0,0,6,2.5,3.02765,-1.2,1.87083,0,3.5,0.00036,0.77098,0.77098,0.77098,0.21534,0.16667,0.32682,4.35087,0.30796,2.08898,0.09484
dbo:Award,http://wikidata.dbpedia.org/property/presentador,M0,ANY,0,4,0.20058,0,0.49229,7.99378,0.44966,2.46968,0.20219,1,0,0,0,5,2,2.44949,-1.2,1.58114,0,2.5,0.00072,0.81635,0.81635,0.81635,0.16997,0.2,0.37295,4.11634,0.35194,2.02335,0.12386
dbo:Award,dbp:webOficial,M0,M1,0,1,0.19481,0,0.44138,0.37788,0.39613,1.54195,0.15692,1,0,0,0,2,0.5,0.70711,0,0.70711,0,0.5,0.19481,0.80519,0.80519,0.80519,0.19481,0.5,0.58578,0,0.4316,0,0.18628
dbo:Award,http://wikidata.dbpedia.org/property/webOficial,M0,M1,0,1,0.19445,0,0.44097,0.38684,0.39585,1.54485,0.1567,1,0,0,0,2,0.5,0.70711,0,0.70711,0,0.5,0.19445,0.80555,0.80555,0.80555,0.19445,0.5,0.58597,0,0.43211,0,0.18672
dbo:Award,http://dbpedia.org/property/año,M0,M1,0,4,0.17789,0,0.46405,9.72071,0.42867,2.72805,0.18376,1,0,0,0,5,2,2.44949,-1.2,1.58114,0,2.5,0.00036,0.83651,0.83651,0.83651,0.15304,0.2,0.38033,4.31893,0.36168,2.06966,0.13081
dbo:Award,foaf:homepage,M0,M1,0,1,0.16024,0,0.40031,1.43602,0.3669,1.85337,0.13461,1,0,0,0,2,0.5,0.70711,0,0.70711,0,0.5,0.16024,0.83976,0.83976,0.83976,0.16024,0.5,0.60451,0,0.48049,0,0.23087
dbo:Award,http://dbpedia.org/property/descripción,M0,M1,0,5,0.15916,0,0.44584,20.55048,0.41654,3.4857,0.1735,1,0,0,0,6,2.5,3.02765,-1.2,1.87083,0,3.5,0.00036,0.8538,0.8538,0.8538,0.13756,0.16667,0.35307,5.44833,0.34096,2.32041,0.11625
dbo:Award,http://dbpedia.org/property/webOficial,M0,M1,0,1,0.13684,0,0.36992,2.47304,0.34374,2.11453,0.11816,1,0,0,0,2,0.5,0.70711,0,0.70711,0,0.5,0.13684,0.86316,0.86316,0.86316,0.13684,0.5,0.61797,0,0.51359,0,0.26377
dbo:Award,dbp:imagen,M0,ANY,0,8,0.13108,0,0.53269,88.90845,0.51641,7.63492,0.26667,2,0,0,0,8,3.75,4.58258,-1.05537,2.81577,0.28795,7.92857,0.00036,0.90529,0.90529,0.90529,0.07274,0.125,0.32116,7.84957,0.31626,2.79474,0.10002
dbo:Award,dbp:list,M0,ANY,0,90,0.13,0,2.34025,863.9121,2.33706,26.42584,5.46184,0,0,0,0,10,16.1,30.69691,7.06303,27.54975,2.59835,758.98889,0.00036,0.99028,0.99028,0.99028,0.00432,0.1,0.31316,9.99951,0.31281,3.16217,0.09785
dbo:Award,http://dbpedia.org/property/presentador,M0,ANY,0,4,0.11919,0,0.37523,14.89269,0.35586,3.3804,0.12664,1,0,0,0,5,2,2.44949,-1.2,1.58114,0,2.5,0.00036,0.88945,0.88945,0.88945,0.10371,0.2,0.40048,4.73135,0.38791,2.16738,0.15048
dbo:Award,http://wikidata.dbpedia.org/property/list,M0,ANY,0,89,0.11595,0,2.21511,1003.9063,2.21248,28.59809,4.89505,0,0,0,0,9,17.88889,32.66156,5.28014,28.98467,2.23958,840.11111,0.00036,0.99064,0.99064,0.99064,0.00396,0.11111,0.33022,8.9997,0.32982,2.99993,0.10878
dbo:Award,dbo:wikiPageRedirects,M0,M1,0,1,0.10551,0,0.32482,4.60622,0.30726,2.56961,0.09441,1,0,0,0,2,0.5,0.70711,0,0.70711,0,0.5,0.10551,0.89449,0.89449,0.89449,0.10551,0.5,0.63689,0,0.55789,0,0.31125
dbo:Award,dbp:título,M0,ANY,0,10,0.09615,0,0.52896,109.22589,0.52024,8.8323,0.27065,2,0,0,0,10,4.6,5.51362,-0.84184,3.20416,0.20063,10.26667,0.00036,0.94815,0.94815,0.94815,0.02701,0.1,0.3,9.97512,0.29814,3.15699,0.08889
dbo:Award,dbp:pieDeImagen,M0,ANY,0,3,0.0587,0,0.24669,18.93978,0.23965,4.14776,0.05743,1,0,0,0,3,1.33333,1.82574,0,1.52753,0.93522,2.33333,0.00036,0.94202,0.94202,0.94202,0.05762,0.33333,0.54489,0,0.52792,1.70916,0.2787
dbo:Award,http://wikidata.dbpedia.org/property/pieDeImagen,M0,ANY,0,3,0.05834,0,0.24596,19.12311,0.23899,4.16495,0.05711,1,0,0,0,3,1.33333,1.82574,0,1.52753,0.93522,2.33333,0.00036,0.94238,0.94238,0.94238,0.05726,0.33333,0.54509,0,0.52822,1.70947,0.27902
dbo:Person,dbo:wikiPageWikiLink,M0,ANY,0,1017,29.53399,0,43.65532,43.92857,32.14859,4.50902,1033.53196,117,0,38,12,602,314.01661,371.70808,-0.19263,199.06352,0.48988,39626.28591,0,0.12496,0.12496,0.12496,0.00196,0.00166,0.00693,188.74969,0.00674,11.29397,0.00005
dbo:Person,rdf:type,M1,ANY,1,21,9.37208,1,10.62215,-0.87723,4.99942,-0.91595,24.99417,14,1,13,2,16,9.5,10.93161,-0.42605,5.5857,0.25182,31.2,0,0.22679,0.22679,0,0.22679,0.0625,0.10289,-0.68935,0.08441,0.97064,0.00713
dbo:Person,dc:subject,M0,ANY,0,67,3.77931,2,5.09645,5.52606,3.41916,1.71251,11.69065,13,0,5,1,48,24.3125,28.85199,-0.02334,15.69951,0.50189,246.47473,0,0.14869,0.14869,0.1442,0.12897,0.02083,0.04763,3.30392,0.04328,2.15221,0.00187
dbo:Person,owl:sameAs,M0,ANY,0,129,3.5912,0,8.9282,28.77971,8.17412,4.34683,66.8162,29,0,4,0,129,64.9845,74.91085,-1.19658,37.40989,-0.00246,1399.49976,0,0.67017,0.67017,0.67017,0.00019,0.00775,0.0596,124.2214,0.05932,11.05745,0.00352
dbo:Person,dbp:wikiPageUsesTemplate,M0,ANY,0,63,1.57344,0,3.30228,7.6368,2.90333,2.34971,8.42935,10,0,2,0,47,24.08511,28.64604,-0.35744,15.67583,0.45649,245.73173,0,0.67748,0.67748,0.67748,0.03286,0.02128,0.10003,44.99272,0.0988,6.64553,0.00976
dbo:Person,dbo:wikiPageExternalLink,M0,ANY,0,180,1.45783,0,3.15527,183.76674,2.7983,8.36372,7.83048,9,0,2,0,91,48.53846,59.03836,1.88646,33.79491,1.03518,1142.09573,0,0.48414,0.48414,0.48414,0.20012,0.01099,0.05729,56.88815,0.05654,7.19535,0.0032
dbo:Person,foaf:name,M0,ANY,0,139,1.34945,1,1.74099,1162.77533,1.10001,21.20233,1.21001,3,1,1,1,52,31.25,41.03727,4.13053,26.85829,1.72995,721.36765,0,0.74953,0.74953,0.00348,0.74953,0.01923,0.10742,45.33753,0.10672,6.61416,0.01139
dbo:Person,dbo:birthPlace,M0,ANY,0,7,1.03115,1,1.41967,-0.1086,0.97581,0.71099,0.9522,3,0,2,0,8,3.5,4.1833,-1.2,2.44949,0,6,0,0.35696,0.35696,0.35373,0.35696,0.125,0.19367,-1.29097,0.15814,0.84087,0.02501
dbo:Person,rdfs:label,M1,M1,0,2,0.87573,1,0.93581,3.18887,0.3299,-2.27759,0.10883,1,0,1,1,3,1,1.29099,0,1,0,1,0,0.87572,0.87572,0.12427,0.87572,0.33333,0.51066,0,0.47382,1.59898,0.2245
dbo:Person,rdfs:comment,M0,M1,0,1,0.87224,1,0.93394,2.97359,0.33382,-2.23015,0.11144,1,0,1,1,2,0.5,0.70711,0,0.70711,0,0.5,0.12776,0.87224,0.87224,0.12776,0.87224,0.5,0.62335,0,0.52642,0,0.27712
dbo:Person,dbo:abstract,M0,M1,0,1,0.87224,1,0.93394,2.97359,0.33382,-2.23015,0.11144,1,0,1,1,2,0.5,0.70711,0,0.70711,0,0.5,0.12776,0.87224,0.87224,0.12776,0.87224,0.5,0.62335,0,0.52642,0,0.27712
dbo:Person,foaf:gender,M0,M1,0,1,0.83609,1,0.91438,1.29697,0.37019,-1.81576,0.13704,1,0,1,1,2,0.5,0.70711,0,0.70711,0,0.5,0.16391,0.83609,0.83609,0.16391,0.83609,0.5,0.60246,0,0.4753,0,0.22591
dbo:Person,dbo:birthDate,M0,M1,0,2,0.77329,1,0.87978,-0.28744,0.41958,-1.29055,0.17604,1,0,1,1,3,1,1.29099,0,1,0,1,0.00037,0.77256,0.77256,0.22708,0.77256,0.33333,0.46491,0,0.39691,1.11836,0.15754
dbo:Person,foaf:givenName,M0,ANY,0,5,0.73972,1,0.88994,-0.27213,0.49478,-0.4058,0.24481,2,0,1,0,6,2.5,3.02765,-1.2,1.87083,0,3.5,0.00001,0.68839,0.68839,0.28609,0.68839,0.16667,0.30451,2.62339,0.27918,1.75125,0.07794
dbo:Person,dbo:thumbnail,M0,M1,0,3,0.46628,0,0.68311,-1.96683,0.49922,0.13977,0.24922,1,0,1,0,4,1.5,1.87083,-1.2,1.29099,0,1.66667,0.00001,0.53389,0.53389,0.53389,0.46594,0.25,0.35431,-5.7272,0.28991,0.04736,0.08405
dbo:Person,foaf:depiction,M0,M1,0,2,0.46615,0,0.68284,-1.97734,0.49897,0.13715,0.24897,1,0,1,0,3,1,1.29099,0,1,0,1,0.00006,0.53391,0.53391,0.53391,0.46603,0.33333,0.40916,0,0.29061,-1.62635,0.08446
dbo:Person,foaf:surname,M0,M1,0,1,0.46598,0,0.68263,-1.9814,0.49884,0.13639,0.24884,1,0,1,0,2,0.5,0.70711,0,0.70711,0,0.5,0.46598,0.53402,0.53402,0.53402,0.46598,0.5,0.50116,0,0.04811,0,0.00231
dbo:Person,dbo:deathDate,M0,M1,0,2,0.35872,0,0.59914,-1.63967,0.47988,0.59247,0.23029,1,0,1,0,3,1,1.29099,0,1,0,1,0.00012,0.6414,0.6414,0.6414,0.35848,0.33333,0.42422,0,0.32138,-0.34989,0.10328
dbo:Person,dbo:wikiPageID,M0,M1,0,1,0.3309,0,0.57524,-1.48342,0.47054,0.71874,0.22141,1,0,1,0,2,0.5,0.70711,0,0.70711,0,0.5,0.3309,0.6691,0.6691,0.6691,0.3309,0.5,0.52782,0,0.23914,0,0.05719
dbo:Person,dbo:wikiPageRevisionID,M0,M1,0,1,0.3309,0,0.57524,-1.48342,0.47054,0.71874,0.22141,1,0,1,0,2,0.5,0.70711,0,0.70711,0,0.5,0.3309,0.6691,0.6691,0.6691,0.3309,0.5,0.52782,0,0.23914,0,0.05719
dbo:Person,http://www.w3.org/ns/prov#wasDerivedFrom,M0,M1,0,1,0.3309,0,0.57524,-1.48342,0.47054,0.71874,0.22141,1,0,1,0,2,0.5,0.70711,0,0.70711,0,0.5,0.3309,0.6691,0.6691,0.6691,0.3309,0.5,0.52782,0,0.23914,0,0.05719
dbo:Person,foaf:isPrimaryTopicOf,M0,M1,0,1,0.3309,0,0.57524,-1.48342,0.47054,0.71874,0.22141,1,0,1,0,2,0.5,0.70711,0,0.70711,0,0.5,0.3309,0.6691,0.6691,0.6691,0.3309,0.5,0.52782,0,0.23914,0,0.05719
dbo:Person,dbo:wikiPageLength,M0,M1,0,1,0.3309,0,0.57524,-1.48342,0.47054,0.71874,0.22141,1,0,1,0,2,0.5,0.70711,0,0.70711,0,0.5,0.3309,0.6691,0.6691,0.6691,0.3309,0.5,0.52782,0,0.23914,0,0.05719
dbo:Person,dbo:wikiPageOutDegree,M0,M1,0,1,0.3309,0,0.57524,-1.48342,0.47054,0.71874,0.22141,1,0,1,0,2,0.5,0.70711,0,0.70711,0,0.5,0.3309,0.6691,0.6691,0.6691,0.3309,0.5,0.52782,0,0.23914,0,0.05719
dbo:Person,dbo:deathPlace,M0,ANY,0,6,0.3267,0,0.70591,4.85641,0.62575,2.11758,0.39157,2,0,1,0,7,3,3.60555,-1.2,2.16025,0,4.66667,0.00002,0.74465,0.74465,0.74465,0.19702,0.14286,0.2917,5.48355,0.2747,2.32138,0.07546
dbo:Person,dbp:nombre,M0,ANY,0,118,0.24265,0,0.8863,1288.10685,0.85243,22.93774,0.72664,1,0,0,0,60,31.81667,39.08047,2.65469,22.88475,1.23786,523.71158,0,0.80684,0.80684,0.80684,0.17735,0.01667,0.10666,54.3735,0.10623,7.27212,0.01129
dbo:Person,dbo:nationality,M0 ,M1,0,7,0.20468,0,0.46293,1.69894,0.41523,1.68769,0.17241,1,0,0,0,7,3.14286,3.8545,-0.50341,2.4103,0.36728,5.80952,0,0.79989,0.79989,0.79989,0.19575,0.14286,0.31126,5.64571,0.29869,2.35945,0.08922
dbo:Person,dbo:occupation,M0,ANY,0,16,0.15947,0,0.59588,31.12979,0.57415,4.85287,0.32965,2,0,0,0,15,7.2,8.57127,-0.84562,4.81367,0.23515,23.17143,0,0.90262,0.90262,0.90262,0.05868,0.06667,0.23364,14.83127,0.23179,3.84343,0.05373
dbo:Person,dbp:título,M0,ANY,0,174,0.15926,0,1.21269,2243.73415,1.20218,30.60648,1.44524,2,0,0,0,82,46.37805,59.02779,2.97534,36.73987,1.52889,1349.81828,0,0.94436,0.94436,0.94436,0.02438,0.0122,0.10434,81.84444,0.10426,9.04283,0.01087
dbo:Person,dbo:genre,M0,ANY,0,19,0.15606,0,0.71647,47.87554,0.69926,6.0582,0.48897,3,0,0,0,19,9.10526,10.71398,-1.07892,5.80129,0.09435,33.65497,0,0.93222,0.93222,0.93222,0.02581,0.05263,0.21401,18.94878,0.21312,4.35063,0.04542
dbo:Person,http://wikidata.dbpedia.org/property/título,M0,ANY,0,174,0.14176,0,1.17027,2539.34743,1.16165,32.91944,1.34943,2,0,0,0,81,46.01235,58.76833,3.07025,36.78705,1.56086,1353.28735,0,0.95084,0.95084,0.95084,0.02197,0.01235,0.10569,80.87937,0.10562,8.99019,0.01116
dbo:Person,dc:description,M0,M1,0,1,0.13314,0,0.36489,2.66428,0.33973,2.15969,0.11542,1,0,0,0,2,0.5,0.70711,0,0.70711,0,0.5,0.13314,0.86686,0.86686,0.86686,0.13314,0.5,0.62015,0,0.51881,0,0.26917
dbo:Person,dbp:lugarDeNacimiento,M0,ANY,0,11,0.12121,0,0.4418,23.45851,0.42485,4.35824,0.1805,2,0,0,0,10,4.8,5.84808,-0.61178,3.52136,0.41681,12.4,0,0.90762,0.90762,0.90762,0.07045,0.1,0.28793,9.83622,0.28461,3.12866,0.081
dbo:Person,dbo:related,M0,ANY,0,93,0.11729,0,0.87286,520.99315,0.86494,15.26486,0.74813,2,0,0,0,44,24.93182,31.94349,2.66272,20.20062,1.48753,408.06501,0,0.96529,0.96529,0.96529,0.01033,0.02273,0.14554,43.98055,0.14542,6.63111,0.02115
dbo:Person,dbo:formerTeam,M0,ANY,0,32,0.11086,0,0.80764,136.08237,0.79999,10.17674,0.63999,2,0,0,0,29,14.48276,17.13436,-0.87557,9.31826,0.2614,86.83005,0,0.96995,0.96995,0.96995,0.00711,0.03448,0.18013,28.99276,0.17993,5.38419,0.03237
dbo:Person,foaf:homepage,M0,ANY,0,8,0.11074,0,0.37329,16.52025,0.35649,3.6182,0.12708,1,0,0,0,9,4,4.76095,-1.2,2.73861,0,7.5,0,0.90233,0.90233,0.90233,0.08544,0.11111,0.30215,8.77083,0.29802,2.95162,0.08882
dbo:Person,dbo:hometown,M0,ANY,0,11,0.10211,0,0.47995,25.79933,0.46896,4.95375,0.21992,2,0,0,0,12,5.5,6.49359,-1.2,3.60555,0,13,0,0.94823,0.94823,0.94823,0.01407,0.08333,0.27388,11.9713,0.2725,3.45843,0.07425
dbo:Person,dbp:imagen,M0,ANY,0,13,0.09547,0,0.30996,9.9521,0.29489,2.86956,0.08696,1,0,0,0,7,4.14286,5.79409,2.98089,4.37526,1.63743,19.14286,0,0.90474,0.90474,0.90474,0.09509,0.14286,0.34384,6.74765,0.33782,2.58776,0.11412
dbo:Person,dbp:ocupación,M0,ANY,0,18,0.09492,0,0.44357,62.34826,0.43329,6.70399,0.18774,1,0,0,0,14,6.85714,8.34095,0.4699,4.92805,0.68038,24.28571,0,0.93526,0.93526,0.93526,0.04763,0.07143,0.2503,13.91026,0.24895,3.72541,0.06197
dbo:Person,http://wikidata.dbpedia.org/property/imagen,M0,ANY,0,13,0.09318,0,0.3061,10.21337,0.29157,2.90907,0.08502,1,0,0,0,6,3.83333,5.75905,4.22493,4.70815,1.96747,22.16667,0,0.90699,0.90699,0.90699,0.09286,0.16667,0.37221,5.77534,0.36458,2.3949,0.13292
dbo:Place,dbo:wikiPageWikiLink,M0,ANY,0,2072,22.6209,18,40.86327,363.08275,34.03092,13.99684,1158.1033,94,5,22,12,840,471.63214,582.70147,1.97293,342.40868,1.16598,117243.7012,0,0.06882,0.06882,0.00265,0.00029,0.00119,0.00668,53.37057,0.00657,7.13293,0.00004
dbo:Place,rdf:type,M1,ANY,5,13,8.94913,9,9.04883,1.40283,1.33949,-0.74886,1.79423,11,5,9,9,9,9,9.36305,-1.2,2.73861,0,7.5,0.00006,0.55387,0.55387,0,0,0.11111,0.19663,7.28882,0.17207,2.61603,0.02961
dbo:Place,owl:sameAs,M0,ANY,0,133,6.30385,0,13.49344,10.66135,11.93041,2.63483,142.33458,38,0,7,0,133,66.98496,77.22027,-1.19678,38.5638,-0.00232,1487.16644,0.00001,0.63709,0.63709,0.63709,0.00003,0.00752,0.05561,130.05433,0.05531,11.34639,0.00306
dbo:Place,dc:subject,M0,ANY,0,45,1.7959,1,2.27831,14.97659,1.40195,2.51655,1.96546,6,0,2,1,31,16.06452,19.39904,0.09227,11.05422,0.64767,122.1957,0,0.40267,0.40267,0.08617,0.40267,0.03226,0.09759,11.58401,0.09362,3.48001,0.00877
dbo:Place,dbp:wikiPageUsesTemplate,M0,ANY,0,132,1.5898,0,3.03271,63.56239,2.58261,3.46806,6.66986,7,0,3,0,77,43.14286,53.24069,0.35766,31.40177,0.89403,986.07143,0,0.63587,0.63587,0.63587,0.01163,0.01299,0.0743,69.81075,0.07363,8.19661,0.00542
dbo:Place,foaf:name,M0,ANY,0,14,1.38318,1,1.65578,2.75843,0.91017,1.20068,0.82842,4,0,2,1,11,5.45455,6.742,0.30038,4.15605,0.72944,17.27273,0,0.50569,0.50569,0.11451,0.50569,0.09091,0.18356,3.47178,0.16726,2.03671,0.02797
dbo:Place,dbo:wikiPageExternalLink,M0,ANY,0,150,1.07425,0,2.24591,460.37258,1.97233,11.7855,3.89009,6,0,1,0,68,39.54412,50.29077,2.2296,31.3023,1.35369,979.83385,0,0.48883,0.48883,0.48883,0.2677,0.01471,0.06977,37.01881,0.0687,5.88888,0.00472
dbo:Place,rdfs:label,M1,M1,0,2,0.99904,1,1.00132,216.23279,0.06752,-3.07607,0.00456,1,1,1,1,3,1,1.29099,0,1,0,1,0.0018,0.99544,0.99544,0.00276,0.99544,0.33333,0.57472,0,0.5734,1.73205,0.32879
dbo:Place,rdfs:comment,M0,M1,0,1,0.99582,1,0.99791,234.20683,0.06452,-15.369,0.00416,1,1,1,1,2,0.5,0.70711,0,0.70711,0,0.5,0.00418,0.99582,0.99582,0.00418,0.99582,0.5,0.70416,0,0.70119,0,0.49167
dbo:Place,dbo:abstract,M1,M1,0,1,0.99582,1,0.99791,234.20683,0.06452,-15.369,0.00416,1,1,1,1,2,0.5,0.70711,0,0.70711,0,0.5,0.00418,0.99582,0.99582,0.00418,0.99582,0.5,0.70416,0,0.70119,0,0.49167
dbo:Place,dbo:thumbnail,M0,ANY,0,4,0.70916,1,0.84255,-1.09893,0.45496,-0.90435,0.20699,1,0,1,0,5,2,2.44949,-1.2,1.58114,0,2.5,0.00001,0.70862,0.70862,0.29114,0.70862,0.2,0.34261,1.59067,0.31101,1.5009,0.09673
dbo:Place,foaf:depiction,M0,ANY,0,3,0.709,1,0.8422,-1.14737,0.45455,-0.91549,0.20661,1,0,1,0,4,1.5,1.87083,-1.2,1.29099,0,1.66667,0,0.70871,0.70871,0.29114,0.70871,0.25,0.38309,0.25462,0.33518,1.15727,0.11235
dbo:Place,dbo:country,M0,ANY,0,25,0.66719,1,0.86886,26.19321,0.55658,0.84841,0.30978,2,0,1,0,14,8.78571,11.75646,-0.00042,8.10677,1.10271,65.71978,0,0.59184,0.59184,0.37148,0.59184,0.07143,0.18699,5.82977,0.17934,2.55049,0.03216
dbo:Place,dbo:populationTotal,M0,M1,0,2,0.61946,1,0.79278,-1.56592,0.49474,-0.37986,0.24477,1,0,1,0,3,1,1.29099,0,1,0,1,0.00452,0.61042,0.61042,0.38506,0.61042,0.33333,0.41669,0,0.30624,-0.7384,0.09379
dbo:Place,dbp:tipoSuperior,M0,ANY,0,6,0.55768,0,1.3946,5.14678,1.27824,2.43749,1.6339,5,0,0,0,7,3,3.60555,-1.2,2.16025,0,4.66667,0.00001,0.8006,0.8006,0.8006,0.01727,0.14286,0.30636,6.58505,0.29272,2.54911,0.08569
dbo:Place,dbo:postalCode,M0,ANY,0,14,0.49898,0,0.80453,2.61629,0.6311,1.06837,0.39829,2,0,1,0,13,6.23077,7.46788,-0.76339,4.28474,0.29336,18.35897,0,0.5722,0.5722,0.5722,0.35784,0.07692,0.18817,5.0903,0.17874,2.39946,0.03195
dbo:Place,dbo:areaCode,M0,ANY,0,12,0.48306,0,0.85193,0.87524,0.70174,1.17757,0.49245,2,0,1,0,11,5.36364,6.52965,-0.73368,3.90571,0.41655,15.25455,0,0.63704,0.63704,0.63704,0.24334,0.09091,0.20874,6.77717,0.19707,2.56204,0.03884
dbo:Place,dbo:timeZone,M0,ANY,0,3,0.48245,0,0.87968,-0.18,0.73558,1.16075,0.54108,2,0,1,0,4,1.5,1.87083,-1.2,1.29099,0,1.66667,0.00013,0.66311,0.66311,0.66311,0.19147,0.25,0.35266,2.73953,0.28722,1.50679,0.08249
dbo:Place,dbp:superior,M0,ANY,0,19,0.44709,0,1.27206,9.06747,1.19091,3.12323,1.41826,5,0,0,0,16,8.4375,10.32291,-0.95287,6.14241,0.4599,37.72917,0,0.80734,0.80734,0.80734,0.10727,0.0625,0.20412,15.20904,0.20068,3.86911,0.04027
dbo:Place,dbo:wikiPageOutDegree,M0,M1,0,1,0.36413,0,0.60343,-1.68107,0.48119,0.56474,0.23154,1,0,1,0,2,0.5,0.70711,0,0.70711,0,0.5,0.36413,0.63587,0.63587,0.63587,0.36413,0.5,0.51813,0,0.19215,0,0.03692
dbo:Place,dbo:wikiPageLength,M0,M1,0,1,0.36413,0,0.60343,-1.68107,0.48119,0.56474,0.23154,1,0,1,0,2,0.5,0.70711,0,0.70711,0,0.5,0.36413,0.63587,0.63587,0.63587,0.36413,0.5,0.51813,0,0.19215,0,0.03692
dbo:Place,dbo:wikiPageRevisionID,M0,M1,0,1,0.36413,0,0.60343,-1.68107,0.48119,0.56474,0.23154,1,0,1,0,2,0.5,0.70711,0,0.70711,0,0.5,0.36413,0.63587,0.63587,0.63587,0.36413,0.5,0.51813,0,0.19215,0,0.03692
dbo:Place,dbo:wikiPageID,M0,M1,0,1,0.36413,0,0.60343,-1.68107,0.48119,0.56474,0.23154,1,0,1,0,2,0.5,0.70711,0,0.70711,0,0.5,0.36413,0.63587,0.63587,0.63587,0.36413,0.5,0.51813,0,0.19215,0,0.03692
dbo:Place,foaf:isPrimaryTopicOf,M0,M1,0,1,0.36413,0,0.60343,-1.68106,0.48118,0.56475,0.23154,1,0,1,0,2,0.5,0.70711,0,0.70711,0,0.5,0.36413,0.63587,0.63587,0.63587,0.36413,0.5,0.51813,0,0.19216,0,0.03692
dbo:Place,http://www.w3.org/ns/prov#wasDerivedFrom,M0,M1,0,1,0.36413,0,0.60343,-1.68106,0.48118,0.56475,0.23154,1,0,1,0,2,0.5,0.70711,0,0.70711,0,0.5,0.36413,0.63587,0.63587,0.63587,0.36413,0.5,0.51813,0,0.19216,0,0.03692
dbo:Place,dbp:nombre,M0,ANY,0,75,0.33162,0,0.72224,938.88323,0.64161,15.12685,0.41167,2,0,1,0,41,22.46341,27.79323,1.70368,16.5697,1.11237,274.55488,0,0.69931,0.69931,0.69931,0.28036,0.02439,0.11769,30.08023,0.11657,5.37008,0.01359
dbo:Place,http://wikidata.dbpedia.org/property/superior,M0,ANY,0,19,0.33113,0,0.95069,10.11772,0.89116,3.11793,0.79416,4,0,0,0,16,8.4375,10.32291,-0.95287,6.14241,0.4599,37.72917,0,0.83447,0.83447,0.83447,0.08549,0.0625,0.21001,15.54802,0.20707,3.92406,0.04288
dbo:Place,http://dbpedia.org/property/superior,M0,ANY,0,19,0.26422,0,0.81926,11.68953,0.77548,3.31696,0.60137,3,0,0,0,15,7.8,9.59514,-0.48053,5.78421,0.60652,33.45714,0,0.86484,0.86484,0.86484,0.06666,0.06667,0.22425,14.72773,0.22163,3.82527,0.04912
dbo:Place,dbo:region,M0,M1,0,6,0.2395,0,0.49257,-0.10267,0.43042,1.28433,0.18526,1,0,0,0,6,2.83333,3.53553,-1.41777,2.31661,0.30029,5.36667,0,0.76202,0.76202,0.76202,0.23648,0.16667,0.32573,3.94984,0.30657,2.00911,0.09399
dbo:Place,dbp:población,M0,M1,0,18,0.23054,0,0.4808,4.2549,0.42193,1.38807,0.17802,1,0,0,0,5,4.8,8.22192,4.55882,7.46324,2.11161,55.7,0,0.76957,0.76957,0.76957,0.23036,0.2,0.35925,3.09873,0.33365,1.8039,0.11132
dbo:Place,dbp:horario,M0,ANY,0,4,0.22976,0,0.64413,5.5228,0.60176,2.57418,0.36211,2,0,0,0,5,2,2.44949,-1.2,1.58114,0,2.5,0,0.85658,0.85658,0.85658,0.06333,0.2,0.38555,4.84006,0.36852,2.19134,0.13581
dbo:Place,dbp:mapaLoc,M0,ANY,0,4,0.21958,0,0.52209,3.59468,0.47367,2.07562,0.22436,2,0,0,0,5,2,2.44949,-1.2,1.58114,0,2.5,0,0.80686,0.80686,0.80686,0.16676,0.2,0.36865,4.15412,0.34624,2.03,0.11988
dbo:Place,http://wikidata.dbpedia.org/property/tipoSuperior,M0,ANY,0,4,0.21817,0,0.59153,5.65954,0.54982,2.54525,0.30231,2,0,0,0,5,2,2.44949,-1.2,1.58114,0,2.5,0.00005,0.84476,0.84476,0.84476,0.0952,0.2,0.38104,4.75801,0.36261,2.1699,0.13149
dbo:Place,dbp:superficie,M0,M1,0,8,0.20786,0,0.45693,0.4812,0.40691,1.47512,0.16558,1,0,0,0,6,3,3.95811,1.66875,2.82843,1.19324,8,0,0.79249,0.79249,0.79249,0.20724,0.16667,0.33441,4.51652,0.31759,2.12287,0.10086
dbo:Place,dbp:poblaciónAño,M0,M1,0,3,0.19466,0,0.44316,0.65565,0.39812,1.58449,0.1585,1,0,0,0,4,1.5,1.87083,-1.2,1.29099,0,1.66667,0.00001,0.8062,0.8062,0.8062,0.19295,0.25,0.41448,2.74081,0.38175,1.68713,0.14573
dbo:Place,http://wikidata.dbpedia.org/property/poblaciónAño,M0,M1,0,3,0.1938,0,0.44052,0.44205,0.3956,1.5556,0.1565,1,0,0,0,4,1.5,1.87083,-1.2,1.29099,0,1.66667,0,0.80632,0.80632,0.80632,0.19355,0.25,0.41461,2.72921,0.38193,1.68448,0.14587
dbo:Place,http://wikidata.dbpedia.org/property/mapaLoc,M0,ANY,0,3,0.19099,0,0.45779,2.83047,0.41605,1.95295,0.1731,1,0,0,0,4,1.5,1.87083,-1.2,1.29099,0,1.66667,0.00001,0.8183,0.8183,0.8183,0.17242,0.25,0.41816,3.07626,0.38705,1.76484,0.14981
dbo:Place,http://wikidata.dbpedia.org/property/superficie,M0,M1,0,4,0.17853,0,0.42312,0.96254,0.38362,1.69577,0.14716,1,0,0,0,5,2,2.44949,-1.2,1.58114,0,2.5,0,0.8217,0.8217,0.8217,0.1781,0.2,0.37601,4.00074,0.35599,1.9978,0.12673
dbo:Place,http://dbpedia.org/property/poblaciónAño,M0,M1,0,3,0.16085,0,0.40108,1.41592,0.36742,1.84709,0.135,1,0,0,0,4,1.5,1.87083,-1.2,1.29099,0,1.66667,0,0.83916,0.83916,0.83916,0.16083,0.25,0.42722,3.20966,0.40002,1.79704,0.16002
dbo:Place,foaf:homepage,M0,ANY,0,3,0.1546,0,0.40309,3.35463,0.37227,2.1409,0.13858,1,0,0,0,4,1.5,1.87083,-1.2,1.29099,0,1.66667,0.00003,0.84931,0.84931,0.84931,0.1468,0.25,0.43096,3.37964,0.40534,1.8382,0.1643
dbo:MusicalWork,dbo:wikiPageWikiLink,M0,ANY,0,640,28.06072,15,38.63767,37.09982,26.56074,4.53596,705.47271,106,5,33,14,336,178.12202,213.10665,0.33845,117.16589,0.67478,13727.84477,0.00001,0.03821,0.03821,0.011,0.00015,0.00298,0.00826,9.74313,0.00772,3.21203,0.00006
dbo:MusicalWork,rdf:type,M1,ANY,6,11,8.59149,9,8.60953,2.94851,0.55701,-1.34424,0.31026,9,8,9,8,6,8.5,8.66987,-1.2,1.87083,0,3.5,0.00001,0.6142,0.6142,0,0,0.16667,0.29359,0.13774,0.26477,1.30833,0.0701
dbo:MusicalWork,dbo:title,M0,ANY,0,474,4.96272,0,10.12678,338.30994,8.82744,9.50589,77.92378,26,0,9,0,101,63.60396,92.99249,15.77424,68.17743,3.43619,4648.16158,0.00001,0.31922,0.31922,0.31922,0.28969,0.0099,0.04407,43.70788,0.04316,6.55637,0.00186
dbo:MusicalWork,dbo:runtime,M0,ANY,0,264,4.58549,1,8.83755,67.55089,7.55487,4.4944,57.07608,24,0,7,1,86,49.32558,64.14972,8.66288,41.25486,2.26184,1701.96334,0.00001,0.44184,0.44184,0.2169,0.44184,0.01163,0.0538,55.25799,0.05284,7.20346,0.00279
dbo:MusicalWork,dbo:Work/runtime,M0,ANY,0,264,4.58549,1,8.83755,67.55089,7.55487,4.4944,57.07608,24,0,7,1,86,49.32558,64.14972,8.66288,41.25486,2.26184,1701.96334,0.00001,0.44184,0.44184,0.2169,0.44184,0.01163,0.0538,55.25799,0.05284,7.20346,0.00279
dbo:MusicalWork,owl:sameAs,M0,ANY,0,61,3.14712,0,6.43892,8.5905,5.61744,2.53053,31.55569,20,0,5,0,60,30.5,35.12976,-1.16957,17.5784,0,309,0.00001,0.63331,0.63331,0.63331,0.00014,0.01667,0.08307,56.66213,0.08207,7.44287,0.00674
dbo:MusicalWork,dc:subject,M0,ANY,0,42,3.08341,2,3.86017,32.06207,2.32241,3.97336,5.39358,9,0,4,2,41,20.09756,23.40732,-1.12904,12.14867,0.04869,147.59024,0.00001,0.3172,0.3172,0.02681,0.13469,0.02439,0.06918,11.61563,0.06554,3.36338,0.0043
dbo:MusicalWork,dbp:wikiPageUsesTemplate,M0,ANY,0,59,1.46983,0,3.29544,24.3915,2.94951,3.93027,8.69962,10,0,2,0,45,22.4,26.32363,-0.47864,13.98278,0.2979,195.51818,0.00001,0.63077,0.63077,0.63077,0.06677,0.02222,0.09639,40.93554,0.09485,6.28357,0.009
dbo:MusicalWork,dbp:title,M0,ANY,0,436,1.45269,0,5.61273,692.83277,5.42151,14.05193,29.39273,17,0,0,0,100,62.25,89.02309,15.82133,63.96059,3.41485,4090.95707,0.00001,0.87886,0.87886,0.87886,0.0105,0.01,0.08793,99.81383,0.0878,9.98625,0.00771
dbo:MusicalWork,dbo:genre,M0,ANY,0,14,1.35347,1,1.74705,2.79949,1.10469,1.16959,1.22034,4,0,2,1,13,6.15385,7.34847,-0.67726,4.18023,0.26853,17.47436,0.00001,0.41681,0.41681,0.21118,0.41681,0.07692,0.14809,2.78005,0.13172,1.83039,0.01735
dbo:MusicalWork,dbp:length,M0,ANY,0,263,1.34506,0,4.96919,174.02323,4.78371,7.69396,22.88384,16,0,0,0,91,50.15385,64.27328,9.81659,40.4178,2.36132,1633.59829,0.00001,0.88687,0.88687,0.88687,0.00454,0.01099,0.09301,90.86243,0.09287,9.52874,0.00863
dbo:MusicalWork,dbo:wikiPageExternalLink,M0,ANY,0,87,1.02618,0,2.09896,163.07643,1.83102,6.51733,3.35264,6,0,1,0,28,16.35714,23.1563,11.83819,16.69157,2.99259,278.60847,0.00002,0.52508,0.52508,0.52508,0.25245,0.03571,0.11241,16.50794,0.10854,3.95467,0.01178
dbo:MusicalWork,rdfs:label,M1,M1,0,1,0.989,1,0.99448,85.89105,0.10432,-9.37494,0.01088,1,1,1,1,2,0.5,0.70711,0,0.70711,0,0.5,0.011,0.989,0.989,0.011,0.989,0.5,0.69937,0,0.69154,0,0.47823
dbo:MusicalWork,rdfs:comment,M0,M1,0,1,0.98494,1,0.99244,61.42971,0.12178,-7.9642,0.01483,1,1,1,1,2,0.5,0.70711,0,0.70711,0,0.5,0.01506,0.98494,0.98494,0.01506,0.98494,0.5,0.69654,0,0.68581,0,0.47034
dbo:MusicalWork,dbo:abstract,M1,M1,0,1,0.98494,1,0.99244,61.42971,0.12178,-7.9642,0.01483,1,1,1,1,2,0.5,0.70711,0,0.70711,0,0.5,0.01506,0.98494,0.98494,0.01506,0.98494,0.5,0.69654,0,0.68581,0,0.47034
dbo:MusicalWork,dbo:notes,M0,ANY,0,95,0.77526,0,2.87148,146.94209,2.76486,8.47988,7.64445,9,0,0,0,51,28.56863,35.87697,1.55071,21.91826,1.20962,480.4102,0.00001,0.83195,0.83195,0.83195,0.046,0.01961,0.11683,50.45742,0.11632,7.08684,0.01353
dbo:MusicalWork,dbo:writer,M0,ANY,0,81,0.76174,0,2.18583,113.43086,2.04881,7.75599,4.19763,6,0,1,0,51,25.98039,30.98988,0.71513,17.06164,0.67321,291.09961,0.00001,0.69112,0.69112,0.69112,0.15924,0.01961,0.09988,44.81733,0.09891,6.56825,0.00978
dbo:MusicalWork,dbo:recordLabel,M0,ANY,0,8,0.76143,1,1.02776,1.89976,0.69031,0.8514,0.47652,2,0,1,0,8,3.625,4.4017,-0.65152,2.66927,0.29576,7.125,0.00002,0.53061,0.53061,0.36343,0.53061,0.125,0.22965,1.08639,0.20595,1.5516,0.04242
dbo:MusicalWork,dbo:previousWork,M0,ANY,0,10,0.67608,1,0.88506,0.48751,0.57118,0.24392,0.32625,2,0,1,0,8,3.875,4.88621,0.90645,3.18198,0.89625,10.125,0.00001,0.57361,0.57361,0.37573,0.57361,0.125,0.24308,1.45091,0.22287,1.64996,0.04967
dbo:MusicalWork,dbo:subsequentWork,M0,ANY,0,6,0.67429,1,0.88331,-0.22101,0.57059,0.20263,0.32558,2,0,1,0,7,3,3.60555,-1.2,2.16025,0,4.66667,0.00001,0.57216,0.57216,0.3773,0.57216,0.14286,0.25973,0.59718,0.23429,1.44399,0.05489
dbo:MusicalWork,dbo:producer,M0,ANY,0,26,0.62997,0,1.13214,37.68005,0.94068,4.06743,0.88489,3,0,1,0,20,9.85,11.80042,0.15996,6.66708,0.54209,44.45,0.00001,0.5315,0.5315,0.5315,0.37254,0.05,0.14594,8.39108,0.14067,3.0094,0.01979
dbo:MusicalWork,dbp:nombre,M0,ANY,0,55,0.39288,0,0.82941,549.69803,0.73047,13.94324,0.53358,1,0,1,0,29,15.37931,19.20129,3.3613,11.69986,1.4004,136.8867,0.00001,0.63894,0.63894,0.63894,0.34944,0.03448,0.13524,16.87858,0.13308,4.08513,0.01771
dbo:MusicalWork,dbp:discográfica,M0,ANY,0,8,0.38627,0,0.75027,5.17204,0.6432,1.92416,0.41371,2,0,1,0,9,4,4.76095,-1.2,2.73861,0,7.5,0.00002,0.68476,0.68476,0.68476,0.25795,0.11111,0.24442,5.7585,0.23091,2.39959,0.05332
dbo:MusicalWork,dbo:wikiPageID,M0,M1,0,1,0.36923,0,0.60765,-1.70633,0.4826,0.54194,0.2329,1,0,1,0,2,0.5,0.70711,0,0.70711,0,0.5,0.36923,0.63077,0.63077,0.63077,0.36923,0.5,0.51682,0,0.18493,0,0.0342
dbo:MusicalWork,dbo:wikiPageRevisionID,M0,M1,0,1,0.36923,0,0.60765,-1.70633,0.4826,0.54194,0.2329,1,0,1,0,2,0.5,0.70711,0,0.70711,0,0.5,0.36923,0.63077,0.63077,0.63077,0.36923,0.5,0.51682,0,0.18493,0,0.0342
dbo:MusicalWork,http://www.w3.org/ns/prov#wasDerivedFrom,M0,M1,0,1,0.36923,0,0.60765,-1.70633,0.4826,0.54194,0.2329,1,0,1,0,2,0.5,0.70711,0,0.70711,0,0.5,0.36923,0.63077,0.63077,0.63077,0.36923,0.5,0.51682,0,0.18493,0,0.0342
dbo:MusicalWork,foaf:isPrimaryTopicOf,M0,M1,0,1,0.36923,0,0.60765,-1.70633,0.4826,0.54194,0.2329,1,0,1,0,2,0.5,0.70711,0,0.70711,0,0.5,0.36923,0.63077,0.63077,0.63077,0.36923,0.5,0.51682,0,0.18493,0,0.0342
dbo:MusicalWork,dbo:wikiPageLength,M0,M1,0,1,0.36923,0,0.60765,-1.70633,0.4826,0.54194,0.2329,1,0,1,0,2,0.5,0.70711,0,0.70711,0,0.5,0.36923,0.63077,0.63077,0.63077,0.36923,0.5,0.51682,0,0.18493,0,0.0342
dbo:MusicalWork,dbo:wikiPageOutDegree,M0,M1,0,1,0.36923,0,0.60765,-1.70633,0.4826,0.54194,0.2329,1,0,1,0,2,0.5,0.70711,0,0.70711,0,0.5,0.36923,0.63077,0.63077,0.63077,0.36923,0.5,0.51682,0,0.18493,0,0.0342
dbo:MusicalWork,foaf:name,M0,ANY,0,25,0.36146,0,0.74118,178.66414,0.64706,7.32384,0.41869,2,0,1,0,16,9.875,12.5,-0.59572,7.91518,0.6927,62.65,0.00003,0.67848,0.67848,0.67848,0.29631,0.0625,0.18515,10.25863,0.18,3.17897,0.0324
dbo:MusicalWork,dbp:género,M0,ANY,0,14,0.36119,0,0.93126,11.6527,0.85837,3.04622,0.73679,3,0,0,0,12,5.75,6.95821,-0.12136,4.09268,0.49232,16.75,0.00001,0.7969,0.7969,0.7969,0.10573,0.08333,0.2328,11.36298,0.22704,3.34411,0.05155
dbo:MusicalWork,dbo:type,M0,M1,0,3,0.35997,0,0.60188,-1.51518,0.48238,0.61668,0.23269,1,0,1,0,4,1.5,1.87083,-1.2,1.29099,0,1.66667,0.00005,0.64113,0.64113,0.64113,0.35782,0.25,0.36711,-2.26875,0.31042,0.66943,0.09636
dbo:MusicalWork,dbp:writer,M0,ANY,0,86,0.35652,0,2.27557,194.52275,2.24748,10.83511,5.05116,7,0,0,0,58,31.75862,38.90661,-0.02222,22.67103,0.78083,513.9758,0.00001,0.95589,0.95589,0.95589,0.00437,0.01724,0.12552,57.98798,0.12542,7.61461,0.01573
dbo:MusicalWork,dbp:productor,M0,ANY,0,26,0.35574,0,0.85795,100.34575,0.78072,6.80136,0.60953,2,0,1,0,23,11.26087,13.31067,-0.78006,7.25645,0.24299,52.65613,0.00001,0.72198,0.72198,0.72198,0.23507,0.04348,0.15845,18.18114,0.15579,4.18463,0.02427
dbo:MusicalWork,dbo:format,M0,ANY,0,7,0.34006,0,0.79968,6.48882,0.72378,2.4496,0.52386,3,0,0,0,8,3.5,4.1833,-1.2,2.44949,0,6,0.00006,0.77305,0.77305,0.77305,0.14452,0.125,0.27888,7.16053,0.26651,2.6477,0.07103
dbo:MusicalWork,dbo:review,M0,ANY,0,21,0.33571,0,1.16125,48.64392,1.11167,5.96805,1.23581,4,0,0,0,20,9.6,11.29159,-0.99231,6.09918,0.11636,37.2,0.00003,0.8367,0.8367,0.8367,0.09788,0.05,0.18852,19.34238,0.18649,4.37373,0.03478
dbo:MusicalWork,dbo:artist,M0,ANY,0,5,0.32356,0,0.57335,-0.36646,0.47332,0.88613,0.22403,1,0,1,0,6,2.5,3.02765,-1.2,1.87083,0,3.5,0.00006,0.67826,0.67826,0.67826,0.32044,0.16667,0.30625,1.79659,0.28144,1.60306,0.07921
dbo:MusicalWork,dbp:duración,M0,ANY,0,37,0.3152,0,0.78425,380.02979,0.71813,12.99428,0.51571,2,0,1,0,30,15.46667,18.42643,-0.86024,10.18699,0.31278,103.77471,0.00001,0.72531,0.72531,0.72531,0.2523,0.03333,0.14024,23.32218,0.13855,4.73451,0.0192
dbo:MusicalWork,dbo:musicalArtist,M0,ANY,0,10,0.30823,0,0.57809,5.82128,0.48907,1.48832,0.23919,1,0,1,0,9,4.44444,5.4569,-0.93606,3.35824,0.36881,11.27778,0.00001,0.70144,0.70144,0.70144,0.2907,0.11111,0.25311,5.20142,0.24121,2.31537,0.05818
dbo:MusicalWork,dbp:tipo,M0,ANY,0,6,0.28293,0,0.53836,-0.07686,0.45802,1.10346,0.20979,1,0,1,0,7,3,3.60555,-1.2,2.16025,0,4.66667,0.00001,0.72019,0.72019,0.72019,0.27691,0.14286,0.29163,3.90998,0.27462,2.03283,0.07542
dbo:Film,dbo:wikiPageWikiLink,M0,ANY,0,590,27.6483,14,39.68642,37.14071,28.47098,4.6171,810.59682,110,2,33,13,327,174.57492,208.47989,-0.16651,114.1372,0.55885,13027.30035,0.00002,0.03409,0.03409,0.00138,0.01743,0.00306,0.00796,7.36851,0.00737,2.86853,0.00005
dbo:Film,rdf:type,M1,ANY,7,10,7.00498,7,7.00541,503.86355,0.07758,19.47874,0.00602,7,7,7,7,4,8.5,8.57321,-1.2,1.29099,0,1.66667,0.00002,0.99537,0.99537,0,0,0.25,0.49769,3.99966,0.49692,1.9999,0.24693
dbo:Film,owl:sameAs,M0,ANY,0,86,4.74892,0,10.14221,8.25528,8.96179,2.61141,80.31365,33,0,6,0,78,40.15385,46.61737,-1.01031,23.83552,0.14143,568.13187,0.00002,0.62965,0.62965,0.62965,0.00005,0.01282,0.07199,75.51302,0.0713,8.62926,0.00508
dbo:Film,dbo:starring,M0,ANY,0,44,3.40429,0,4.91008,4.65415,3.53835,1.50175,12.51992,13,0,5,0,42,20.7619,24.24871,-1.10237,12.67956,0.09137,160.7712,0.00002,0.32428,0.32428,0.32428,0.05321,0.02381,0.06102,19.22385,0.05686,3.99662,0.00323
dbo:Film,dc:subject,M0,ANY,0,26,3.11424,1,4.20123,3.0503,2.81993,1.40085,7.95199,11,0,5,1,24,11.625,13.64887,-0.95708,7.30582,0.12982,53.375,0.00005,0.17209,0.17209,0.16822,0.17209,0.04167,0.07268,0.25091,0.06083,1.32455,0.0037
dbo:Film,dbp:reparto,M0,ANY,0,45,1.66078,0,3.74461,9.42363,3.35621,2.61311,11.26413,12,0,2,0,41,20.39024,23.89816,-1.00933,12.61919,0.15415,159.2439,0.00002,0.72599,0.72599,0.72599,0.01967,0.02439,0.11416,40.07261,0.11291,6.29901,0.01275
dbo:Film,foaf:name,M0,ANY,0,18,1.63984,1,1.91521,5.7229,0.98944,1.17463,0.97899,4,0,2,1,11,5.72727,7.44067,3.17427,4.98179,1.50879,24.81818,0.00005,0.44637,0.44637,0.07001,0.44637,0.09091,0.17042,2.38887,0.15119,1.80447,0.02286
dbo:Film,dbp:wikiPageUsesTemplate,M0,ANY,0,110,1.44625,0,4.56617,217.32182,4.33112,12.8613,18.75857,8,0,2,0,91,49.06593,57.31933,-1.22676,29.7959,0.01611,887.7956,0.00002,0.62691,0.62691,0.62691,0.0572,0.01099,0.06775,80.67331,0.06722,8.78335,0.00452
dbo:Film,dbo:wikiPageExternalLink,M0,ANY,0,70,1.2864,0,2.56585,129.33845,2.2201,7.35748,4.92885,7,0,2,0,38,21.34211,27.05696,1.73356,16.85435,1.2842,284.06899,0.00002,0.46319,0.46319,0.46319,0.21286,0.02632,0.08861,19.23808,0.08575,4.22079,0.00735
dbo:Film,rdfs:label,M1,M1,0,5,1.00627,1,1.00976,275.81161,0.08394,14.1812,0.00705,1,1,1,1,6,2.5,3.02765,-1.2,1.87083,0,3.5,0.00002,0.99372,0.99372,0.00012,0.99372,0.16667,0.40569,5.99928,0.40518,2.4493,0.16417
dbo:Film,rdfs:comment,M0,M1,0,1,0.99578,1,0.99789,232.1861,0.0648,-15.30288,0.0042,1,1,1,1,2,0.5,0.70711,0,0.70711,0,0.5,0.00422,0.99578,0.99578,0.00422,0.99578,0.5,0.70413,0,0.70114,0,0.4916
dbo:Film,dbo:abstract,M1,M1,0,1,0.99578,1,0.99789,232.1861,0.0648,-15.30288,0.0042,1,1,1,1,2,0.5,0.70711,0,0.70711,0,0.5,0.00422,0.99578,0.99578,0.00422,0.99578,0.5,0.70413,0,0.70114,0,0.4916
dbo:Film,dbo:runtime,M0,M1,0,7,0.82064,1,0.92951,5.06559,0.43653,-0.41222,0.19056,1,0,1,1,7,3.14286,3.8545,-0.50341,2.4103,0.36728,5.80952,0.00002,0.7895,0.7895,0.19659,0.7895,0.14286,0.30755,5.61647,0.29417,2.35339,0.08654
dbo:Film,dbo:Work/runtime,M0,ANY,0,7,0.82064,1,0.92951,5.06559,0.43653,-0.41222,0.19056,1,0,1,1,7,3.14286,3.8545,-0.50341,2.4103,0.36728,5.80952,0.00002,0.7895,0.7895,0.19659,0.7895,0.14286,0.30755,5.61647,0.29417,2.35339,0.08654
dbo:Film,dbo:writer,M0,ANY,0,17,0.70218,0,1.15688,14.75467,0.91942,2.37962,0.84534,3,0,1,0,17,8.11765,9.57939,-1.05813,5.24264,0.11344,27.48529,0.00002,0.50376,0.50376,0.50376,0.3546,0.05882,0.15156,6.30424,0.14397,2.64602,0.02073
dbo:Film,dbo:director,M0 ,ANY,0,13,0.64661,1,0.88119,27.98561,0.59865,2.23488,0.35839,2,0,1,0,14,6.5,7.64853,-1.2,4.1833,0,17.5,0.00002,0.58265,0.58265,0.39099,0.58265,0.07143,0.18762,5.36278,0.18004,2.49412,0.03241
dbo:Film,dbo:imdbId,M0,ANY,0,9,0.63936,1,0.80197,2.85431,0.48412,-0.3028,0.23437,1,0,1,0,4,3,4.63681,3.228,4.08248,1.76363,16.66667,0.00005,0.6388,0.6388,0.3611,0.6388,0.25,0.3669,-2.392,0.31008,0.64647,0.09615
dbo:Film,dbo:genre,M0,ANY,0,9,0.51684,0,0.9712,5.38562,0.82227,2.01175,0.67613,3,0,1,0,9,4.11111,4.95536,-0.76046,2.93447,0.24184,8.61111,0.00002,0.63454,0.63454,0.63454,0.25903,0.11111,0.22993,5.26652,0.21351,2.30165,0.04559
dbo:Film,dbp:producción,M0,ANY,0,16,0.48937,0,1.19977,14.40402,1.09543,3.21501,1.19997,4,0,0,0,15,7.2,8.57127,-0.84562,4.81367,0.23515,23.17143,0.00002,0.75218,0.75218,0.75218,0.12784,0.06667,0.19777,13.83431,0.19273,3.67713,0.03715
dbo:Film,dbp:guion,M0,ANY,0,18,0.47749,0,1.05995,18.74649,0.94631,3.1364,0.89551,3,0,1,0,18,8.72222,10.30911,-1.14058,5.65483,0.12018,31.97712,0.00002,0.71433,0.71433,0.71433,0.1666,0.05556,0.17393,15.49971,0.16959,3.86627,0.02876
dbo:Film,dbo:producer,M0,ANY,0,14,0.47515,0,0.97301,13.4833,0.84912,2.79593,0.721,3,0,1,0,15,7,8.22598,-1.2,4.47214,0,20,0.00002,0.67147,0.67147,0.67147,0.23454,0.06667,0.18442,10.99404,0.17798,3.25632,0.03168
dbo:Film,dbo:musicComposer,M0,ANY,0,28,0.4449,0,0.82336,88.74418,0.69281,4.65182,0.47999,2,0,1,0,17,9.35294,11.88919,1.03559,7.56589,1.10128,57.24265,0.00002,0.61817,0.61817,0.61817,0.34026,0.05882,0.17131,8.90245,0.16584,3.02092,0.0275
dbo:Film,dbp:título,M0,ANY,0,94,0.43813,0,1.26497,1723.71109,1.18668,29.68379,1.40822,3,0,1,0,36,25.72222,34.93884,1.23833,23.98048,1.34505,575.06349,0.00002,0.68822,0.68822,0.68822,0.23729,0.02778,0.12169,28.00346,0.12015,5.17292,0.01444
dbo:Film,dbo:country,M0,ANY,0,9,0.41209,0,0.75668,8.42926,0.63462,2.06272,0.40275,2,0,1,0,10,4.5,5.33854,-1.2,3.02765,0,9.16667,0.00002,0.64564,0.64564,0.64564,0.31218,0.1,0.22701,5.02205,0.21482,2.3114,0.04615
dbo:Film,dbp:género,M0,ANY,0,10,0.39934,0,0.85326,10.10207,0.75405,2.63001,0.5686,3,0,1,0,11,5,5.91608,-1.2,3.31662,0,11,0.00002,0.71017,0.71017,0.71017,0.21788,0.09091,0.22448,8.45359,0.21526,2.86691,0.04634
dbo:Film,dbp:país,M0,ANY,0,9,0.38084,0,0.75064,7.9438,0.64686,2.21635,0.41843,2,0,1,0,10,4.5,5.33854,-1.2,3.02765,0,9.16667,0.00002,0.68567,0.68567,0.68567,0.26624,0.1,0.23288,6.42181,0.22169,2.53148,0.04915
dbo:Film,dbo:wikiPageID,M0,M1,0,1,0.37309,0,0.61081,-1.72458,0.48363,0.52486,0.2339,1,0,1,0,2,0.5,0.70711,0,0.70711,0,0.5,0.37309,0.62691,0.62691,0.62691,0.37309,0.5,0.51586,0,0.17948,0,0.03221
dbo:Film,dbo:wikiPageRevisionID,M0,M1,0,1,0.37309,0,0.61081,-1.72458,0.48363,0.52486,0.2339,1,0,1,0,2,0.5,0.70711,0,0.70711,0,0.5,0.37309,0.62691,0.62691,0.62691,0.37309,0.5,0.51586,0,0.17948,0,0.03221
dbo:Film,http://www.w3.org/ns/prov#wasDerivedFrom,M0,M1,0,1,0.37309,0,0.61081,-1.72458,0.48363,0.52486,0.2339,1,0,1,0,2,0.5,0.70711,0,0.70711,0,0.5,0.37309,0.62691,0.62691,0.62691,0.37309,0.5,0.51586,0,0.17948,0,0.03221
dbo:Film,foaf:isPrimaryTopicOf,M0,M1,0,1,0.37309,0,0.61081,-1.72458,0.48363,0.52486,0.2339,1,0,1,0,2,0.5,0.70711,0,0.70711,0,0.5,0.37309,0.62691,0.62691,0.62691,0.37309,0.5,0.51586,0,0.17948,0,0.03221
dbo:Film,dbo:wikiPageLength,M0,M1,0,1,0.37309,0,0.61081,-1.72458,0.48363,0.52486,0.2339,1,0,1,0,2,0.5,0.70711,0,0.70711,0,0.5,0.37309,0.62691,0.62691,0.62691,0.37309,0.5,0.51586,0,0.17948,0,0.03221
dbo:Film,dbo:wikiPageOutDegree,M0,M1,0,1,0.37309,0,0.61081,-1.72458,0.48363,0.52486,0.2339,1,0,1,0,2,0.5,0.70711,0,0.70711,0,0.5,0.37309,0.62691,0.62691,0.62691,0.37309,0.5,0.51586,0,0.17948,0,0.03221
dbo:Film,dbp:dirección,M0,ANY,0,13,0.36074,0,0.67338,27.75722,0.5686,2.78409,0.32331,2,0,1,0,14,6.5,7.64853,-1.2,4.1833,0,17.5,0.00002,0.66778,0.66778,0.66778,0.31115,0.07143,0.19695,8.253,0.19047,2.87994,0.03628
dbo:Film,dbp:estreno,M0,ANY,0,12,0.32957,0,0.69629,38.25761,0.61335,3.95336,0.3762,2,0,1,0,13,6,7.07107,-1.2,3.89444,0,15.16667,0.00002,0.71184,0.71184,0.71184,0.26168,0.07692,0.21042,9.16815,0.20385,2.99511,0.04156
dbo:Film,dbp:títuloOriginal,M0,M1,0,6,0.32906,0,0.58419,-0.1691,0.48271,0.94178,0.23301,1,0,1,0,6,2.66667,3.31662,-0.3,2.16025,0.46291,4.66667,0.00002,0.67627,0.67627,0.67627,0.31907,0.16667,0.30528,1.81346,0.28018,1.60602,0.0785
dbo:Film,http://wikidata.dbpedia.org/property/estreno,M0,ANY,0,12,0.32648,0,0.69308,38.71937,0.61137,3.98112,0.37378,2,0,1,0,13,6,7.07107,-1.2,3.89444,0,15.16667,0.00002,0.71444,0.71444,0.71444,0.2595,0.07692,0.21089,9.24237,0.20437,3.00606,0.04177
dbo:Film,dbp:música,M0,ANY,0,22,0.31943,0,0.72053,69.45398,0.64586,4.88255,0.41713,2,0,1,0,18,9.11111,10.92398,-0.66251,6.20141,0.34464,38.45752,0.00002,0.73453,0.73453,0.73453,0.2303,0.05556,0.18155,14.28399,0.17785,3.71548,0.03163
dbo:Film,dbp:duración,M0,M1,0,44,0.31709,0,0.65222,933.26303,0.56996,15.93072,0.32485,1,0,1,0,16,13.5,18.40516,0.35189,12.92027,1.03348,166.93333,0.00002,0.69405,0.69405,0.69405,0.29951,0.0625,0.18898,10.35094,0.1842,3.19239,0.03393
dbo:Film,dbp:idioma,M0,ANY,0,10,0.2652,0,0.58837,13.21801,0.52522,2.62669,0.27586,2,0,0,0,10,4.6,5.51362,-0.84184,3.20416,0.20063,10.26667,0.00002,0.76346,0.76346,0.76346,0.21569,0.1,0.25093,7.92838,0.24259,2.78374,0.05885
dbo:Film,dbp:productora,M0,ANY,0,18,0.26465,0,0.79932,35.58347,0.75424,4.73967,0.56888,3,0,0,0,14,6.92857,8.44732,0.26587,5.01481,0.66397,25.14835,0.00002,0.83204,0.83204,0.83204,0.11753,0.07143,0.22472,13.30884,0.22111,3.62259,0.04889
dbo:Sport,dbo:wikiPageWikiLink,M0,ANY,0,606,55.17738,1,98.462,12.50888,81.63945,3.14183,6664.99958,346.8,0,62,9,153,116.84314,161.95083,3.86915,112.50995,1.82858,12658.48839,0.00222,0.14856,0.14856,0.03769,0.14856,0.00654,0.0143,102.13407,0.01276,9.32339,0.00016
dbo:Sport,owl:sameAs,M0,ANY,0,123,17.93348,0,32.25652,1.54675,26.84159,1.51985,720.47112,97.96,0,33,0,83,47.45783,56.71053,-0.67261,31.23448,0.45522,975.59271,0.00222,0.42129,0.42129,0.42129,0.13969,0.01205,0.04912,67.39088,0.04791,8.01933,0.0023
dbo:Sport,rdf:type,M1,ANY,1,12,4.25055,6,5.00133,-1.67526,2.63847,-0.22808,6.96153,7,1,7,1,6,6,7.04746,-0.53986,4.04969,0.16261,16.4,0.00222,0.32373,0.32373,0,0.32151,0.16667,0.21612,-2.57664,0.15072,-0.09057,0.02272
dbo:Sport,dbo:wikiPageExternalLink,M0,ANY,0,18,2.949,0,4.60358,3.43818,3.53893,1.72354,12.52406,13,0,4,0,17,8.52941,10.20092,-1.15649,5.76756,0.22195,33.26471,0.00222,0.33703,0.33703,0.33703,0.11752,0.05882,0.09946,8.18175,0.08267,2.62473,0.00684
dbo:Sport,dbp:wikiPageUsesTemplate,M0,ANY,0,44,2.49446,0,5.36123,20.20633,4.75084,3.74383,22.57052,19.92,0,4,0,23,13.65217,17.35812,1.16333,10.96112,1.0818,120.14625,0.00222,0.56763,0.56763,0.56763,0.04213,0.04348,0.12198,21.00689,0.11653,4.50488,0.01358
dbo:Sport,dc:subject,M0,ANY,0,8,1.38803,1,1.89175,4.55917,1.28677,1.74885,1.65577,5,0,2,1,9,4,4.76095,-1.2,2.73861,0,7.5,0.00222,0.46563,0.46563,0.21064,0.46563,0.11111,0.18246,3.34563,0.15351,1.8129,0.02356
dbo:Sport,foaf:name,M0,ANY,0,6,0.98448,0,1.46353,2.66791,1.08412,1.26065,1.17531,3.96,0,2,0,7,3,3.60555,-1.2,2.16025,0,4.66667,0.00665,0.43459,0.43459,0.43459,0.23947,0.14286,0.21442,-0.78896,0.17271,0.86162,0.02983
dbo:Sport,rdfs:label,M1,M1,0,1,0.96231,1,0.98097,21.82305,0.19067,-4.87096,0.03635,1,0,1,1,2,0.5,0.70711,0,0.70711,0,0.5,0.03769,0.96231,0.96231,0.03769,0.96231,0.5,0.68097,0,0.6538,0,0.42745
dbo:Sport,rdfs:comment,M0,M1,0,1,0.80931,1,0.89962,0.49859,0.39328,-1.58,0.15467,1,0,1,1,2,0.5,0.70711,0,0.70711,0,0.5,0.19069,0.80931,0.80931,0.19069,0.80931,0.5,0.58794,0,0.43743,0,0.19135
dbo:Sport,dbo:abstract,M0,M1,0,1,0.80931,1,0.89962,0.49859,0.39328,-1.58,0.15467,1,0,1,1,2,0.5,0.70711,0,0.70711,0,0.5,0.19069,0.80931,0.80931,0.19069,0.80931,0.5,0.58794,0,0.43743,0,0.19135
dbo:Sport,dbo:thumbnail,M0,M1,0,1,0.7694,1,0.87716,-0.35439,0.42168,-1.28343,0.17782,1,0,1,1,2,0.5,0.70711,0,0.70711,0,0.5,0.2306,0.7694,0.7694,0.2306,0.7694,0.5,0.56796,0,0.38099,0,0.14515
dbo:Sport,foaf:depiction,M0,M1,0,1,0.7694,1,0.87716,-0.35439,0.42168,-1.28343,0.17782,1,0,1,1,2,0.5,0.70711,0,0.70711,0,0.5,0.2306,0.7694,0.7694,0.2306,0.7694,0.5,0.56796,0,0.38099,0,0.14515
dbo:Sport,dbo:wikiPageID,M0,M1,0,1,0.5898,1,0.76798,-1.87411,0.49242,-0.36636,0.24247,1,0,1,0,2,0.5,0.70711,0,0.70711,0,0.5,0.4102,0.5898,0.5898,0.4102,0.5898,0.5,0.508,0,0.127,0,0.01613
dbo:Sport,dbo:wikiPageRevisionID,M0,M1,0,1,0.5898,1,0.76798,-1.87411,0.49242,-0.36636,0.24247,1,0,1,0,2,0.5,0.70711,0,0.70711,0,0.5,0.4102,0.5898,0.5898,0.4102,0.5898,0.5,0.508,0,0.127,0,0.01613
dbo:Sport,http://www.w3.org/ns/prov#wasDerivedFrom,M0,M1,0,1,0.5898,1,0.76798,-1.87411,0.49242,-0.36636,0.24247,1,0,1,0,2,0.5,0.70711,0,0.70711,0,0.5,0.4102,0.5898,0.5898,0.4102,0.5898,0.5,0.508,0,0.127,0,0.01613
dbo:Sport,foaf:isPrimaryTopicOf,M0,M1,0,1,0.5898,1,0.76798,-1.87411,0.49242,-0.36636,0.24247,1,0,1,0,2,0.5,0.70711,0,0.70711,0,0.5,0.4102,0.5898,0.5898,0.4102,0.5898,0.5,0.508,0,0.127,0,0.01613
dbo:Sport,dbo:wikiPageLength,M0,M1,0,1,0.5898,1,0.76798,-1.87411,0.49242,-0.36636,0.24247,1,0,1,0,2,0.5,0.70711,0,0.70711,0,0.5,0.4102,0.5898,0.5898,0.4102,0.5898,0.5,0.508,0,0.127,0,0.01613
dbo:Sport,dbo:wikiPageOutDegree,M0,M1,0,1,0.5898,1,0.76798,-1.87411,0.49242,-0.36636,0.24247,1,0,1,0,2,0.5,0.70711,0,0.70711,0,0.5,0.4102,0.5898,0.5898,0.4102,0.5898,0.5,0.508,0,0.127,0,0.01613
dbo:Sport,dbo:authority,M0,ANY,0,2,0.38137,0,0.66925,0.16573,0.55056,1.08232,0.30312,2,0,1,0,3,1,1.29099,0,1,0,1,0.03326,0.65188,0.65188,0.65188,0.31486,0.33333,0.41841,0,0.30973,0.2675,0.09593
dbo:Sport,dbp:nombre,M0,ANY,0,5,0.26386,0,0.62647,15.74132,0.56882,3.14675,0.32356,2,0,0,0,6,2.5,3.02765,-1.2,1.87083,0,3.5,0.00222,0.77827,0.77827,0.77827,0.1929,0.16667,0.32747,4.72523,0.30879,2.1645,0.09535
dbo:Sport,dbo:teamSize,M0,ANY,0,3,0.25942,0,0.61935,5.1895,0.56302,2.30257,0.31699,2,0,0,0,4,1.5,1.87083,-1.2,1.29099,0,1.66667,0.00665,0.79601,0.79601,0.79601,0.15521,0.25,0.40606,3.37315,0.36948,1.83107,0.13651
dbo:Sport,dbp:título,M0,ANY,0,40,0.19069,0,1.95742,388.2252,1.95027,19.10633,3.80356,2,0,0,0,7,8,15.42725,6.57289,14.24781,2.54123,203,0.00222,0.94457,0.94457,0.94457,0.02882,0.14286,0.35722,6.98452,0.35364,2.64197,0.12506
dbo:Sport,dbp:lugar,M0,ANY,0,6,0.18847,0,0.637,34.75615,0.60915,5.15052,0.37107,2,0,0,0,7,3,3.60555,-1.2,2.16025,0,4.66667,0.00222,0.86696,0.86696,0.86696,0.10643,0.14286,0.33019,6.68144,0.32154,2.57304,0.10339
dbo:Sport,foaf:homepage,M0,M1,0,1,0.18625,0,0.43157,0.61804,0.38974,1.61719,0.1519,1,0,0,0,2,0.5,0.70711,0,0.70711,0,0.5,0.18625,0.81375,0.81375,0.81375,0.18625,0.5,0.59029,0,0.44371,0,0.19687
dbo:Sport,dbp:categoría,M0,ANY,0,3,0.18404,0,0.51367,7.51782,0.4801,2.76174,0.2305,2,0,0,0,4,1.5,1.87083,-1.2,1.29099,0,1.66667,0.00222,0.85366,0.85366,0.85366,0.11086,0.25,0.43074,3.73487,0.40502,1.92535,0.16404
dbo:Sport,dbp:imagen,M0,M1,0,1,0.18404,0,0.42899,0.68007,0.38794,1.63618,0.1505,1,0,0,0,2,0.5,0.70711,0,0.70711,0,0.5,0.18404,0.81596,0.81596,0.81596,0.18404,0.5,0.59147,0,0.44684,0,0.19967
dbo:Sport,http://wikidata.dbpedia.org/property/imagen,M0,M1,0,1,0.18182,0,0.4264,0.74372,0.38612,1.65543,0.14909,1,0,0,0,2,0.5,0.70711,0,0.70711,0,0.5,0.18182,0.81818,0.81818,0.81818,0.18182,0.5,0.59265,0,0.44998,0,0.20248
dbo:Sport,dbp:autoridad,M0,ANY,0,3,0.18182,0,0.47088,6.99976,0.43485,2.52125,0.18909,1,0,0,0,4,1.5,1.87083,-1.2,1.29099,0,1.66667,0.00222,0.83592,0.83592,0.83592,0.14856,0.25,0.42456,3.38551,0.39624,1.83922,0.157
dbo:Sport,http://wikidata.dbpedia.org/property/tamañoimagen,M0,M1,0,1,0.1663,0,0.4078,1.23978,0.37276,1.79842,0.13895,1,0,0,0,2,0.5,0.70711,0,0.70711,0,0.5,0.1663,0.8337,0.8337,0.8337,0.1663,0.5,0.60113,0,0.47193,0,0.22272
dbo:Sport,dbp:tamañoimagen,M0,M1,0,1,0.1663,0,0.4078,1.23978,0.37276,1.79842,0.13895,1,0,0,0,2,0.5,0.70711,0,0.70711,0,0.5,0.1663,0.8337,0.8337,0.8337,0.1663,0.5,0.60113,0,0.47193,0,0.22272
dbo:Sport,http://dbpedia.org/property/imagen,M0,M1,0,1,0.16408,0,0.40507,1.31873,0.37076,1.82014,0.13746,1,0,0,0,2,0.5,0.70711,0,0.70711,0,0.5,0.16408,0.83592,0.83592,0.83592,0.16408,0.5,0.60236,0,0.47506,0,0.22568
dbo:Sport,dbp:otrosNombres,M0,ANY,0,6,0.15965,0,0.55715,44.84293,0.53439,5.65506,0.28557,1,0,0,0,6,2.66667,3.31662,-0.3,2.16025,0.46291,4.66667,0.00222,0.87805,0.87805,0.87805,0.10421,0.16667,0.361,5.71804,0.35079,2.3815,0.12305
dbo:Sport,http://wikidata.dbpedia.org/property/título,M0,ANY,0,40,0.15521,0,1.94035,401.07679,1.93628,19.56186,3.74919,1.96,0,0,0,7,8,15.42725,6.57289,14.24781,2.54123,203,0.00222,0.96896,0.96896,0.96896,0.01109,0.14286,0.36628,6.99788,0.36429,2.64523,0.13271
dbo:Sport,dbp:pie,M0,M1,0,2,0.15078,0,0.39397,2.88447,0.36438,2.096,0.13277,1,0,0,0,3,1,1.29099,0,1,0,1,0.00222,0.85144,0.85144,0.85144,0.14634,0.33333,0.49879,0,0.45444,1.53813,0.20652
dbo:Sport,http://dbpedia.org/property/tamañoimagen,M0,M1,0,1,0.15078,0,0.3883,1.84355,0.35823,1.95842,0.12833,1,0,0,0,2,0.5,0.70711,0,0.70711,0,0.5,0.15078,0.84922,0.84922,0.84922,0.15078,0.5,0.60988,0,0.49388,0,0.24391
dbo:Sport,http://wikidata.dbpedia.org/property/pie,M0,M1,0,2,0.14856,0,0.39114,3.00969,0.36224,2.12294,0.13121,1,0,0,0,3,1,1.29099,0,1,0,1,0.00222,0.85366,0.85366,0.85366,0.14412,0.33333,0.49984,0,0.45617,1.54539,0.20809
dbo:Sport,http://dbpedia.org/property/título,M0,ANY,0,40,0.14856,0,1.93749,403.31318,1.93393,19.64143,3.7401,1,0,0,0,7,8,15.42725,6.57289,14.24781,2.54123,203,0.00222,0.97339,0.97339,0.97339,0.00887,0.14286,0.36794,6.9989,0.36624,2.64548,0.13413
dbo:Sport,http://wikidata.dbpedia.org/property/categoría,M0,ANY,0,3,0.14191,0,0.44672,11.4889,0.42405,3.28628,0.17982,2,0,0,0,4,1.5,1.87083,-1.2,1.29099,0,1.66667,0.00222,0.8847,0.8847,0.8847,0.09091,0.25,0.44482,3.83316,0.42484,1.95297,0.18049
dbo:Sport,dbo:wikiPageRedirects,M0,M1,0,1,0.14191,0,0.37671,2.2504,0.34934,2.05923,0.12204,1,0,0,0,2,0.5,0.70711,0,0.70711,0,0.5,0.14191,0.85809,0.85809,0.85809,0.14191,0.5,0.615,0,0.50642,0,0.25646
dbo:Sport,dbp:equipo,M0,ANY,0,6,0.13525,0,0.46376,69.17078,0.4441,6.41902,0.19722,1,0,0,0,4,2.25,3.20156,2.23487,2.62996,1.44306,6.91667,0.00222,0.88248,0.88248,0.88248,0.10865,0.25,0.44459,3.71326,0.42451,1.92213,0.18021
dbo:MeanOfTransportation,dbo:wikiPageWikiLink,M0,ANY,0,604,32.09698,0,46.98483,34.31227,34.31333,4.39781,1177.40487,129,0,39,13,313,170.73482,206.88212,0.54689,117.01957,0.81219,13693.5801,0.00004,0.03209,0.03209,0.03209,0.00293,0.00319,0.00755,5.74992,0.00685,2.58632,0.00005
dbo:MeanOfTransportation,rdf:type,M1,ANY,1,9,5.0891,6,5.24304,-0.16319,1.26119,-0.94182,1.5906,7,3,6,5,9,5,5.62731,-1.2,2.73861,0,7.5,0.00004,0.48461,0.48461,0,0.00867,0.11111,0.19476,2.08974,0.16965,1.61885,0.02878
dbo:MeanOfTransportation,owl:sameAs,M0,ANY,0,98,4.4031,0,9.50909,8.56998,8.42842,2.62418,71.03823,31,0,5,0,71,36.70423,42.77158,-0.55808,22.11554,0.27626,489.09698,0.00004,0.63449,0.63449,0.63449,0.00214,0.01408,0.07639,67.42523,0.07561,8.13306,0.00572
dbo:MeanOfTransportation,dc:subject,M0,ANY,0,18,2.296,2,2.79443,4.66439,1.59291,1.43691,2.53736,6,0,3,1,19,9,10.53565,-1.2,5.62731,0,31.66667,0.00004,0.28037,0.28037,0.07039,0.27962,0.05263,0.10482,2.37731,0.09313,1.87664,0.00867
dbo:MeanOfTransportation,dbo:wikiPageExternalLink,M0,ANY,0,73,1.81174,0,3.29566,114.59657,2.75304,6.92861,7.57925,9,0,3,0,35,21.8,28.64811,1.46468,18.8583,1.34617,355.63529,0.00004,0.36757,0.36757,0.36757,0.21326,0.02857,0.07982,12.57896,0.07562,3.43923,0.00572
dbo:MeanOfTransportation,dbp:wikiPageUsesTemplate,M0,ANY,0,88,1.75888,0,3.89894,84.22971,3.47973,6.04791,12.10852,10,0,3,0,51,29.54902,37.09368,0.55082,22.64625,1.00508,512.85255,0.00004,0.63536,0.63536,0.63536,0.02706,0.01961,0.09078,47.29566,0.08952,6.77355,0.00801
dbo:MeanOfTransportation,rdfs:label,M1,M1,0,1,0.96815,1,0.98395,26.43464,0.17561,-5.33222,0.03084,1,0,1,1,2,0.5,0.70711,0,0.70711,0,0.5,0.03185,0.96815,0.96815,0.03185,0.96815,0.5,0.68496,0,0.66206,0,0.43833
dbo:MeanOfTransportation,rdfs:comment,M0,M1,0,1,0.96146,1,0.98054,20.99314,0.19249,-4.79494,0.03705,1,0,1,1,2,0.5,0.70711,0,0.70711,0,0.5,0.03854,0.96146,0.96146,0.03854,0.96146,0.5,0.6804,0,0.65261,0,0.4259
dbo:MeanOfTransportation,dbo:abstract,M1,M1,0,1,0.96146,1,0.98054,20.99314,0.19249,-4.79494,0.03705,1,0,1,1,2,0.5,0.70711,0,0.70711,0,0.5,0.03854,0.96146,0.96146,0.03854,0.96146,0.5,0.6804,0,0.65261,0,0.4259
dbo:MeanOfTransportation,dbo:thumbnail,M0,M1,0,1,0.83675,1,0.91474,1.32115,0.3696,-1.82237,0.13661,1,0,1,1,2,0.5,0.70711,0,0.70711,0,0.5,0.16325,0.83675,0.83675,0.16325,0.83675,0.5,0.60283,0,0.47624,0,0.2268
dbo:MeanOfTransportation,foaf:depiction,,,0,1,0.83675,1,0.91474,1.32115,0.3696,-1.82237,0.13661,1,0,1,1,2,0.5,0.70711,0,0.70711,0,0.5,0.16325,0.83675,0.83675,0.16325,0.83675,0.5,0.60283,0,0.47624,0,0.2268
dbo:MeanOfTransportation,foaf:name,,,0,26,0.82476,1,1.14659,124.93562,0.79653,6.40129,0.63447,2,0,1,0,16,8.1875,10.28044,2.88058,6.42099,1.33224,41.22917,0.00008,0.6115,0.6115,0.29857,0.6115,0.0625,0.17124,9.05119,0.16466,2.99683,0.02711
dbo:MeanOfTransportation,dbp:nombre,,,0,34,0.55939,0,1.43816,114.32325,1.32493,8.10082,1.75544,4,0,1,0,29,14.51724,17.22568,-0.65386,9.43633,0.34049,89.04433,0.00004,0.6388,0.6388,0.6388,0.29149,0.03448,0.13056,19.25456,0.12816,4.31396,0.01642
dbo:MeanOfTransportation,dbo:manufacturer,,,0,8,0.409,0,0.70587,6.28915,0.57532,1.61707,0.33099,2,0,1,0,8,3.625,4.4017,-0.65152,2.66927,0.29576,7.125,0.00004,0.62408,0.62408,0.62408,0.35036,0.125,0.25315,2.46929,0.23533,1.82805,0.05538
dbo:MeanOfTransportation,dbo:wikiPageID,M0,M1,0,1,0.36745,0,0.60618,-1.69775,0.48212,0.54989,0.23244,1,0,1,0,2,0.5,0.70711,0,0.70711,0,0.5,0.36745,0.63255,0.63255,0.63255,0.36745,0.5,0.51727,0,0.18745,0,0.03514
dbo:MeanOfTransportation,dbo:wikiPageRevisionID,M0,M1,0,1,0.36745,0,0.60618,-1.69775,0.48212,0.54989,0.23244,1,0,1,0,2,0.5,0.70711,0,0.70711,0,0.5,0.36745,0.63255,0.63255,0.63255,0.36745,0.5,0.51727,0,0.18745,0,0.03514
dbo:MeanOfTransportation,http://www.w3.org/ns/prov#wasDerivedFrom,M0,M1,0,1,0.36745,0,0.60618,-1.69775,0.48212,0.54989,0.23244,1,0,1,0,2,0.5,0.70711,0,0.70711,0,0.5,0.36745,0.63255,0.63255,0.63255,0.36745,0.5,0.51727,0,0.18745,0,0.03514
dbo:MeanOfTransportation,foaf:isPrimaryTopicOf,M0,M1,0,1,0.36745,0,0.60618,-1.69775,0.48212,0.54989,0.23244,1,0,1,0,2,0.5,0.70711,0,0.70711,0,0.5,0.36745,0.63255,0.63255,0.63255,0.36745,0.5,0.51727,0,0.18745,0,0.03514
dbo:MeanOfTransportation,dbo:wikiPageLength,M0,M1,0,1,0.36745,0,0.60618,-1.69775,0.48212,0.54989,0.23244,1,0,1,0,2,0.5,0.70711,0,0.70711,0,0.5,0.36745,0.63255,0.63255,0.63255,0.36745,0.5,0.51727,0,0.18745,0,0.03514
dbo:MeanOfTransportation,dbo:wikiPageOutDegree,M0,M1,0,1,0.36745,0,0.60618,-1.69775,0.48212,0.54989,0.23244,1,0,1,0,2,0.5,0.70711,0,0.70711,0,0.5,0.36745,0.63255,0.63255,0.63255,0.36745,0.5,0.51727,0,0.18745,0,0.03514
dbo:MeanOfTransportation,dbp:tipo,,,0,7,0.32975,0,0.61926,4.58769,0.52417,1.59765,0.27476,1,0,1,0,8,3.5,4.1833,-1.2,2.44949,0,6,0.00004,0.69174,0.69174,0.69174,0.29046,0.125,0.26531,4.31336,0.25017,2.13612,0.06259
dbo:MeanOfTransportation,dbo:aircraftUser,,,0,15,0.29718,0,0.94573,26.01698,0.89784,4.32433,0.80611,4,0,0,0,15,7.06667,8.34266,-1.0431,4.58984,0.09377,21.06667,0.00004,0.85218,0.85218,0.85218,0.07624,0.06667,0.22114,14.679,0.21825,3.81724,0.04763
dbo:MeanOfTransportation,dbp:imagen,,,0,6,0.28531,0,0.56922,2.21925,0.49256,1.5145,0.24261,1,0,1,0,7,3,3.60555,-1.2,2.16025,0,4.66667,0.00004,0.73289,0.73289,0.73289,0.24966,0.14286,0.29271,4.5185,0.27595,2.14316,0.07615
dbo:MeanOfTransportation,http://wikidata.dbpedia.org/property/imagen,,,0,6,0.27977,0,0.56215,2.24088,0.4876,1.52521,0.23775,1,0,1,0,7,3,3.60555,-1.2,2.16025,0,4.66667,0.00004,0.73732,0.73732,0.73732,0.24622,0.14286,0.29387,4.60385,0.27739,2.15916,0.07694
dbo:MeanOfTransportation,http://wikidata.dbpedia.org/property/nombre,,,0,34,0.26929,0,1.23867,162.23725,1.20907,10.33095,1.46185,3,0,0,0,29,14.44828,17.10918,-0.68072,9.32579,0.31354,86.97044,0.00004,0.87691,0.87691,0.87691,0.07838,0.03448,0.16354,28.47181,0.16269,5.3177,0.02647
dbo:MeanOfTransportation,dbo:length,,,0,2,0.26644,0,0.51633,-0.86946,0.44228,1.05941,0.19562,1,0,1,0,3,1,1.29099,0,1,0,1,0.00008,0.73364,0.73364,0.73364,0.26628,0.33333,0.4506,0,0.37135,0.78604,0.1379
dbo:MeanOfTransportation,dbo:MeanOfTransportation/length,,,0,2,0.26644,0,0.51633,-0.86946,0.44228,1.05941,0.19562,1,0,1,0,3,1,1.29099,0,1,0,1,0.00008,0.73364,0.73364,0.73364,0.26628,0.33333,0.4506,0,0.37135,0.78604,0.1379
dbo:MeanOfTransportation,dbp:armamento,,,0,21,0.26395,0,1.23279,59.49803,1.20423,6.65663,1.45017,5,0,0,0,22,10.5,12.26784,-1.2,6.49359,0,42.16667,0.00004,0.92637,0.92637,0.92637,0.02137,0.04545,0.19761,21.95914,0.19683,4.68422,0.03874
dbo:MeanOfTransportation,http://wikidata.dbpedia.org/property/armamento,,,0,21,0.26363,0,1.23235,59.57976,1.20384,6.66187,1.44923,5,0,0,0,22,10.5,12.26784,-1.2,6.49359,0,42.16667,0.00004,0.92649,0.92649,0.92649,0.02133,0.04545,0.19763,21.95932,0.19686,4.68424,0.03875
dbo:MeanOfTransportation,dbo:city,,,0,14,0.25334,0,0.72615,26.38642,0.68054,3.67383,0.46314,2,0,0,0,11,5.72727,7.19217,-0.21421,4.56269,0.76374,20.81818,0.00004,0.84941,0.84941,0.84941,0.0679,0.09091,0.25777,10.67265,0.25298,3.25131,0.064
dbo:MeanOfTransportation,dbo:aircraftType,,,0,6,0.25212,0,0.53729,9.74733,0.47447,2.2101,0.22512,1,0,0,0,7,3,3.60555,-1.2,2.16025,0,4.66667,0.00012,0.7594,0.7594,0.7594,0.23336,0.14286,0.30028,4.92608,0.28528,2.22059,0.08138
dbo:MeanOfTransportation,dbp:título,,,0,44,0.25061,0,1.24164,216.13069,1.21611,11.38709,1.47891,3,0,0,0,30,15.56667,18.89356,0.38245,10.89031,0.75233,118.59885,0.00004,0.89705,0.89705,0.89705,0.0599,0.03333,0.16418,29.69202,0.16351,5.43798,0.02674
dbo:MeanOfTransportation,http://wikidata.dbpedia.org/property/título,,,0,44,0.24986,0,1.2406,216.78616,1.2152,11.40897,1.47672,3,0,0,0,30,15.56667,18.89356,0.38245,10.89031,0.75233,118.59885,0.00004,0.89733,0.89733,0.89733,0.05986,0.03333,0.16423,29.69285,0.16356,5.43809,0.02675
dbo:MeanOfTransportation,http://dbpedia.org/property/imagen,,,0,6,0.23012,0,0.51472,3.54845,0.46042,1.87926,0.21199,1,0,0,0,6,2.66667,3.31662,-0.3,2.16025,0.46291,4.66667,0.00004,0.7865,0.7865,0.7865,0.1974,0.16667,0.33111,4.66411,0.31341,2.15237,0.09823
dbo:MeanOfTransportation,dbo:number,,,0,10,0.20357,0,0.70912,28.78333,0.67928,4.61763,0.46143,2,0,0,0,11,5,5.91608,-1.2,3.31662,0,11,0.00008,0.88617,0.88617,0.88617,0.058,0.09091,0.26801,10.84978,0.26443,3.28641,0.06992
dbo:MeanOfTransportation,dbo:shipDisplacement,,,0,4,0.20357,0,0.53088,7.73654,0.49031,2.6298,0.2404,2,0,0,0,5,2,2.44949,-1.2,1.58114,0,2.5,0.00083,0.832,0.832,0.832,0.13508,0.2,0.37721,4.50228,0.35758,2.11029,0.12786
dbo:MeanOfTransportation,http://dbpedia.org/property/armamento,,,0,20,0.19934,0,1.05213,66.87184,1.0331,7.09614,1.0673,4,0,0,0,20,9.7,11.43241,-1.13105,6.2078,0.10842,38.53684,0.00004,0.9471,0.9471,0.9471,0.01238,0.05,0.21183,19.98409,0.21119,4.46961,0.0446
dbo:MeanOfTransportation,dbo:shipBeam,,,0,2,0.19455,0,0.45927,2.44786,0.41604,1.87925,0.17309,1,0,0,0,3,1,1.29099,0,1,0,1,0.00819,0.81364,0.81364,0.81364,0.17817,0.33333,0.48091,0,0.42455,1.42497,0.18025
dbo:MeanOfTransportation,http://dbpedia.org/property/título,,,0,44,0.18485,0,1.0977,331.50646,1.08205,14.43214,1.17083,2,0,0,0,29,15.34483,18.77728,0.42693,11.01387,0.8124,121.30542,0.00004,0.9219,0.9219,0.9219,0.04728,0.03448,0.17144,28.82527,0.17091,5.36236,0.02921
dbo:MeanOfTransportation,http://dbpedia.org/property/nombre,,,0,34,0.18422,0,1.04406,286.44331,1.0277,13.86683,1.05616,2,0,0,0,29,14.44828,17.10918,-0.68072,9.32579,0.31354,86.97044,0.00004,0.91501,0.91501,0.91501,0.05262,0.03448,0.17022,28.77642,0.16964,5.35608,0.02878
dbo:Event,dbo:wikiPageWikiLink,M0,ANY,0,1230,48.87044,0,83.84606,28.54564,68.13195,4.05369,4641.96258,256,0,59,13,544,298.54228,364.17962,1.23159,208.75682,0.97423,43579.40889,0.00003,0.18826,0.18826,0.18826,0.0001,0.00184,0.00887,392.8696,0.00868,18.45551,0.00008
dbo:Event,rdf:type,M1,ANY,7,21,8.65833,9,8.78776,-0.99233,1.50265,0.32814,2.25795,11,7,9,7,7,11.14286,11.95229,4.26992,4.67007,1.93558,21.80952,0.00003,0.38701,0.38701,0,0,0.14286,0.21628,-1.55813,0.17539,0.80455,0.03076
dbo:Event,dbo:wikiPageExternalLink,M0,ANY,0,555,4.60836,0,21.98956,211.14163,21.50153,12.64561,462.31564,39,0,2,0,167,126.82036,171.9497,1.90232,116.46683,1.45636,13564.52175,0.00005,0.48424,0.48424,0.48424,0.1882,0.00599,0.04122,116.2106,0.04091,10.34853,0.00167
dbo:Event,owl:sameAs,M0,ANY,0,128,3.44751,0,9.00896,27.20622,8.32334,4.38719,69.27792,30,0,3,0,96,49.625,57.93729,-0.62784,30.05828,0.28673,903.5,0.00003,0.69932,0.69932,0.69932,0.0001,0.01042,0.07189,93.51554,0.0715,9.61616,0.00511
dbo:Event,dc:subject,M0,ANY,0,42,2.68702,0,3.63574,12.14006,2.44922,2.12125,5.99869,9,0,4,1,35,17.42857,20.54681,-0.70288,11.0408,0.27576,121.89916,0.00003,0.2085,0.2085,0.2085,0.12125,0.02857,0.06619,3.7573,0.06058,2.21515,0.00367
dbo:Event,dbo:combatant,,,0,124,2.18771,0,5.43577,77.25534,4.97616,6.27836,24.76222,16,0,4,0,62,34.25806,42.3918,1.57656,25.1728,1.09122,633.67002,0.00005,0.67369,0.67369,0.67369,0.00358,0.01613,0.08671,58.99051,0.08589,7.60339,0.00738
dbo:Event,dbp:wikiPageUsesTemplate,M0,ANY,0,125,2.07745,0,4.93884,61.79239,4.48072,4.98719,20.07689,15,0,3,0,61,35.36066,45.00546,1.88537,28.07195,1.32458,788.03443,0.00003,0.69712,0.69712,0.69712,0.01183,0.01639,0.08995,59.39052,0.08918,7.66101,0.00795
dbo:Event,dbp:goleslocal,,,0,282,1.30026,0,7.99887,251.47787,7.89258,12.92161,62.29281,21,0,0,0,127,77.75591,97.6362,0.53796,59.28338,0.94603,3514.51931,0.00003,0.91824,0.91824,0.91824,0.00755,0.00787,0.0815,126.92048,0.08144,11.2642,0.00663
dbo:Event,http://wikidata.dbpedia.org/property/goleslocal,,,0,282,1.2911,0,7.98467,253.07773,7.8797,12.97043,62.0896,21,0,0,0,127,77.75591,97.6362,0.53796,59.28338,0.94603,3514.51931,0.00003,0.91921,0.91921,0.91921,0.00742,0.00787,0.08158,126.92305,0.08152,11.26437,0.00665
dbo:Event,dbp:golesvisita,,,0,232,1.00951,0,6.48036,268.03489,6.40133,13.41289,40.97697,16,0,0,0,118,67.52542,83.42001,0.6609,49.19067,0.92668,2419.72157,0.00003,0.92174,0.92174,0.92174,0.01141,0.00847,0.08487,117.90968,0.08481,10.85663,0.00719
dbo:Event,http://wikidata.dbpedia.org/property/golesvisita,,,0,232,1.00319,0,6.47068,269.46427,6.39253,13.45537,40.86442,16,0,0,0,118,67.52542,83.42001,0.6609,49.19067,0.92668,2419.72157,0.00003,0.92252,0.92252,0.92252,0.01136,0.00847,0.08494,117.91183,0.08488,10.85677,0.0072
dbo:Event,dbo:commander,,,0,76,1.00269,0,2.98398,107.0993,2.81051,7.76681,7.89898,9,0,1,0,54,29.37037,35.49491,-0.62941,20.11879,0.524,404.7659,0.00003,0.7221,0.7221,0.7221,0.06473,0.01852,0.09968,51.03144,0.09886,7.06669,0.00977
dbo:Event,http://dbpedia.org/property/goleslocal,,,0,195,0.94786,0,6.638,221.51079,6.57006,12.30738,43.16572,17,0,0,0,108,63.91667,79.93661,0.07437,48.22923,0.89195,2326.05841,0.00003,0.95139,0.95139,0.95139,0.00402,0.00926,0.09155,107.98507,0.09151,10.39124,0.00837
dbo:Event,foaf:name,,,0,16,0.94606,0,1.28717,2.22892,0.87282,0.65282,0.76181,3,0,2,0,9,5.11111,6.86375,2.74326,4.85913,1.51011,23.61111,0.00003,0.36943,0.36943,0.36943,0.34634,0.11111,0.18958,-1.23264,0.16292,0.96616,0.02654
dbo:Event,dbo:team,,,0,74,0.9063,0,2.79509,106.36842,2.64412,7.7123,6.99135,8,0,0,0,52,27.75,33.42644,-0.45046,18.81684,0.54474,354.07353,0.00003,0.76893,0.76893,0.76893,0.02048,0.01923,0.10772,49.93495,0.10702,7.01242,0.01145
dbo:Event,rdfs:label,M1,M1,0,2,0.81177,1,0.90101,0.54505,0.39097,-1.59391,0.15286,1,0,1,1,3,1,1.29099,0,1,0,1,0.00003,0.81172,0.81172,0.18826,0.81172,0.33333,0.48108,0,0.42485,1.35747,0.1805
dbo:Event,rdfs:comment,M0,M1,0,1,0.8079,1,0.89883,0.44372,0.39395,-1.56323,0.1552,1,0,1,1,2,0.5,0.70711,0,0.70711,0,0.5,0.1921,0.8079,0.8079,0.1921,0.8079,0.5,0.5872,0,0.43544,0,0.18961
dbo:Event,dbo:abstract,M0,M1,0,1,0.8079,1,0.89883,0.44372,0.39395,-1.56323,0.1552,1,0,1,1,2,0.5,0.70711,0,0.70711,0,0.5,0.1921,0.8079,0.8079,0.1921,0.8079,0.5,0.5872,0,0.43544,0,0.18961
dbo:Event,dbp:fecha,,,0,123,0.7984,0,2.69757,198.11472,2.57675,8.45386,6.63962,10,0,1,0,38,22.36842,31.85824,10.82059,22.98933,2.95848,528.50925,0.00003,0.74931,0.74931,0.74931,0.15064,0.02632,0.1241,34.84461,0.1229,5.82927,0.01511
dbo:Event,http://wikidata.dbpedia.org/property/fecha,,,0,123,0.79108,0,2.68721,200.76126,2.56816,8.51804,6.59545,10,0,0,0,38,22.36842,31.85824,10.82059,22.98933,2.95848,528.50925,0.00003,0.75127,0.75127,0.75127,0.14975,0.02632,0.12438,34.89521,0.12319,5.83441,0.01518
dbo:Event,http://dbpedia.org/property/golesvisita,,,0,170,0.73988,0,5.37111,221.74151,5.31997,12.5429,28.30212,13,0,0,0,102,56.55882,68.8493,-0.01278,39.45359,0.71833,1556.58561,0.00003,0.95301,0.95301,0.95301,0.00635,0.0098,0.09437,101.98158,0.09432,10.09815,0.0089
dbo:Event,dbo:causalties,,,0,28,0.72507,0,1.98182,32.62455,1.84444,4.55657,3.40195,6,0,0,0,25,12.28,14.49828,-0.80838,7.86617,0.23569,61.87667,0.00008,0.77948,0.77948,0.77948,0.02429,0.04,0.15746,24.01022,0.15544,4.86574,0.02416
dbo:Event,dbo:city,,,0,67,0.70577,0,2.35325,130.07982,2.24495,8.78009,5.0398,7,0,1,0,42,22.78571,28.01998,0.49641,16.50504,0.88582,272.41638,0.00003,0.72886,0.72886,0.72886,0.15391,0.02381,0.11526,37.92326,0.11414,6.06616,0.01303
dbo:Event,dbp:reporte,,,0,304,0.64768,0,5.09626,585.56374,5.055,18.02441,25.55305,9,0,0,0,92,56.41304,74.12665,6.6514,48.35018,1.97757,2337.73961,0.00003,0.94961,0.94961,0.94961,0.0076,0.01087,0.09901,91.97099,0.09895,9.58943,0.00979
dbo:Event,http://wikidata.dbpedia.org/property/reporte,,,0,304,0.64449,0,5.09302,586.9297,5.05215,18.05371,25.5242,9,0,0,0,92,56.41304,74.12665,6.6514,48.35018,1.97757,2337.73961,0.00003,0.95006,0.95006,0.95006,0.0076,0.01087,0.09906,91.97144,0.099,9.58946,0.0098
dbo:Event,dbp:resultado,,,0,37,0.61806,0,1.92808,73.00062,1.82636,6.60943,3.33559,6,0,0,0,35,17.2,20.1097,-1.0854,10.57133,0.09302,111.75294,0.00003,0.75712,0.75712,0.75712,0.14429,0.02857,0.13044,32.29466,0.12914,5.61505,0.01668
dbo:Event,dbo:location,,,0,113,0.61505,0,2.14071,392.83034,2.05048,12.94381,4.20448,6,0,0,0,43,24.83721,32.55121,6.24011,21.28931,2.0374,453.23477,0.00003,0.75966,0.75966,0.75966,0.1259,0.02326,0.11775,40.20082,0.1168,6.26939,0.01364
dbo:Event,dbo:place,,,0,23,0.60881,0,1.14918,24.60839,0.97467,2.67295,0.94999,3,0,1,0,15,8.93333,11.55855,-0.31548,7.59198,0.91167,57.6381,0.00003,0.64115,0.64115,0.64115,0.16652,0.06667,0.17568,11.21755,0.16825,3.25357,0.02831
dbo:Event,dbp:local,,,0,99,0.60317,0,3.12131,186.92928,3.06252,10.82273,9.37901,8,0,0,0,63,34.25397,41.73005,0.3191,24.0255,0.79209,577.22478,0.00003,0.90515,0.90515,0.90515,0.01651,0.01587,0.1141,62.86717,0.1139,7.925,0.01297
dbo:Event,dbp:visita,,,0,101,0.59447,0,3.11612,202.113,3.05893,11.20809,9.35706,9,0,0,0,66,35.39394,42.91394,0.19292,24.4527,0.74411,597.93473,0.00003,0.90528,0.90528,0.90528,0.01836,0.01515,0.1115,65.85787,0.11131,8.11123,0.01239
dbo:Event,dbp:refe,,,0,125,0.5603,0,3.4142,238.72307,3.36796,12.48992,11.34313,9,0,0,0,73,39.78082,48.10291,0.0543,27.23113,0.65406,741.53463,0.00003,0.9278,0.9278,0.9278,0.01204,0.0137,0.10862,72.93318,0.1085,8.53825,0.01177
dbo:Event,foaf:depiction,,,0,2,0.54575,1,0.73914,-1.95027,0.49849,-0.17682,0.24849,1,0,1,0,3,1,1.29099,0,1,0,1,0.00029,0.54518,0.54518,0.45454,0.54518,0.33333,0.40981,0,0.29197,-1.54615,0.08524
dbo:Event,dbo:thumbnail,M0,M1,0,1,0.54546,1,0.73856,-1.96675,0.49794,-0.18262,0.24794,1,0,1,0,2,0.5,0.70711,0,0.70711,0,0.5,0.45454,0.54546,0.54546,0.45454,0.54546,0.5,0.50206,0,0.0643,0,0.00413
dbo:Event,http://dbpedia.org/property/fecha,,,0,123,0.53852,0,2.28687,341.57958,2.22259,11.11334,4.93992,8,0,0,0,34,21.02941,31.58229,11.19866,23.91714,3.12102,572.02941,0.00003,0.83233,0.83233,0.83233,0.10762,0.02941,0.14396,32.79339,0.14305,5.69138,0.02046
dbo:Event,dbp:comandante,,,0,66,0.52441,0,2.16528,163.68001,2.10085,9.77715,4.41356,6,0,0,0,47,24.82979,30.03863,-0.10386,17.08841,0.67127,292.01388,0.00003,0.86879,0.86879,0.86879,0.01442,0.02128,0.12702,46.5735,0.12658,6.81125,0.01602
dbo:Event,http://wikidata.dbpedia.org/property/refe,,,0,98,0.51339,0,3.14083,213.79601,3.09863,11.91294,9.60148,8,0,0,0,68,37.32353,45.12434,-0.65288,25.54916,0.52502,652.75944,0.00003,0.93138,0.93138,0.93138,0.01225,0.01471,0.11297,67.94212,0.11285,8.24105,0.01273
dbo:Event,http://dbpedia.org/property/reporte,,,0,304,0.50683,0,4.6416,760.74001,4.61391,20.33395,21.28815,6,0,0,0,83,53.78313,71.92382,8.06547,48.04395,2.18773,2308.22069,0.00003,0.96732,0.96732,0.96732,0.00483,0.01205,0.10618,82.99137,0.10614,9.10973,0.01126
dbo:Event,dbp:estadio,,,0,114,0.4985,0,2.89795,395.65745,2.85479,15.64246,8.14985,7,0,0,0,64,37.07812,46.33691,0.42887,28.01037,0.96481,784.5811,0.00003,0.89551,0.89551,0.89551,0.03526,0.01563,0.11207,63.70127,0.11186,7.97296,0.01251
dbo:Event,http://wikidata.dbpedia.org/property/resultado,,,0,37,0.48392,0,1.87565,77.09302,1.81217,6.91665,3.28397,6,0,0,0,35,17.2,20.1097,-1.0854,10.57133,0.09302,111.75294,0.00003,0.87595,0.87595,0.87595,0.03466,0.02857,0.14829,34.80578,0.14763,5.8925,0.0218
dbo:Event,dbp:ciudad,,,0,110,0.48126,0,2.62154,306.74727,2.57702,13.60669,6.64101,7,0,0,0,57,32.70175,40.64221,0.77985,24.34717,0.96198,592.78446,0.00003,0.89107,0.89107,0.89107,0.04007,0.01754,0.11819,56.68405,0.11792,7.51968,0.01391
dbo:Food,dbo:wikiPageWikiLink,M0,ANY,1,153,23.05717,9,29.81261,9.00782,18.90696,2.44297,357.47296,79.24,5,30,11,92,52.30435,62.78396,0.06637,34.91898,0.72469,1219.33493,0.00088,0.04837,0.04837,0,0.00088,0.01087,0.01706,1.38495,0.01322,1.52708,0.00017
dbo:Food,rdf:type,M1,ANY,5,6,5.03782,5,5.04143,21.58123,0.19084,4.85214,0.03642,6,5,5,5,2,5.5,5.52268,0,0.70711,0,0.5,0.03782,0.96218,0.96218,0,0,0.5,0.68089,0,0.65362,0,0.42722
dbo:Food,owl:sameAs,M0,ANY,0,101,4.88742,0,10.78082,15.91358,9.61355,3.2612,92.42041,34,0,6,0,44,27.86364,34.41657,2.34704,20.43548,1.24866,417.60888,0.00088,0.62885,0.62885,0.62885,0,0.02273,0.09571,42.91045,0.09405,6.51565,0.00885
dbo:Food,dc:subject,M0,ANY,0,11,2.23131,2,2.64675,2.12091,1.42419,0.97076,2.02831,6,0,3,1,11,5.18182,6.21582,-0.98863,3.60051,0.21269,12.96364,0.00088,0.28584,0.28584,0.07212,0.26737,0.09091,0.1397,-0.68968,0.11125,0.99632,0.01238
dbo:Food,dbo:wikiPageExternalLink,M0,ANY,0,14,1.55145,1,2.31435,12.21144,1.71808,2.67725,2.9518,6,0,2,0,12,5.91667,7.21688,-0.45474,4.31611,0.50776,18.62879,0.00264,0.31047,0.31047,0.27441,0.31047,0.08333,0.14073,-0.20218,0.11845,1.24471,0.01403
dbo:Food,dbp:wikiPageUsesTemplate,M0,ANY,0,21,1.05717,0,2.06619,18.72462,1.77603,2.97445,3.1543,6,0,2,0,14,7.14286,8.92829,1.73287,5.55888,1.09912,30.9011,0.00088,0.62885,0.62885,0.62885,0.07476,0.07143,0.17445,12.06623,0.16517,3.39552,0.02728
dbo:Food,rdfs:label,M1,M1,1,1,1,1,1,0,0,0,0,1,1,1,1,1,1,1,0,0,0,0,1,1,1,0,1,1,1,0,0,0,0
dbo:Food,rdfs:comment,M0,M1,0,1,0.99824,1,0.99912,565.99295,0.04192,-23.81171,0.00176,1,1,1,1,2,0.5,0.70711,0,0.70711,0,0.5,0.00176,0.99824,0.99824,0.00176,0.99824,0.5,0.70586,0,0.70462,0,0.49649
dbo:Food,dbo:abstract,M1,M1,0,1,0.99824,1,0.99912,565.99295,0.04192,-23.81171,0.00176,1,1,1,1,2,0.5,0.70711,0,0.70711,0,0.5,0.00176,0.99824,0.99824,0.00176,0.99824,0.5,0.70586,0,0.70462,0,0.49649
dbo:Food,dbo:thumbnail,M0,M1,0,1,0.80827,1,0.89904,0.4601,0.39384,-1.56821,0.15511,1,0,1,1,2,0.5,0.70711,0,0.70711,0,0.5,0.19173,0.80827,0.80827,0.19173,0.80827,0.5,0.58739,0,0.43596,0,0.19006
dbo:Food,foaf:depiction,,,0,1,0.80827,1,0.89904,0.4601,0.39384,-1.56821,0.15511,1,0,1,1,2,0.5,0.70711,0,0.70711,0,0.5,0.19173,0.80827,0.80827,0.19173,0.80827,0.5,0.58739,0,0.43596,0,0.19006
dbo:Food,dbo:origin,,,0,3,0.52946,0,0.93688,1.12329,0.77327,1.36614,0.59794,3,0,1,0,4,1.5,1.87083,-1.2,1.29099,0,1.66667,0.02551,0.61917,0.61917,0.61917,0.2577,0.25,0.3391,1.23546,0.26455,1.27687,0.06999
dbo:Food,foaf:name,,,0,2,0.47405,0,0.70742,-1.25045,0.52531,0.37743,0.27595,1,0,1,0,3,1,1.29099,0,1,0,1,0.01319,0.53914,0.53914,0.53914,0.44767,0.33333,0.40466,0,0.281,-1.52787,0.07896
dbo:Food,dbp:nombre,,,0,8,0.39842,0,0.72096,22.79002,0.60114,2.72148,0.36137,2,0,1,0,5,2.8,3.94968,2.6751,3.11448,1.54913,9.7,0.00088,0.6394,0.6394,0.6394,0.33245,0.2,0.32246,0.13103,0.2828,1.22002,0.07998
dbo:Food,dbo:type,,,0,4,0.39314,0,0.64771,1.14713,0.51498,0.92071,0.2652,1,0,1,0,5,2,2.44949,-1.2,1.58114,0,2.5,0.00088,0.61653,0.61653,0.61653,0.37643,0.2,0.32306,-1.116,0.28366,0.99657,0.08046
dbo:Food,dbo:wikiPageID,M0,M1,0,1,0.37115,0,0.60922,-1.71775,0.48333,0.53411,0.2336,1,0,1,0,2,0.5,0.70711,0,0.70711,0,0.5,0.37115,0.62885,0.62885,0.62885,0.37115,0.5,0.51633,0,0.18222,0,0.0332
dbo:Food,dbo:wikiPageRevisionID,M0,M1,0,1,0.37115,0,0.60922,-1.71775,0.48333,0.53411,0.2336,1,0,1,0,2,0.5,0.70711,0,0.70711,0,0.5,0.37115,0.62885,0.62885,0.62885,0.37115,0.5,0.51633,0,0.18222,0,0.0332
dbo:Food,http://www.w3.org/ns/prov#wasDerivedFrom,M0,M1,0,1,0.37115,0,0.60922,-1.71775,0.48333,0.53411,0.2336,1,0,1,0,2,0.5,0.70711,0,0.70711,0,0.5,0.37115,0.62885,0.62885,0.62885,0.37115,0.5,0.51633,0,0.18222,0,0.0332
dbo:Food,foaf:isPrimaryTopicOf,M0,M1,0,1,0.37115,0,0.60922,-1.71775,0.48333,0.53411,0.2336,1,0,1,0,2,0.5,0.70711,0,0.70711,0,0.5,0.37115,0.62885,0.62885,0.62885,0.37115,0.5,0.51633,0,0.18222,0,0.0332
dbo:Food,dbo:wikiPageLength,M0,M1,0,1,0.37115,0,0.60922,-1.71775,0.48333,0.53411,0.2336,1,0,1,0,2,0.5,0.70711,0,0.70711,0,0.5,0.37115,0.62885,0.62885,0.62885,0.37115,0.5,0.51633,0,0.18222,0,0.0332
dbo:Food,dbo:wikiPageOutDegree,M0,M1,0,1,0.37115,0,0.60922,-1.71775,0.48333,0.53411,0.2336,1,0,1,0,2,0.5,0.70711,0,0.70711,0,0.5,0.37115,0.62885,0.62885,0.62885,0.37115,0.5,0.51633,0,0.18222,0,0.0332
dbo:Food,foaf:homepage,,,0,2,0.31135,0,0.57353,-0.31818,0.48188,1.05055,0.2322,1,0,1,0,3,1,1.29099,0,1,0,1,0.0088,0.69745,0.69745,0.69745,0.29376,0.33333,0.43696,0,0.34603,0.50796,0.11974
dbo:Food,dbo:related,,,0,12,0.24978,0,0.98538,51.78056,0.95362,6.20102,0.90939,3,0,0,0,10,5.3,6.58027,-0.96734,4.11096,0.46347,16.9,0.00088,0.89446,0.89446,0.89446,0.03694,0.1,0.28341,9.92499,0.27952,3.14635,0.07813
dbo:Food,http://wikidata.dbpedia.org/property/nombre,,,0,8,0.22076,0,0.56659,46.02748,0.52204,4.52313,0.27253,2,0,0,0,5,2.8,3.94968,2.6751,3.11448,1.54913,9.7,0.00088,0.80827,0.80827,0.80827,0.17062,0.2,0.36952,4.10939,0.34739,2.02128,0.12068
dbo:Food,dbp:certificación,,,0,5,0.19525,0,0.77901,26.00439,0.75448,4.94582,0.56924,3,0,0,0,6,2.5,3.02765,-1.2,1.87083,0,3.5,0.00352,0.90237,0.90237,0.90237,0.05981,0.16667,0.3693,5.93109,0.361,2.43212,0.13032
dbo:Food,dbp:tipo,,,0,4,0.19173,0,0.49625,11.05075,0.45791,2.81926,0.20969,1,0,0,0,4,1.75,2.29129,0.34286,1.70783,0.75284,2.91667,0.00176,0.83026,0.83026,0.83026,0.15128,0.25,0.42205,3.36119,0.39264,1.83284,0.15416
dbo:Food,http://wikidata.dbpedia.org/property/certificación,,,0,5,0.18646,0,0.7561,27.63854,0.73307,5.07948,0.53739,3,0,0,0,6,2.5,3.02765,-1.2,1.87083,0,3.5,0.00264,0.90501,0.90501,0.90501,0.05981,0.16667,0.37036,5.93,0.36231,2.43186,0.13127
dbo:Food,dbp:lecheDe,,,0,3,0.1847,0,0.43586,2.64183,0.39497,1.84118,0.156,1,0,0,0,3,1.33333,1.82574,0,1.52753,0.93522,2.33333,0.00088,0.81706,0.81706,0.81706,0.18206,0.33333,0.4833,0,0.4286,1.39041,0.1837
dbo:Food,dbo:distributor,,,0,2,0.17766,0,0.42565,1.47265,0.38697,1.77982,0.14975,1,0,0,0,3,1,1.29099,0,1,0,1,0.00176,0.8241,0.8241,0.8241,0.17414,0.33333,0.4863,0,0.43367,1.42928,0.18807
dbo:Food,http://wikidata.dbpedia.org/property/foto,,,0,1,0.16271,0,0.40337,1.35148,0.36926,1.83006,0.13635,1,0,0,0,2,0.5,0.70711,0,0.70711,0,0.5,0.16271,0.83729,0.83729,0.83729,0.16271,0.5,0.60313,0,0.477,0,0.22753
dbo:Food,dbp:foto,,,0,1,0.16271,0,0.40337,1.35148,0.36926,1.83006,0.13635,1,0,0,0,2,0.5,0.70711,0,0.70711,0,0.5,0.16271,0.83729,0.83729,0.83729,0.16271,0.5,0.60313,0,0.477,0,0.22753
dbo:Food,http://dbpedia.org/property/certificación,,,0,5,0.16007,0,0.69297,33.12138,0.67453,5.52004,0.45499,3,0,0,0,6,2.5,3.02765,-1.2,1.87083,0,3.5,0.00264,0.91645,0.91645,0.91645,0.05365,0.16667,0.37484,5.94484,0.36779,2.43555,0.13527
dbo:Food,http://wikidata.dbpedia.org/property/lecheDe,,,0,1,0.15831,0,0.39788,1.51669,0.36519,1.87457,0.13337,1,0,0,0,2,0.5,0.70711,0,0.70711,0,0.5,0.15831,0.84169,0.84169,0.84169,0.15831,0.5,0.6056,0,0.48322,0,0.2335
dbo:Food,dbp:introducido,,,0,9,0.15567,0,0.52131,120.33232,0.49775,8.31844,0.24775,1,0,0,0,6,3.66667,4.89898,-1.13767,3.55903,0.76899,12.66667,0.00088,0.8628,0.8628,0.8628,0.13105,0.16667,0.35628,5.50784,0.34495,2.33373,0.11899
dbo:Food,http://wikidata.dbpedia.org/property/introducido,,,0,9,0.15567,0,0.52131,120.33232,0.49775,8.31844,0.24775,1,0,0,0,6,3.66667,4.89898,-1.13767,3.55903,0.76899,12.66667,0.00088,0.8628,0.8628,0.8628,0.13105,0.16667,0.35628,5.50784,0.34495,2.33373,0.11899
dbo:Food,http://wikidata.dbpedia.org/property/país,,,0,2,0.14776,0,0.38894,2.81891,0.35994,2.10078,0.12956,1,0,0,0,3,1,1.29099,0,1,0,1,0.00176,0.854,0.854,0.854,0.14424,0.33333,0.50004,0,0.45651,1.54417,0.2084
dbo:Food,dbp:país,,,0,2,0.14776,0,0.38894,2.81891,0.35994,2.10078,0.12956,1,0,0,0,3,1,1.29099,0,1,0,1,0.00176,0.854,0.854,0.854,0.14424,0.33333,0.50004,0,0.45651,1.54417,0.2084
dbo:Food,http://wikidata.dbpedia.org/property/añejamiento,,,0,5,0.14248,0,0.41307,27.17749,0.38789,3.83277,0.15046,1,0,0,0,4,2.25,2.95804,-1.69951,2.21736,0.48156,4.91667,0.00088,0.86456,0.86456,0.86456,0.13281,0.25,0.43735,3.51443,0.41437,1.87161,0.1717
dbo:Food,dbp:región,,,0,8,0.14248,0,0.46514,90.75022,0.44298,6.66934,0.19623,1,0,0,0,5,2.8,3.94968,2.6751,3.11448,1.54913,9.7,0.00088,0.87511,0.87511,0.87511,0.11346,0.2,0.39466,4.67145,0.38039,2.15268,0.1447
dbo:Food,http://dbpedia.org/property/nombre,,,0,2,0.14248,0,0.37979,2.67532,0.3522,2.10875,0.12405,1,0,0,0,3,1,1.29099,0,1,0,1,0.00088,0.8584,0.8584,0.8584,0.14072,0.33333,0.50221,0,0.46006,1.55376,0.21166